method,seed,n,task_success,ci95_task_success,mechanical_violation_rate,ci95_mechanical_violation_rate,damage_unsafe_rate,ci95_damage_unsafe_rate,abstraction_failure_accuracy,ci95_abstraction_failure_accuracy,mechanics_retention_recall,ci95_mechanics_retention_recall,early_warning_recall,ci95_early_warning_recall,false_refinement_alarm_rate,ci95_false_refinement_alarm_rate,planning_cost,ci95_planning_cost,planning_regret_to_oracle,ci95_planning_regret_to_oracle,robust_utility,ci95_robust_utility,intervention_rate,ci95_intervention_rate,deployment_coverage,ci95_deployment_coverage,damage_budget
llm_tamp_failure_reasoning,0,48,0.513424,0.024873,0.212031,0.019166,0.173091,0.012905,0.406250,0.052293,0.788194,0.098587,0.368056,0.041218,0.048611,0.037618,0.352079,0.016921,0.172580,0.036240,0.105447,0.035047,0.836806,0.069793,0.000000,0.000000,0.000000
llm_tamp_failure_reasoning,1,48,0.535398,0.026947,0.220906,0.023987,0.181957,0.017241,0.333333,0.055874,0.791667,0.105431,0.340278,0.074683,0.031250,0.031751,0.352565,0.022457,0.150976,0.043422,0.126519,0.042443,0.822917,0.089887,0.000000,0.000000,0.000000
llm_tamp_failure_reasoning,2,48,0.523950,0.023205,0.197156,0.019604,0.158703,0.013206,0.322917,0.055369,0.819444,0.098151,0.350694,0.065420,0.055556,0.049912,0.360892,0.017664,0.149527,0.032786,0.131259,0.033233,0.875000,0.068431,0.000000,0.000000,0.000000
llm_tamp_failure_reasoning,3,48,0.530207,0.026383,0.213414,0.020073,0.176322,0.015342,0.378472,0.043213,0.784722,0.099170,0.319444,0.054877,0.052083,0.046804,0.356219,0.019088,0.156810,0.038738,0.123197,0.038737,0.836806,0.073103,0.000000,0.000000,0.000000
llm_tamp_failure_reasoning,4,48,0.517644,0.027466,0.198995,0.019224,0.162812,0.013970,0.371528,0.058552,0.802083,0.099026,0.402778,0.070698,0.069444,0.054877,0.360245,0.016779,0.159749,0.035499,0.119533,0.037350,0.871528,0.060927,0.000000,0.000000,0.000000
llm_tamp_failure_reasoning,5,48,0.527292,0.020605,0.195819,0.016649,0.160567,0.012461,0.420139,0.051457,0.815972,0.096893,0.444444,0.066917,0.062500,0.050187,0.364826,0.015347,0.145591,0.029419,0.134048,0.029058,0.878472,0.059752,0.000000,0.000000,0.000000
llm_tamp_failure_reasoning,6,48,0.507315,0.023870,0.191197,0.018178,0.158924,0.013937,0.375000,0.061129,0.809028,0.098707,0.486111,0.082435,0.059028,0.050996,0.357358,0.016424,0.167759,0.033476,0.111071,0.033708,0.868056,0.067357,0.000000,0.000000,0.000000
llm_tamp_failure_reasoning,7,48,0.510051,0.023895,0.206809,0.020784,0.168109,0.014688,0.364583,0.045263,0.788194,0.100957,0.402778,0.058223,0.052083,0.041444,0.353785,0.018303,0.171624,0.035522,0.107140,0.034339,0.840278,0.072105,0.000000,0.000000,0.000000
llm_tamp_failure_reasoning,8,48,0.509146,0.025628,0.201206,0.020473,0.164014,0.014619,0.343750,0.049981,0.802083,0.098547,0.395833,0.050187,0.055556,0.046983,0.357819,0.016570,0.168953,0.035180,0.108240,0.033780,0.857639,0.068077,0.000000,0.000000,0.000000
llm_tamp_failure_reasoning,9,48,0.521485,0.028215,0.227272,0.024486,0.185079,0.017737,0.322917,0.052744,0.784722,0.101060,0.270833,0.072541,0.020833,0.025035,0.344062,0.022090,0.173519,0.044173,0.104404,0.043689,0.805556,0.090373,0.000000,0.000000,0.000000
runtime_monitor_replanner,0,48,0.358901,0.025184,0.268055,0.031115,0.211331,0.025900,0.194444,0.035516,0.326389,0.085878,0.434028,0.073907,0.017361,0.022264,0.265417,0.019890,0.336136,0.048480,-0.069371,0.051969,0.753472,0.074703,0.000000,0.000000,0.000000
runtime_monitor_replanner,1,48,0.335311,0.022458,0.236927,0.021827,0.183605,0.016245,0.211806,0.046381,0.371528,0.073587,0.479167,0.062752,0.020833,0.018518,0.267712,0.014457,0.341838,0.035759,-0.075075,0.038985,0.805556,0.053569,0.000000,0.000000,0.000000
runtime_monitor_replanner,2,48,0.348629,0.016968,0.276521,0.019257,0.210214,0.015947,0.204861,0.053486,0.250000,0.070138,0.413194,0.059155,0.013889,0.021383,0.251236,0.012915,0.348788,0.027805,-0.078626,0.031875,0.753472,0.047639,0.000000,0.000000,0.000000
runtime_monitor_replanner,3,48,0.315731,0.020792,0.268699,0.020160,0.207226,0.016214,0.184028,0.046888,0.253472,0.077805,0.475694,0.051457,0.013889,0.013170,0.242917,0.015497,0.383402,0.035336,-0.115508,0.038172,0.753472,0.047639,0.000000,0.000000,0.000000
runtime_monitor_replanner,4,48,0.349290,0.019769,0.244034,0.018274,0.189120,0.015044,0.197917,0.056427,0.371528,0.072941,0.520833,0.056400,0.024306,0.019427,0.270486,0.013102,0.331813,0.030748,-0.063687,0.034185,0.788194,0.045350,0.000000,0.000000,0.000000
runtime_monitor_replanner,5,48,0.326201,0.021024,0.290704,0.022999,0.225883,0.019222,0.256944,0.048591,0.298611,0.063749,0.371528,0.041539,0.017361,0.017506,0.246684,0.011667,0.394013,0.033921,-0.125318,0.038371,0.673611,0.056679,0.000000,0.000000,0.000000
runtime_monitor_replanner,6,48,0.342809,0.024701,0.271964,0.022708,0.214027,0.019670,0.184028,0.053486,0.326389,0.076560,0.416667,0.053273,0.017361,0.017506,0.257194,0.016500,0.360027,0.040417,-0.092884,0.045169,0.718750,0.059288,0.000000,0.000000,0.000000
runtime_monitor_replanner,7,48,0.334599,0.023902,0.281282,0.025484,0.220271,0.023045,0.194444,0.046983,0.298611,0.072105,0.361111,0.068316,0.017361,0.014556,0.250431,0.015665,0.376505,0.043491,-0.108154,0.047716,0.701389,0.068747,0.000000,0.000000,0.000000
runtime_monitor_replanner,8,48,0.365774,0.020712,0.244948,0.020940,0.193089,0.016947,0.218750,0.042570,0.399306,0.080052,0.548611,0.052340,0.020833,0.020917,0.277507,0.014825,0.313955,0.034202,-0.047706,0.037976,0.781250,0.050686,0.000000,0.000000,0.000000
runtime_monitor_replanner,9,48,0.327112,0.023858,0.261886,0.027580,0.204044,0.022361,0.236111,0.045448,0.322917,0.073049,0.423611,0.067357,0.024306,0.023804,0.255767,0.015371,0.369518,0.038484,-0.103282,0.041901,0.746528,0.066673,0.000000,0.000000,0.000000
grounded_geometric_tamp,0,48,0.556094,0.028574,0.210800,0.020299,0.173224,0.014363,0.333333,0.059163,0.798611,0.099646,0.315972,0.058552,0.045139,0.037342,0.365430,0.019487,0.152398,0.035664,0.150628,0.038832,0.843750,0.073694,0.000000,0.000000,0.000000
grounded_geometric_tamp,1,48,0.584127,0.028742,0.226695,0.018677,0.186116,0.013782,0.284722,0.048591,0.777778,0.100767,0.295139,0.055226,0.045139,0.036053,0.357808,0.019061,0.140502,0.038016,0.168361,0.040554,0.822917,0.075595,0.000000,0.000000,0.000000
grounded_geometric_tamp,2,48,0.578508,0.021684,0.214616,0.017531,0.171603,0.010926,0.267361,0.052142,0.802083,0.095128,0.406250,0.077754,0.038194,0.031124,0.369837,0.017706,0.136500,0.029974,0.175146,0.030234,0.840278,0.070781,0.000000,0.000000,0.000000
grounded_geometric_tamp,3,48,0.574020,0.025776,0.208974,0.018375,0.173338,0.013449,0.312500,0.049236,0.805556,0.098871,0.350694,0.060927,0.052083,0.043667,0.369875,0.017917,0.136537,0.033900,0.170998,0.036352,0.857639,0.069453,0.000000,0.000000,0.000000
grounded_geometric_tamp,4,48,0.545898,0.028758,0.217125,0.023416,0.176362,0.016475,0.270833,0.050187,0.770833,0.105487,0.253472,0.056705,0.055556,0.044924,0.363555,0.020309,0.165277,0.040362,0.136959,0.042980,0.826389,0.078391,0.000000,0.000000,0.000000
grounded_geometric_tamp,5,48,0.569579,0.031179,0.220232,0.021537,0.179678,0.015267,0.284722,0.052340,0.791667,0.101779,0.277778,0.043859,0.034722,0.027439,0.361319,0.020971,0.146604,0.041062,0.159889,0.044539,0.826389,0.081352,0.000000,0.000000,0.000000
grounded_geometric_tamp,6,48,0.580370,0.029107,0.217249,0.019796,0.179260,0.014588,0.256944,0.053236,0.798611,0.100119,0.361111,0.066206,0.041667,0.040688,0.364483,0.020268,0.135183,0.037471,0.172215,0.041600,0.840278,0.078992,0.000000,0.000000,0.000000
grounded_geometric_tamp,7,48,0.566112,0.024476,0.212321,0.018499,0.173242,0.013156,0.222222,0.040494,0.798611,0.099646,0.357639,0.050530,0.048611,0.040054,0.368210,0.018454,0.142169,0.033817,0.162750,0.035518,0.847222,0.072023,0.000000,0.000000,0.000000
grounded_geometric_tamp,8,48,0.573942,0.029240,0.219602,0.020929,0.179953,0.014555,0.246528,0.055012,0.788194,0.100016,0.350694,0.067554,0.048611,0.043452,0.364233,0.019434,0.141553,0.038880,0.164029,0.042442,0.836806,0.075019,0.000000,0.000000,0.000000
grounded_geometric_tamp,9,48,0.556498,0.027834,0.223435,0.020971,0.183528,0.015645,0.274306,0.049106,0.763889,0.104228,0.239583,0.059883,0.055556,0.042766,0.358619,0.018705,0.161773,0.039085,0.141645,0.041024,0.819444,0.075861,0.000000,0.000000,0.000000
physics_aware_tamp,0,48,0.629020,0.026721,0.177134,0.016828,0.145847,0.011892,0.312500,0.055555,0.861111,0.093966,0.281250,0.060080,0.052083,0.042570,0.414825,0.017115,0.087192,0.029241,0.247046,0.037264,0.913194,0.057533,0.000000,0.000000,0.000000
physics_aware_tamp,1,48,0.634077,0.026352,0.168223,0.014217,0.140487,0.010585,0.399306,0.047390,0.868056,0.094280,0.312500,0.067122,0.062500,0.051121,0.420124,0.015849,0.077700,0.026047,0.258072,0.034706,0.930556,0.051314,0.000000,0.000000,0.000000
physics_aware_tamp,2,48,0.652721,0.027694,0.173082,0.017692,0.139446,0.011705,0.319444,0.051314,0.871528,0.094421,0.246528,0.051457,0.045139,0.038588,0.417381,0.018451,0.069075,0.030537,0.276632,0.038191,0.916667,0.063034,0.000000,0.000000,0.000000
physics_aware_tamp,3,48,0.615028,0.026789,0.169129,0.018190,0.140618,0.013342,0.378472,0.051227,0.871528,0.094421,0.329861,0.049106,0.041667,0.037037,0.418874,0.018642,0.093928,0.030859,0.238094,0.037582,0.913194,0.065960,0.000000,0.000000,0.000000
physics_aware_tamp,4,48,0.612878,0.026997,0.166788,0.016271,0.136216,0.011875,0.302083,0.051150,0.857639,0.094295,0.267361,0.065057,0.052083,0.041444,0.411320,0.016235,0.107051,0.029145,0.232811,0.034788,0.909722,0.057508,0.000000,0.000000,0.000000
physics_aware_tamp,5,48,0.621896,0.024231,0.169705,0.014751,0.139552,0.010920,0.340278,0.059130,0.857639,0.093792,0.347222,0.075235,0.059028,0.047140,0.418433,0.015242,0.091047,0.025999,0.244748,0.032491,0.916667,0.052378,0.000000,0.000000,0.000000
physics_aware_tamp,6,48,0.641810,0.031576,0.182838,0.020920,0.150315,0.014850,0.340278,0.070781,0.861111,0.093966,0.291667,0.060350,0.027778,0.035516,0.408578,0.022170,0.084181,0.036510,0.255934,0.044830,0.888889,0.078617,0.000000,0.000000,0.000000
physics_aware_tamp,7,48,0.648159,0.027595,0.174162,0.017149,0.141951,0.011619,0.329861,0.052818,0.861111,0.094468,0.364583,0.075751,0.055556,0.049912,0.416371,0.018119,0.072378,0.029477,0.270065,0.037465,0.916667,0.059957,0.000000,0.000000,0.000000
physics_aware_tamp,8,48,0.641339,0.024793,0.172619,0.016698,0.142467,0.012327,0.305556,0.051772,0.854167,0.093608,0.232639,0.065057,0.062500,0.054697,0.419685,0.016594,0.079875,0.028498,0.261543,0.035518,0.916667,0.055021,0.000000,0.000000,0.000000
physics_aware_tamp,9,48,0.642439,0.025424,0.171194,0.017202,0.140604,0.011554,0.347222,0.064395,0.871528,0.094421,0.270833,0.044172,0.045139,0.036053,0.420668,0.017479,0.075097,0.029469,0.265232,0.035280,0.916667,0.061515,0.000000,0.000000,0.000000
semantic_model_predictive_planner,0,48,0.510215,0.023976,0.218499,0.020099,0.178842,0.014373,0.368056,0.052340,0.774306,0.103159,0.336806,0.050996,0.062500,0.048266,0.370806,0.017515,0.178433,0.038542,0.092314,0.037328,0.836806,0.071135,0.000000,0.000000,0.000000
semantic_model_predictive_planner,1,48,0.514227,0.024357,0.217331,0.023858,0.179272,0.017451,0.375000,0.051005,0.774306,0.107646,0.298611,0.055838,0.059028,0.046125,0.369350,0.019134,0.176490,0.041499,0.094806,0.039417,0.833333,0.079017,0.000000,0.000000,0.000000
semantic_model_predictive_planner,2,48,0.525370,0.023362,0.213678,0.021360,0.172649,0.015734,0.368056,0.056679,0.788194,0.099542,0.309028,0.072126,0.062500,0.058053,0.378883,0.018860,0.158984,0.036416,0.115498,0.036451,0.850694,0.072290,0.000000,0.000000,0.000000
semantic_model_predictive_planner,3,48,0.531016,0.026677,0.233140,0.023179,0.190783,0.017200,0.371528,0.056076,0.767361,0.105986,0.236111,0.043316,0.041667,0.040688,0.364840,0.021428,0.167187,0.045567,0.105198,0.043246,0.809028,0.087532,0.000000,0.000000,0.000000
semantic_model_predictive_planner,4,48,0.519467,0.020296,0.211422,0.016854,0.171520,0.011993,0.402778,0.061387,0.805556,0.096450,0.430556,0.063656,0.048611,0.037618,0.374135,0.017559,0.163566,0.031823,0.108711,0.029680,0.854167,0.065698,0.000000,0.000000,0.000000
semantic_model_predictive_planner,5,48,0.515390,0.024946,0.227763,0.022943,0.183002,0.016055,0.336806,0.062650,0.774306,0.101774,0.284722,0.063749,0.034722,0.032198,0.365808,0.020684,0.179169,0.040495,0.093720,0.038471,0.809028,0.083663,0.000000,0.000000,0.000000
semantic_model_predictive_planner,6,48,0.528154,0.022276,0.229705,0.020410,0.187608,0.014323,0.409722,0.052340,0.774306,0.101308,0.312500,0.058863,0.038194,0.031124,0.367631,0.019780,0.166064,0.039039,0.105442,0.035758,0.812500,0.079984,0.000000,0.000000,0.000000
semantic_model_predictive_planner,7,48,0.517064,0.023021,0.216794,0.019228,0.175459,0.013477,0.385417,0.060080,0.791667,0.099428,0.326389,0.056679,0.045139,0.034716,0.372722,0.017548,0.169929,0.036104,0.102616,0.034511,0.836806,0.072453,0.000000,0.000000,0.000000
semantic_model_predictive_planner,8,48,0.525975,0.021923,0.219909,0.018861,0.180333,0.014206,0.340278,0.059130,0.784722,0.098211,0.322917,0.050918,0.062500,0.052038,0.373499,0.016700,0.162269,0.034631,0.108386,0.033811,0.847222,0.065848,0.000000,0.000000,0.000000
semantic_model_predictive_planner,9,48,0.506691,0.022983,0.213879,0.019358,0.175494,0.014582,0.378472,0.060538,0.781250,0.099264,0.381944,0.051429,0.052083,0.044737,0.376550,0.018031,0.178043,0.036884,0.092302,0.035299,0.833333,0.072133,0.000000,0.000000,0.000000
learned_failure_classifier_tamp,0,48,0.385163,0.032287,0.326363,0.030554,0.262503,0.024064,0.416667,0.058358,0.506944,0.096266,0.250000,0.049595,0.006944,0.013611,0.291978,0.024528,0.390859,0.054855,-0.124094,0.055828,0.513889,0.094217,0.000000,0.000000,0.000000
learned_failure_classifier_tamp,1,48,0.404055,0.034526,0.315310,0.033297,0.257389,0.028308,0.413194,0.052369,0.534722,0.107413,0.281250,0.063896,0.017361,0.022264,0.300249,0.026266,0.362014,0.060652,-0.095250,0.061521,0.552083,0.102546,0.000000,0.000000,0.000000
learned_failure_classifier_tamp,2,48,0.399170,0.033347,0.336204,0.031773,0.267191,0.026976,0.468750,0.058079,0.496528,0.097501,0.267361,0.069962,0.010417,0.011534,0.291915,0.025881,0.382638,0.057034,-0.112477,0.059888,0.506944,0.093777,0.000000,0.000000,0.000000
learned_failure_classifier_tamp,3,48,0.390200,0.028331,0.280383,0.027664,0.228677,0.022725,0.468750,0.052967,0.600694,0.094170,0.409722,0.077175,0.024306,0.021726,0.311605,0.021786,0.355004,0.045362,-0.087110,0.046430,0.625000,0.083386,0.000000,0.000000,0.000000
learned_failure_classifier_tamp,4,48,0.392679,0.026619,0.312697,0.025315,0.250852,0.021188,0.413194,0.058350,0.531250,0.085158,0.336806,0.057943,0.024306,0.030741,0.300824,0.021276,0.372937,0.042476,-0.104811,0.045310,0.555556,0.078013,0.000000,0.000000,0.000000
learned_failure_classifier_tamp,5,48,0.403167,0.028239,0.289703,0.027258,0.232097,0.022255,0.472222,0.061000,0.593750,0.093244,0.427083,0.067320,0.024306,0.025714,0.313725,0.022724,0.343265,0.046867,-0.074569,0.048946,0.618056,0.083646,0.000000,0.000000,0.000000
learned_failure_classifier_tamp,6,48,0.420237,0.025084,0.295502,0.023871,0.238225,0.019281,0.458333,0.059562,0.597222,0.087986,0.416667,0.059163,0.013889,0.013170,0.314100,0.022297,0.326741,0.041360,-0.059599,0.042101,0.611111,0.080988,0.000000,0.000000,0.000000
learned_failure_classifier_tamp,7,48,0.395836,0.022299,0.295986,0.026790,0.237280,0.021493,0.465278,0.054118,0.586806,0.089138,0.444444,0.069687,0.010417,0.011534,0.310341,0.021203,0.354539,0.039301,-0.086187,0.039981,0.597222,0.084139,0.000000,0.000000,0.000000
learned_failure_classifier_tamp,8,48,0.417411,0.020559,0.279177,0.023022,0.226574,0.018520,0.489583,0.054508,0.628472,0.084926,0.486111,0.054877,0.017361,0.020027,0.328615,0.021319,0.315245,0.036491,-0.048996,0.037203,0.645833,0.076353,0.000000,0.000000,0.000000
learned_failure_classifier_tamp,9,48,0.419245,0.024336,0.270331,0.021731,0.219111,0.018239,0.388889,0.058628,0.645833,0.087334,0.454861,0.054796,0.024306,0.021726,0.327719,0.020813,0.309185,0.037109,-0.042949,0.037424,0.670139,0.074386,0.000000,0.000000,0.000000
proposed_abstraction_failure_audit_v4,0,48,0.510879,0.009471,0.205376,0.005943,0.170485,0.006688,0.493056,0.056679,0.871528,0.094421,0.385417,0.068883,0.045139,0.038588,0.351826,0.008950,0.147187,0.007821,0.119578,0.010400,1.000000,0.000000,0.000000,0.000000,0.000000
proposed_abstraction_failure_audit_v4,1,48,0.497027,0.015049,0.198958,0.008257,0.166972,0.009012,0.479167,0.052038,0.871528,0.094421,0.472222,0.079811,0.055556,0.042766,0.349153,0.008674,0.160330,0.011361,0.106433,0.015467,1.000000,0.000000,0.000000,0.000000,0.000000
proposed_abstraction_failure_audit_v4,2,48,0.496643,0.010018,0.196588,0.004244,0.160657,0.005945,0.510417,0.069055,0.864583,0.094128,0.395833,0.061226,0.069444,0.056575,0.355481,0.007719,0.158347,0.008374,0.111814,0.013174,1.000000,0.000000,0.000000,0.000000,0.000000
proposed_abstraction_failure_audit_v4,3,48,0.505618,0.010777,0.203641,0.006369,0.169414,0.007195,0.472222,0.059429,0.861111,0.093966,0.399306,0.063587,0.059028,0.050060,0.349456,0.008589,0.153303,0.009857,0.114591,0.011555,1.000000,0.000000,0.000000,0.000000,0.000000
proposed_abstraction_failure_audit_v4,4,48,0.485401,0.015585,0.197353,0.007809,0.162079,0.007416,0.486111,0.054008,0.868056,0.094280,0.357639,0.070131,0.055556,0.044924,0.344901,0.008540,0.173744,0.013647,0.094382,0.015736,1.000000,0.000000,0.000000,0.000000,0.000000
proposed_abstraction_failure_audit_v4,5,48,0.482911,0.015525,0.187388,0.006748,0.154485,0.006767,0.506944,0.068747,0.871528,0.094421,0.451389,0.048591,0.055556,0.045965,0.360217,0.008132,0.167823,0.014029,0.100872,0.016878,1.000000,0.000000,0.000000,0.000000,0.000000
proposed_abstraction_failure_audit_v4,6,48,0.498240,0.012704,0.194894,0.008091,0.162556,0.007221,0.545139,0.053926,0.868056,0.094280,0.420139,0.062271,0.069444,0.058223,0.360106,0.009141,0.154393,0.009875,0.112750,0.013579,1.000000,0.000000,0.000000,0.000000,0.000000
proposed_abstraction_failure_audit_v4,7,48,0.481794,0.013575,0.185937,0.005364,0.153464,0.006227,0.503472,0.061121,0.871528,0.094421,0.555556,0.071694,0.062500,0.053826,0.364326,0.009170,0.167078,0.012598,0.101273,0.015513,1.000000,0.000000,0.000000,0.000000,0.000000
proposed_abstraction_failure_audit_v4,8,48,0.502667,0.012360,0.203651,0.007677,0.168301,0.007555,0.437500,0.055555,0.868056,0.094280,0.343750,0.071080,0.069444,0.054008,0.347054,0.008307,0.156139,0.010557,0.110110,0.013194,1.000000,0.000000,0.000000,0.000000,0.000000
proposed_abstraction_failure_audit_v4,9,48,0.483542,0.017750,0.190715,0.007136,0.158725,0.007196,0.500000,0.057542,0.875000,0.094551,0.479167,0.065698,0.062500,0.052038,0.354894,0.008124,0.169146,0.014710,0.097090,0.018215,1.000000,0.000000,0.000000,0.000000,0.000000
risk_bounded_abstraction_failure_audit_v5,0,48,0.239791,0.019798,0.478530,0.018871,0.375600,0.016872,0.555556,0.055306,0.125000,0.038293,0.180556,0.042210,0.003472,0.006806,0.226313,0.009396,0.672505,0.033785,-0.405740,0.038399,0.128472,0.037970,0.000000,0.000000,0.000000
risk_bounded_abstraction_failure_audit_v5,1,48,0.229355,0.019215,0.498850,0.016808,0.392519,0.016113,0.545139,0.051227,0.072917,0.032121,0.197917,0.048296,0.000000,0.000000,0.213606,0.008609,0.699069,0.033046,-0.432306,0.037522,0.072917,0.032121,0.000000,0.000000,0.000000
risk_bounded_abstraction_failure_audit_v5,2,48,0.247988,0.018736,0.481654,0.016451,0.369686,0.015973,0.600694,0.056496,0.121528,0.039794,0.222222,0.056991,0.000000,0.000000,0.225791,0.009880,0.662538,0.032183,-0.392377,0.036219,0.121528,0.039794,0.000000,0.000000,0.000000
risk_bounded_abstraction_failure_audit_v5,3,48,0.240115,0.021283,0.456796,0.025345,0.359636,0.021565,0.524306,0.070131,0.156250,0.052744,0.281250,0.046804,0.010417,0.020417,0.234633,0.013346,0.658538,0.035514,-0.390644,0.039446,0.166667,0.054154,0.000000,0.000000,0.000000
risk_bounded_abstraction_failure_audit_v5,4,48,0.234888,0.017494,0.494218,0.015891,0.384648,0.014445,0.524306,0.072779,0.079861,0.029162,0.211806,0.053042,0.003472,0.006806,0.217666,0.007861,0.688251,0.030200,-0.420125,0.034081,0.083333,0.029179,0.000000,0.000000,0.000000
risk_bounded_abstraction_failure_audit_v5,5,48,0.235321,0.017841,0.476407,0.016046,0.368638,0.015446,0.472222,0.066917,0.121528,0.036053,0.256944,0.047608,0.003472,0.006806,0.225086,0.009203,0.674646,0.028821,-0.405951,0.033081,0.125000,0.035737,0.000000,0.000000,0.000000
risk_bounded_abstraction_failure_audit_v5,6,48,0.254585,0.020170,0.452819,0.015498,0.356133,0.015132,0.552083,0.057670,0.180556,0.043316,0.326389,0.065937,0.003472,0.006806,0.236698,0.010521,0.636855,0.032392,-0.369712,0.036170,0.184028,0.042663,0.000000,0.000000,0.000000
risk_bounded_abstraction_failure_audit_v5,7,48,0.249994,0.015880,0.466192,0.016278,0.363273,0.015627,0.552083,0.061635,0.142361,0.036379,0.326389,0.052340,0.003472,0.006806,0.232486,0.009255,0.650450,0.026876,-0.382098,0.031355,0.145833,0.035902,0.000000,0.000000,0.000000
risk_bounded_abstraction_failure_audit_v5,8,48,0.229640,0.016879,0.497213,0.014185,0.388509,0.015041,0.541667,0.062658,0.079861,0.030741,0.229167,0.038447,0.000000,0.000000,0.215606,0.007937,0.695274,0.029302,-0.429025,0.033528,0.079861,0.030741,0.000000,0.000000,0.000000
risk_bounded_abstraction_failure_audit_v5,9,48,0.248085,0.021908,0.464820,0.027776,0.363395,0.022259,0.552083,0.056844,0.149306,0.059354,0.302083,0.062776,0.010417,0.020417,0.235814,0.016302,0.650932,0.043617,-0.384696,0.045789,0.159722,0.060709,0.000000,0.000000,0.000000
llm_tamp_failure_reasoning,0,48,0.497778,0.023932,0.206338,0.019819,0.168397,0.013267,0.406250,0.052293,0.788194,0.098587,0.368056,0.041218,0.048611,0.037618,0.353144,0.016841,0.183944,0.035117,0.092703,0.034042,0.836806,0.069793,0.000000,0.000000,0.020000
llm_tamp_failure_reasoning,1,48,0.525433,0.026646,0.217438,0.024578,0.179078,0.017711,0.333333,0.055874,0.791667,0.105431,0.340278,0.074683,0.031250,0.031751,0.352948,0.022273,0.158667,0.042656,0.117978,0.041603,0.822917,0.089887,0.000000,0.000000,0.020000
llm_tamp_failure_reasoning,2,48,0.508199,0.022869,0.191994,0.020091,0.154579,0.013457,0.322917,0.055369,0.819444,0.098151,0.350694,0.065420,0.055556,0.049912,0.360826,0.017761,0.162285,0.032236,0.117333,0.032780,0.875000,0.068431,0.000000,0.000000,0.020000
llm_tamp_failure_reasoning,3,48,0.508862,0.025721,0.206062,0.020716,0.170468,0.015819,0.378472,0.043213,0.784722,0.099170,0.319444,0.054877,0.052083,0.046804,0.356346,0.018994,0.174075,0.037689,0.104444,0.037495,0.836806,0.073103,0.000000,0.000000,0.020000
llm_tamp_failure_reasoning,4,48,0.496736,0.026009,0.192439,0.020138,0.157126,0.014512,0.371528,0.058552,0.802083,0.099026,0.402778,0.070698,0.069444,0.054877,0.357921,0.016119,0.178435,0.033001,0.099997,0.034873,0.871528,0.060927,0.000000,0.000000,0.020000
llm_tamp_failure_reasoning,5,48,0.500086,0.021504,0.187125,0.018037,0.153586,0.013474,0.420139,0.051457,0.815972,0.096893,0.444444,0.066917,0.062500,0.050187,0.363281,0.014537,0.168819,0.028638,0.109227,0.028205,0.878472,0.059752,0.000000,0.000000,0.020000
llm_tamp_failure_reasoning,6,48,0.489170,0.023494,0.183500,0.019285,0.152610,0.014700,0.375000,0.061129,0.809028,0.098707,0.486111,0.082435,0.059028,0.050996,0.358817,0.016447,0.181231,0.032502,0.096325,0.032635,0.868056,0.067357,0.000000,0.000000,0.020000
llm_tamp_failure_reasoning,7,48,0.485587,0.023297,0.198334,0.021730,0.161102,0.015221,0.364583,0.045263,0.788194,0.100957,0.402778,0.058223,0.052083,0.041444,0.352090,0.017993,0.192579,0.034097,0.085016,0.033015,0.840278,0.072105,0.000000,0.000000,0.020000
llm_tamp_failure_reasoning,8,48,0.494079,0.023851,0.196866,0.020935,0.160480,0.014829,0.343750,0.049981,0.802083,0.098547,0.395833,0.050187,0.055556,0.046983,0.358151,0.016621,0.179898,0.034345,0.095595,0.032388,0.857639,0.068077,0.000000,0.000000,0.020000
llm_tamp_failure_reasoning,9,48,0.509445,0.027462,0.223590,0.025105,0.182084,0.018174,0.322917,0.052744,0.784722,0.101060,0.270833,0.072541,0.020833,0.025035,0.343583,0.022441,0.183655,0.043617,0.093524,0.042807,0.805556,0.090373,0.000000,0.000000,0.020000
runtime_monitor_replanner,0,48,0.350198,0.023870,0.258574,0.031431,0.204628,0.026301,0.194444,0.035516,0.361111,0.083858,0.434028,0.073907,0.024306,0.027492,0.267823,0.017870,0.343024,0.045175,-0.076259,0.049108,0.753472,0.074703,0.000000,0.000000,0.020000
runtime_monitor_replanner,1,48,0.321844,0.022490,0.223449,0.021526,0.174066,0.016003,0.211806,0.046381,0.427083,0.075281,0.479167,0.062752,0.024306,0.021726,0.270990,0.013912,0.352831,0.035765,-0.086067,0.038130,0.805556,0.053569,0.000000,0.000000,0.020000
runtime_monitor_replanner,2,48,0.346103,0.019789,0.262293,0.018666,0.200622,0.015216,0.204861,0.053486,0.322917,0.072399,0.413194,0.059155,0.017361,0.022264,0.259580,0.012593,0.347159,0.029888,-0.076998,0.033445,0.753472,0.047639,0.000000,0.000000,0.020000
runtime_monitor_replanner,3,48,0.327508,0.018008,0.256409,0.018158,0.199603,0.015111,0.184028,0.046888,0.340278,0.074683,0.475694,0.051457,0.013889,0.013170,0.256712,0.014033,0.366470,0.030908,-0.098576,0.033355,0.753472,0.047639,0.000000,0.000000,0.020000
runtime_monitor_replanner,4,48,0.324244,0.021773,0.228617,0.017401,0.177857,0.014426,0.197917,0.056427,0.420139,0.074067,0.520833,0.056400,0.031250,0.026913,0.270024,0.012890,0.355447,0.033525,-0.087321,0.037068,0.788194,0.045350,0.000000,0.000000,0.020000
runtime_monitor_replanner,5,48,0.303004,0.024826,0.276157,0.022184,0.214946,0.018559,0.256944,0.048591,0.343750,0.061826,0.371528,0.041539,0.027778,0.024477,0.246747,0.011385,0.415924,0.037681,-0.147228,0.042182,0.673611,0.056679,0.000000,0.000000,0.020000
runtime_monitor_replanner,6,48,0.334516,0.023396,0.262014,0.023248,0.206943,0.019895,0.184028,0.053486,0.371528,0.076733,0.416667,0.053273,0.020833,0.018518,0.260788,0.015872,0.366458,0.038342,-0.099315,0.043103,0.718750,0.059288,0.000000,0.000000,0.020000
runtime_monitor_replanner,7,48,0.337544,0.023507,0.271702,0.025914,0.214505,0.023331,0.194444,0.046983,0.357639,0.072779,0.361111,0.068316,0.017361,0.014556,0.258427,0.015721,0.370545,0.043253,-0.102193,0.047083,0.701389,0.068747,0.000000,0.000000,0.020000
runtime_monitor_replanner,8,48,0.357115,0.021764,0.230304,0.021465,0.182518,0.017226,0.218750,0.042570,0.465278,0.080769,0.548611,0.052340,0.031250,0.025094,0.284278,0.013579,0.319353,0.033806,-0.053104,0.038417,0.781250,0.050686,0.000000,0.000000,0.020000
runtime_monitor_replanner,9,48,0.314363,0.023600,0.253360,0.028004,0.197565,0.022636,0.236111,0.045448,0.354167,0.076970,0.423611,0.067357,0.024306,0.023804,0.255868,0.015477,0.381033,0.039108,-0.114797,0.042479,0.746528,0.066673,0.000000,0.000000,0.020000
grounded_geometric_tamp,0,48,0.543608,0.028659,0.206157,0.020617,0.169613,0.014459,0.333333,0.059163,0.798611,0.099646,0.315972,0.058552,0.045139,0.037342,0.368113,0.019157,0.160540,0.035496,0.140642,0.038417,0.843750,0.073694,0.000000,0.000000,0.020000
grounded_geometric_tamp,1,48,0.566630,0.026994,0.220142,0.019647,0.181183,0.014333,0.284722,0.048591,0.777778,0.100767,0.295139,0.055226,0.045139,0.036053,0.363875,0.019668,0.149507,0.036913,0.155668,0.038686,0.822917,0.075595,0.000000,0.000000,0.020000
grounded_geometric_tamp,2,48,0.555896,0.019446,0.210288,0.017941,0.168375,0.011227,0.267361,0.052142,0.802083,0.095128,0.406250,0.077754,0.038194,0.031124,0.372638,0.017844,0.149308,0.028901,0.156191,0.028331,0.840278,0.070781,0.000000,0.000000,0.020000
grounded_geometric_tamp,3,48,0.556614,0.024732,0.203375,0.018957,0.168971,0.013857,0.312500,0.049236,0.805556,0.098871,0.350694,0.060927,0.052083,0.043667,0.373453,0.017776,0.147648,0.032940,0.156814,0.034935,0.857639,0.069453,0.000000,0.000000,0.020000
grounded_geometric_tamp,4,48,0.530272,0.030238,0.213245,0.024012,0.173246,0.017023,0.270833,0.050187,0.770833,0.105487,0.253472,0.056705,0.055556,0.044924,0.361424,0.019934,0.178671,0.040695,0.121721,0.043445,0.826389,0.078391,0.000000,0.000000,0.020000
grounded_geometric_tamp,5,48,0.552775,0.029154,0.215572,0.022260,0.176164,0.015741,0.284722,0.052340,0.791667,0.101779,0.277778,0.043859,0.034722,0.027439,0.363392,0.021026,0.157332,0.039431,0.145780,0.042398,0.826389,0.081352,0.000000,0.000000,0.020000
grounded_geometric_tamp,6,48,0.565898,0.027619,0.212482,0.020152,0.175677,0.014709,0.256944,0.053236,0.798611,0.100119,0.361111,0.066206,0.041667,0.040688,0.368928,0.020504,0.142796,0.036586,0.161222,0.039854,0.840278,0.078992,0.000000,0.000000,0.020000
grounded_geometric_tamp,7,48,0.545257,0.024437,0.206046,0.019491,0.168263,0.013878,0.222222,0.040494,0.798611,0.099646,0.357639,0.050530,0.048611,0.040054,0.367416,0.017963,0.158842,0.032753,0.143619,0.034335,0.847222,0.072023,0.000000,0.000000,0.020000
grounded_geometric_tamp,8,48,0.562567,0.027458,0.216927,0.021359,0.177868,0.014829,0.246528,0.055012,0.788194,0.100016,0.350694,0.067554,0.048611,0.043452,0.366458,0.019684,0.147737,0.038033,0.154773,0.040805,0.836806,0.075019,0.000000,0.000000,0.020000
grounded_geometric_tamp,9,48,0.542028,0.027862,0.219073,0.021832,0.179894,0.016293,0.274306,0.049106,0.763889,0.104228,0.239583,0.059883,0.055556,0.042766,0.360001,0.018867,0.171717,0.038354,0.129242,0.040280,0.819444,0.075861,0.000000,0.000000,0.020000
physics_aware_tamp,0,48,0.614041,0.027674,0.173575,0.016881,0.143090,0.011763,0.312500,0.055555,0.861111,0.093966,0.281250,0.060080,0.052083,0.042570,0.415351,0.017285,0.097374,0.029571,0.233395,0.037604,0.913194,0.057533,0.000000,0.000000,0.020000
physics_aware_tamp,1,48,0.618747,0.025097,0.165729,0.014473,0.138871,0.010778,0.399306,0.047390,0.868056,0.094280,0.312500,0.067122,0.062500,0.051121,0.421408,0.015723,0.087175,0.025053,0.243979,0.033112,0.930556,0.051314,0.000000,0.000000,0.020000
physics_aware_tamp,2,48,0.639242,0.028321,0.170085,0.017688,0.137309,0.011581,0.319444,0.051314,0.871528,0.094421,0.246528,0.051457,0.045139,0.038588,0.419483,0.018350,0.077158,0.030467,0.264714,0.038183,0.916667,0.063034,0.000000,0.000000,0.020000
physics_aware_tamp,3,48,0.595857,0.028920,0.164309,0.018688,0.136579,0.013769,0.378472,0.051227,0.871528,0.094421,0.329861,0.049106,0.041667,0.037037,0.415145,0.018642,0.111414,0.031482,0.218693,0.038723,0.913194,0.065960,0.000000,0.000000,0.020000
physics_aware_tamp,4,48,0.603187,0.028720,0.165067,0.016222,0.134790,0.011727,0.302083,0.051150,0.857639,0.094295,0.267361,0.065057,0.052083,0.041444,0.411140,0.016501,0.113979,0.030240,0.223555,0.036221,0.909722,0.057508,0.000000,0.000000,0.020000
physics_aware_tamp,5,48,0.605167,0.024729,0.167197,0.014966,0.137583,0.011014,0.340278,0.059130,0.857639,0.093792,0.347222,0.075235,0.059028,0.047140,0.418121,0.015031,0.102734,0.025905,0.228523,0.032303,0.916667,0.052378,0.000000,0.000000,0.020000
physics_aware_tamp,6,48,0.634427,0.031077,0.181479,0.020900,0.149447,0.014861,0.340278,0.070781,0.861111,0.093966,0.291667,0.060350,0.027778,0.035516,0.409870,0.022152,0.088352,0.036056,0.249422,0.044150,0.888889,0.078617,0.000000,0.000000,0.020000
physics_aware_tamp,7,48,0.630393,0.026867,0.171981,0.017179,0.140584,0.011673,0.329861,0.052818,0.861111,0.094468,0.364583,0.075751,0.055556,0.049912,0.417993,0.018028,0.082415,0.028587,0.253866,0.036385,0.916667,0.059957,0.000000,0.000000,0.020000
physics_aware_tamp,8,48,0.623382,0.024159,0.169696,0.016747,0.140441,0.012292,0.305556,0.051772,0.854167,0.093608,0.232639,0.065057,0.062500,0.054697,0.421192,0.016393,0.090408,0.027479,0.245273,0.034000,0.916667,0.055021,0.000000,0.000000,0.020000
physics_aware_tamp,9,48,0.617549,0.024994,0.167024,0.017622,0.137556,0.011816,0.347222,0.064395,0.871528,0.094421,0.270833,0.044172,0.045139,0.036053,0.419612,0.017245,0.092947,0.028745,0.241231,0.034200,0.916667,0.061515,0.000000,0.000000,0.020000
semantic_model_predictive_planner,0,48,0.496861,0.024885,0.213596,0.020420,0.175022,0.014608,0.368056,0.052340,0.774306,0.103159,0.336806,0.050996,0.062500,0.048266,0.371644,0.017955,0.189623,0.039075,0.080870,0.037848,0.836806,0.071135,0.000000,0.000000,0.020000
semantic_model_predictive_planner,1,48,0.506251,0.023846,0.214743,0.024039,0.177221,0.017595,0.375000,0.051005,0.774306,0.107646,0.298611,0.055838,0.059028,0.046125,0.370912,0.019057,0.182723,0.040952,0.088319,0.038715,0.833333,0.079017,0.000000,0.000000,0.020000
semantic_model_predictive_planner,2,48,0.506146,0.026192,0.207218,0.022805,0.167236,0.016907,0.368056,0.056679,0.788194,0.099542,0.309028,0.072126,0.062500,0.058053,0.378163,0.018544,0.175670,0.036807,0.098388,0.037286,0.850694,0.072290,0.000000,0.000000,0.020000
semantic_model_predictive_planner,3,48,0.515958,0.025511,0.229100,0.023740,0.187665,0.017697,0.371528,0.056076,0.767361,0.105986,0.236111,0.043316,0.041667,0.040688,0.365086,0.021349,0.179752,0.044369,0.092125,0.041864,0.809028,0.087532,0.000000,0.000000,0.020000
semantic_model_predictive_planner,4,48,0.498897,0.020376,0.205654,0.017284,0.166799,0.012255,0.402778,0.061387,0.805556,0.096450,0.430556,0.063656,0.048611,0.037618,0.372747,0.017491,0.182176,0.031079,0.089635,0.029209,0.854167,0.065698,0.000000,0.000000,0.020000
semantic_model_predictive_planner,5,48,0.499391,0.025522,0.222997,0.023207,0.179294,0.016341,0.336806,0.062650,0.774306,0.101774,0.284722,0.063749,0.034722,0.032198,0.365391,0.020576,0.193344,0.040888,0.079164,0.038599,0.809028,0.083663,0.000000,0.000000,0.020000
semantic_model_predictive_planner,6,48,0.523398,0.022208,0.227786,0.020565,0.186296,0.014446,0.409722,0.052340,0.774306,0.101308,0.312500,0.058863,0.038194,0.031124,0.369265,0.019934,0.169236,0.038966,0.102058,0.035687,0.812500,0.079984,0.000000,0.000000,0.020000
semantic_model_predictive_planner,7,48,0.491333,0.021105,0.208579,0.019979,0.168868,0.013975,0.385417,0.060080,0.791667,0.099428,0.326389,0.056679,0.045139,0.034716,0.371446,0.017362,0.192605,0.034122,0.079432,0.032482,0.836806,0.072453,0.000000,0.000000,0.020000
semantic_model_predictive_planner,8,48,0.500677,0.023866,0.212115,0.020056,0.174023,0.015177,0.340278,0.059130,0.784722,0.098211,0.322917,0.050918,0.062500,0.052038,0.372378,0.016977,0.185066,0.034976,0.085122,0.034151,0.847222,0.065848,0.000000,0.000000,0.020000
semantic_model_predictive_planner,9,48,0.492838,0.024311,0.209023,0.019821,0.171382,0.014850,0.378472,0.060538,0.781250,0.099264,0.381944,0.051429,0.052083,0.044737,0.375184,0.017436,0.190334,0.036630,0.079799,0.035702,0.833333,0.072133,0.000000,0.000000,0.020000
learned_failure_classifier_tamp,0,48,0.375106,0.031687,0.321587,0.030695,0.258670,0.024162,0.416667,0.058358,0.506944,0.096266,0.250000,0.049595,0.010417,0.015088,0.291897,0.024056,0.399518,0.053815,-0.132753,0.054990,0.517361,0.092906,0.000000,0.000000,0.020000
learned_failure_classifier_tamp,1,48,0.395750,0.033989,0.311121,0.033888,0.254288,0.028740,0.413194,0.052369,0.534722,0.107413,0.281250,0.063896,0.017361,0.022264,0.303284,0.026562,0.367764,0.059825,-0.101000,0.060809,0.552083,0.102546,0.000000,0.000000,0.020000
learned_failure_classifier_tamp,2,48,0.390253,0.031687,0.330796,0.032521,0.263089,0.027505,0.468750,0.058079,0.496528,0.097501,0.267361,0.069962,0.013889,0.016372,0.294135,0.025549,0.388898,0.055091,-0.118737,0.058101,0.510417,0.092990,0.000000,0.000000,0.020000
learned_failure_classifier_tamp,3,48,0.374462,0.029529,0.273779,0.028138,0.223291,0.022841,0.468750,0.052967,0.600694,0.094170,0.409722,0.077175,0.024306,0.021726,0.313310,0.022151,0.367917,0.045912,-0.100023,0.047325,0.625000,0.083386,0.000000,0.000000,0.020000
learned_failure_classifier_tamp,4,48,0.377415,0.026889,0.306157,0.025765,0.245576,0.021263,0.413194,0.058350,0.531250,0.085158,0.336806,0.057943,0.024306,0.030741,0.302581,0.021301,0.385514,0.042308,-0.117388,0.045275,0.555556,0.078013,0.000000,0.000000,0.020000
learned_failure_classifier_tamp,5,48,0.384868,0.026429,0.281120,0.028256,0.225442,0.022805,0.472222,0.061000,0.593750,0.093244,0.427083,0.067320,0.024306,0.025714,0.316383,0.022261,0.357910,0.044146,-0.089215,0.046400,0.618056,0.083646,0.000000,0.000000,0.020000
learned_failure_classifier_tamp,6,48,0.403538,0.025464,0.288716,0.024145,0.232886,0.019400,0.458333,0.059562,0.597222,0.087986,0.416667,0.059163,0.013889,0.013170,0.316485,0.022535,0.339994,0.040786,-0.072852,0.041535,0.611111,0.080988,0.000000,0.000000,0.020000
learned_failure_classifier_tamp,7,48,0.375854,0.019096,0.285958,0.028232,0.229563,0.022363,0.465278,0.054118,0.586806,0.089138,0.444444,0.069687,0.010417,0.011534,0.317334,0.021676,0.368585,0.036181,-0.100234,0.036767,0.597222,0.084139,0.000000,0.000000,0.020000
learned_failure_classifier_tamp,8,48,0.400322,0.021743,0.265787,0.022079,0.216373,0.017685,0.489583,0.054508,0.631944,0.085325,0.486111,0.054877,0.027778,0.026339,0.333312,0.019856,0.325863,0.035965,-0.059614,0.037512,0.659722,0.071446,0.000000,0.000000,0.020000
learned_failure_classifier_tamp,9,48,0.397880,0.025895,0.260502,0.022149,0.211072,0.018527,0.388889,0.058628,0.645833,0.087334,0.454861,0.054796,0.027778,0.026339,0.327713,0.019610,0.327391,0.036671,-0.061156,0.037817,0.673611,0.073406,0.000000,0.000000,0.020000
proposed_abstraction_failure_audit_v4,0,48,0.488665,0.012107,0.194757,0.006596,0.161721,0.006287,0.493056,0.056679,0.864583,0.094128,0.385417,0.068883,0.045139,0.036053,0.354553,0.009430,0.164743,0.010479,0.102022,0.013685,1.000000,0.000000,0.000000,0.000000,0.020000
proposed_abstraction_failure_audit_v4,1,48,0.474244,0.019784,0.185336,0.009132,0.155963,0.009475,0.479167,0.052038,0.871528,0.094421,0.472222,0.079811,0.055556,0.046983,0.354769,0.008933,0.177978,0.016150,0.088786,0.019669,1.000000,0.000000,0.000000,0.000000,0.020000
proposed_abstraction_failure_audit_v4,2,48,0.477071,0.012745,0.185592,0.006598,0.151730,0.006925,0.510417,0.069055,0.871528,0.094421,0.395833,0.061226,0.055556,0.044924,0.357140,0.009028,0.174978,0.011389,0.095183,0.015393,1.000000,0.000000,0.000000,0.000000,0.020000
proposed_abstraction_failure_audit_v4,3,48,0.490857,0.013021,0.195933,0.006014,0.163150,0.006777,0.472222,0.059429,0.868056,0.094280,0.399306,0.063587,0.052083,0.044737,0.352342,0.008380,0.164463,0.011391,0.103431,0.013437,1.000000,0.000000,0.000000,0.000000,0.020000
proposed_abstraction_failure_audit_v4,4,48,0.468056,0.016380,0.188740,0.007714,0.155428,0.007112,0.486111,0.054008,0.871528,0.094421,0.357639,0.070131,0.048611,0.042350,0.349106,0.008651,0.187238,0.014931,0.080888,0.016448,1.000000,0.000000,0.000000,0.000000,0.020000
proposed_abstraction_failure_audit_v4,5,48,0.455094,0.022555,0.173145,0.008234,0.143040,0.007076,0.506944,0.068747,0.871528,0.094421,0.451389,0.048591,0.079861,0.064510,0.361419,0.007986,0.192977,0.021474,0.075718,0.024859,1.000000,0.000000,0.000000,0.000000,0.020000
proposed_abstraction_failure_audit_v4,6,48,0.476029,0.017367,0.186053,0.008664,0.154557,0.007377,0.545139,0.053926,0.868056,0.094280,0.420139,0.062271,0.059028,0.052818,0.360686,0.008598,0.173461,0.014785,0.093682,0.017771,1.000000,0.000000,0.000000,0.000000,0.020000
proposed_abstraction_failure_audit_v4,7,48,0.453158,0.016022,0.171865,0.005714,0.141201,0.005333,0.503472,0.061121,0.871528,0.094421,0.555556,0.071694,0.065972,0.053042,0.366939,0.007882,0.191487,0.014298,0.076864,0.018720,1.000000,0.000000,0.000000,0.000000,0.020000
proposed_abstraction_failure_audit_v4,8,48,0.484598,0.014782,0.194715,0.008760,0.160847,0.007575,0.437500,0.055555,0.864583,0.094128,0.343750,0.071080,0.072917,0.065900,0.352276,0.007963,0.170018,0.012168,0.096231,0.014964,1.000000,0.000000,0.000000,0.000000,0.020000
proposed_abstraction_failure_audit_v4,9,48,0.463013,0.020411,0.179922,0.008674,0.149743,0.007819,0.500000,0.057542,0.871528,0.094421,0.479167,0.065698,0.069444,0.054877,0.358700,0.007390,0.186047,0.017625,0.080189,0.021127,1.000000,0.000000,0.000000,0.000000,0.020000
risk_bounded_abstraction_failure_audit_v5,0,48,0.234365,0.019711,0.470890,0.019816,0.369599,0.017342,0.555556,0.055306,0.131944,0.040054,0.180556,0.042210,0.003472,0.006806,0.231243,0.010501,0.672917,0.033810,-0.406152,0.038315,0.135417,0.039695,0.000000,0.000000,0.020000
risk_bounded_abstraction_failure_audit_v5,1,48,0.228082,0.019381,0.495164,0.017653,0.389967,0.016888,0.545139,0.051227,0.072917,0.032121,0.197917,0.048296,0.003472,0.006806,0.216924,0.009241,0.697762,0.033836,-0.430998,0.038365,0.076389,0.032198,0.000000,0.000000,0.020000
risk_bounded_abstraction_failure_audit_v5,2,48,0.243381,0.018146,0.477294,0.017861,0.366492,0.016804,0.600694,0.056496,0.121528,0.039794,0.222222,0.056991,0.000000,0.000000,0.229354,0.011238,0.664647,0.031835,-0.394486,0.036174,0.121528,0.039794,0.000000,0.000000,0.020000
risk_bounded_abstraction_failure_audit_v5,3,48,0.230459,0.021736,0.446683,0.025444,0.351752,0.021793,0.524306,0.070131,0.166667,0.051467,0.281250,0.046804,0.010417,0.020417,0.237434,0.012151,0.662829,0.032948,-0.394934,0.037410,0.177083,0.052744,0.000000,0.000000,0.020000
risk_bounded_abstraction_failure_audit_v5,4,48,0.227468,0.018992,0.491172,0.016349,0.382172,0.014324,0.524306,0.072779,0.079861,0.029162,0.211806,0.053042,0.003472,0.006806,0.217344,0.008186,0.694486,0.031127,-0.426360,0.035372,0.083333,0.029179,0.000000,0.000000,0.020000
risk_bounded_abstraction_failure_audit_v5,5,48,0.229780,0.019232,0.468782,0.017001,0.362124,0.015852,0.472222,0.066917,0.128472,0.035391,0.256944,0.047608,0.006944,0.009522,0.228622,0.009114,0.675893,0.030195,-0.407197,0.034745,0.135417,0.034602,0.000000,0.000000,0.020000
risk_bounded_abstraction_failure_audit_v5,6,48,0.250494,0.019528,0.442619,0.016456,0.348598,0.015430,0.552083,0.057670,0.187500,0.043088,0.326389,0.065937,0.003472,0.006806,0.245615,0.012484,0.634183,0.032160,-0.367040,0.035498,0.190972,0.042385,0.000000,0.000000,0.020000
risk_bounded_abstraction_failure_audit_v5,7,48,0.242488,0.016626,0.460369,0.016738,0.358480,0.015967,0.552083,0.061635,0.145833,0.035902,0.326389,0.052340,0.003472,0.006806,0.234181,0.008828,0.655173,0.026848,-0.386821,0.031489,0.149306,0.035391,0.000000,0.000000,0.020000
risk_bounded_abstraction_failure_audit_v5,8,48,0.230314,0.017099,0.492446,0.015170,0.384953,0.015598,0.541667,0.062658,0.083333,0.030757,0.229167,0.038447,0.003472,0.006806,0.219913,0.008823,0.691083,0.030151,-0.424834,0.034287,0.086806,0.030741,0.000000,0.000000,0.020000
risk_bounded_abstraction_failure_audit_v5,9,48,0.235216,0.019934,0.457139,0.029968,0.357364,0.024184,0.552083,0.056844,0.149306,0.059354,0.302083,0.062776,0.013889,0.021383,0.236594,0.014404,0.661165,0.039561,-0.394930,0.042408,0.163194,0.060342,0.000000,0.000000,0.020000
llm_tamp_failure_reasoning,0,48,0.468766,0.025296,0.196181,0.020261,0.160398,0.013571,0.406250,0.052293,0.788194,0.098587,0.368056,0.041218,0.048611,0.037618,0.353869,0.017471,0.207092,0.037771,0.067536,0.036041,0.836806,0.069793,0.000000,0.000000,0.050000
llm_tamp_failure_reasoning,1,48,0.488785,0.028394,0.202371,0.027094,0.166285,0.019581,0.333333,0.055874,0.791667,0.105431,0.340278,0.074683,0.031250,0.031751,0.354274,0.022293,0.187783,0.041343,0.087056,0.040870,0.822917,0.089887,0.000000,0.000000,0.050000
llm_tamp_failure_reasoning,2,48,0.463510,0.026679,0.178607,0.022072,0.143221,0.015107,0.322917,0.055369,0.819444,0.098151,0.350694,0.065420,0.055556,0.049912,0.353515,0.016965,0.203975,0.032305,0.074155,0.033769,0.875000,0.068431,0.000000,0.000000,0.050000
llm_tamp_failure_reasoning,3,48,0.476012,0.027404,0.195413,0.022064,0.161523,0.016779,0.378472,0.043213,0.784722,0.099170,0.319444,0.054877,0.052083,0.046804,0.353369,0.018604,0.203344,0.037647,0.073794,0.037643,0.836806,0.073103,0.000000,0.000000,0.050000
llm_tamp_failure_reasoning,4,48,0.450925,0.026754,0.178231,0.021253,0.145881,0.015310,0.371528,0.058552,0.802083,0.099026,0.402778,0.070698,0.069444,0.054877,0.356774,0.015812,0.216846,0.033938,0.058505,0.033888,0.871528,0.060927,0.000000,0.000000,0.050000
llm_tamp_failure_reasoning,5,48,0.452097,0.023573,0.171003,0.019314,0.140958,0.014190,0.420139,0.051457,0.815972,0.096893,0.444444,0.066917,0.062500,0.050187,0.361569,0.015152,0.208944,0.030375,0.066233,0.029522,0.878472,0.059752,0.000000,0.000000,0.050000
llm_tamp_failure_reasoning,6,48,0.447030,0.024206,0.170199,0.020871,0.141769,0.015866,0.375000,0.061129,0.809028,0.098707,0.486111,0.082435,0.059028,0.050996,0.358923,0.017254,0.214071,0.032098,0.059659,0.032276,0.868056,0.067357,0.000000,0.000000,0.050000
llm_tamp_failure_reasoning,7,48,0.441426,0.026277,0.184139,0.023666,0.149282,0.016602,0.364583,0.045263,0.788194,0.100957,0.402778,0.058223,0.052083,0.041444,0.348862,0.017337,0.230258,0.034314,0.044787,0.033802,0.840278,0.072105,0.000000,0.000000,0.050000
llm_tamp_failure_reasoning,8,48,0.457361,0.028971,0.185195,0.021535,0.150822,0.015504,0.343750,0.049981,0.802083,0.098547,0.395833,0.050187,0.055556,0.046983,0.355622,0.016605,0.211372,0.038542,0.061995,0.036444,0.857639,0.068077,0.000000,0.000000,0.050000
llm_tamp_failure_reasoning,9,48,0.489445,0.025272,0.215208,0.026221,0.175756,0.018911,0.322917,0.052744,0.784722,0.101060,0.270833,0.072541,0.020833,0.025035,0.347642,0.022725,0.196106,0.042043,0.078736,0.040587,0.805556,0.090373,0.000000,0.000000,0.050000
runtime_monitor_replanner,0,48,0.325690,0.028283,0.236557,0.032479,0.188041,0.026995,0.194444,0.035516,0.447917,0.083758,0.434028,0.073907,0.034722,0.038855,0.272389,0.016210,0.363904,0.043874,-0.097139,0.048615,0.753472,0.074703,0.000000,0.000000,0.050000
runtime_monitor_replanner,1,48,0.295244,0.023103,0.204244,0.021751,0.159384,0.015979,0.211806,0.046381,0.496528,0.077500,0.479167,0.062752,0.038194,0.032608,0.273705,0.013484,0.377194,0.036051,-0.110431,0.038344,0.805556,0.053569,0.000000,0.000000,0.050000
runtime_monitor_replanner,2,48,0.332963,0.024457,0.240049,0.019392,0.185621,0.015502,0.204861,0.053486,0.430556,0.075235,0.413194,0.059155,0.020833,0.028565,0.269142,0.013627,0.355614,0.034246,-0.085453,0.037260,0.753472,0.047639,0.000000,0.000000,0.050000
runtime_monitor_replanner,3,48,0.334489,0.022841,0.237510,0.019110,0.186860,0.015577,0.184028,0.046888,0.447917,0.072887,0.475694,0.051457,0.027778,0.028078,0.273299,0.013732,0.352985,0.034427,-0.085091,0.037203,0.753472,0.047639,0.000000,0.000000,0.050000
runtime_monitor_replanner,4,48,0.292393,0.027306,0.203836,0.016192,0.160095,0.013326,0.197917,0.056427,0.513889,0.075861,0.520833,0.056400,0.041667,0.034388,0.273681,0.014016,0.384172,0.039905,-0.116046,0.042569,0.788194,0.045350,0.000000,0.000000,0.050000
runtime_monitor_replanner,5,48,0.279079,0.027407,0.260198,0.021326,0.203164,0.017491,0.256944,0.048591,0.402778,0.065125,0.371528,0.041539,0.031250,0.025094,0.247472,0.012741,0.438247,0.042305,-0.169552,0.046806,0.673611,0.056679,0.000000,0.000000,0.050000
runtime_monitor_replanner,6,48,0.309941,0.026840,0.240623,0.023763,0.191582,0.020298,0.184028,0.053486,0.454861,0.077041,0.416667,0.053273,0.034722,0.029111,0.265878,0.015428,0.388038,0.039252,-0.120895,0.043229,0.718750,0.059288,0.000000,0.000000,0.050000
runtime_monitor_replanner,7,48,0.319790,0.027481,0.254727,0.027449,0.202181,0.023578,0.194444,0.046983,0.420139,0.080199,0.361111,0.068316,0.031250,0.025094,0.262576,0.016749,0.385488,0.046563,-0.117137,0.050784,0.701389,0.068747,0.000000,0.000000,0.050000
runtime_monitor_replanner,8,48,0.304468,0.029856,0.199941,0.020388,0.160054,0.016420,0.218750,0.042570,0.562500,0.081158,0.548611,0.052340,0.041667,0.034388,0.282236,0.014176,0.369858,0.042283,-0.103609,0.046295,0.781250,0.050686,0.000000,0.000000,0.050000
runtime_monitor_replanner,9,48,0.289454,0.025692,0.230818,0.029198,0.181462,0.023216,0.236111,0.045448,0.440972,0.083380,0.423611,0.067357,0.034722,0.033635,0.260434,0.015179,0.402358,0.040011,-0.136122,0.042907,0.746528,0.066673,0.000000,0.000000,0.050000
grounded_geometric_tamp,0,48,0.500446,0.026781,0.196766,0.021791,0.161791,0.015429,0.333333,0.059163,0.798611,0.099646,0.315972,0.058552,0.045139,0.037342,0.366370,0.018798,0.192234,0.033859,0.100958,0.035732,0.843750,0.073694,0.000000,0.000000,0.050000
grounded_geometric_tamp,1,48,0.528132,0.024423,0.211823,0.020651,0.174512,0.014901,0.284722,0.048591,0.777778,0.100767,0.295139,0.055226,0.045139,0.036053,0.369620,0.020108,0.171789,0.035303,0.123552,0.036216,0.822917,0.075595,0.000000,0.000000,0.050000
grounded_geometric_tamp,2,48,0.516250,0.020494,0.198622,0.019458,0.159339,0.012288,0.267361,0.052142,0.802083,0.095128,0.406250,0.077754,0.038194,0.031124,0.377073,0.017939,0.175170,0.028078,0.122955,0.027844,0.840278,0.070781,0.000000,0.000000,0.050000
grounded_geometric_tamp,3,48,0.509711,0.021145,0.191949,0.020561,0.159939,0.015110,0.312500,0.049236,0.805556,0.098871,0.350694,0.060927,0.052083,0.043667,0.372661,0.017522,0.181958,0.030606,0.114207,0.030523,0.857639,0.069453,0.000000,0.000000,0.050000
grounded_geometric_tamp,4,48,0.491293,0.032230,0.202428,0.025842,0.163993,0.018539,0.270833,0.050187,0.770833,0.105487,0.253472,0.056705,0.055556,0.044924,0.352407,0.018655,0.214827,0.039568,0.082799,0.043177,0.826389,0.078391,0.000000,0.000000,0.050000
grounded_geometric_tamp,5,48,0.525750,0.028556,0.209197,0.022573,0.171158,0.016064,0.284722,0.052340,0.791667,0.101779,0.277778,0.043859,0.034722,0.027439,0.364297,0.020614,0.176378,0.038915,0.121511,0.041123,0.826389,0.081352,0.000000,0.000000,0.050000
grounded_geometric_tamp,6,48,0.518905,0.026698,0.198484,0.021675,0.164856,0.015732,0.256944,0.053236,0.798611,0.100119,0.361111,0.066206,0.041667,0.040688,0.375610,0.020904,0.172467,0.035286,0.122332,0.037726,0.840278,0.078992,0.000000,0.000000,0.050000
grounded_geometric_tamp,7,48,0.492596,0.025435,0.192302,0.020528,0.156756,0.014317,0.222222,0.040494,0.798611,0.099646,0.357639,0.050530,0.048611,0.040054,0.365838,0.017659,0.197953,0.033293,0.096211,0.035088,0.847222,0.072023,0.000000,0.000000,0.050000
grounded_geometric_tamp,8,48,0.513088,0.028628,0.201183,0.023115,0.165687,0.016008,0.246528,0.055012,0.788194,0.100016,0.350694,0.067554,0.048611,0.043452,0.370060,0.019445,0.182312,0.036709,0.112515,0.039992,0.836806,0.075019,0.000000,0.000000,0.050000
grounded_geometric_tamp,9,48,0.514175,0.030561,0.211569,0.022581,0.173690,0.016910,0.274306,0.049106,0.763889,0.104228,0.239583,0.059883,0.055556,0.042766,0.356447,0.018743,0.195353,0.040063,0.102534,0.041986,0.819444,0.075861,0.000000,0.000000,0.050000
physics_aware_tamp,0,48,0.577660,0.029647,0.165237,0.017296,0.136959,0.011938,0.312500,0.055555,0.861111,0.093966,0.281250,0.060080,0.052083,0.042570,0.416435,0.016609,0.122723,0.030402,0.199976,0.038042,0.913194,0.057533,0.000000,0.000000,0.050000
physics_aware_tamp,1,48,0.584380,0.028901,0.159079,0.014992,0.133790,0.011008,0.399306,0.047390,0.868056,0.094280,0.312500,0.067122,0.062500,0.051121,0.421463,0.015349,0.111844,0.026426,0.211271,0.035112,0.930556,0.051314,0.000000,0.000000,0.050000
physics_aware_tamp,2,48,0.599441,0.028248,0.165500,0.018127,0.133905,0.011847,0.319444,0.051314,0.871528,0.094421,0.246528,0.051457,0.045139,0.038588,0.418316,0.018234,0.103578,0.029530,0.226346,0.037450,0.916667,0.063034,0.000000,0.000000,0.050000
physics_aware_tamp,3,48,0.544193,0.031420,0.152650,0.019521,0.126749,0.014581,0.378472,0.051227,0.871528,0.094421,0.329861,0.049106,0.041667,0.037037,0.407139,0.017713,0.156567,0.033036,0.166732,0.039765,0.913194,0.065960,0.000000,0.000000,0.050000
physics_aware_tamp,4,48,0.562674,0.030813,0.158228,0.017055,0.129193,0.012312,0.302083,0.051150,0.857639,0.094295,0.267361,0.065057,0.052083,0.041444,0.408692,0.015968,0.143376,0.030477,0.184566,0.036840,0.909722,0.057508,0.000000,0.000000,0.050000
physics_aware_tamp,5,48,0.552200,0.026787,0.157538,0.015595,0.129969,0.011447,0.340278,0.059130,0.857639,0.093792,0.347222,0.075235,0.059028,0.047140,0.413756,0.014416,0.144549,0.026000,0.175972,0.032676,0.916667,0.052378,0.000000,0.000000,0.050000
physics_aware_tamp,6,48,0.591805,0.028766,0.174300,0.020726,0.144451,0.014579,0.340278,0.070781,0.861111,0.093966,0.291667,0.060350,0.027778,0.035516,0.415897,0.022114,0.113107,0.034208,0.211196,0.040988,0.888889,0.078617,0.000000,0.000000,0.050000
physics_aware_tamp,7,48,0.574938,0.027711,0.163811,0.017721,0.134940,0.011948,0.329861,0.052818,0.861111,0.094468,0.364583,0.075751,0.055556,0.049912,0.421883,0.017982,0.116410,0.027574,0.202247,0.035385,0.916667,0.059957,0.000000,0.000000,0.050000
physics_aware_tamp,8,48,0.588066,0.029649,0.163593,0.017467,0.135610,0.012772,0.305556,0.051772,0.854167,0.093608,0.232639,0.065057,0.062500,0.054697,0.417729,0.016004,0.117947,0.029481,0.210097,0.037486,0.916667,0.055021,0.000000,0.000000,0.050000
physics_aware_tamp,9,48,0.578773,0.028771,0.159461,0.018065,0.131615,0.012394,0.347222,0.064395,0.871528,0.094421,0.270833,0.044172,0.045139,0.036053,0.416183,0.017159,0.122798,0.031012,0.203392,0.036937,0.916667,0.061515,0.000000,0.000000,0.050000
semantic_model_predictive_planner,0,48,0.461464,0.025359,0.202209,0.021713,0.165694,0.015437,0.368056,0.052340,0.774306,0.103159,0.336806,0.050996,0.062500,0.048266,0.371438,0.017769,0.219933,0.038198,0.049712,0.037433,0.836806,0.071135,0.000000,0.000000,0.050000
semantic_model_predictive_planner,1,48,0.471021,0.025006,0.202766,0.025182,0.167384,0.018225,0.375000,0.051005,0.774306,0.107646,0.298611,0.055838,0.059028,0.046125,0.370937,0.019584,0.213257,0.041380,0.057107,0.039236,0.833333,0.079017,0.000000,0.000000,0.050000
semantic_model_predictive_planner,2,48,0.469307,0.028311,0.196315,0.024358,0.158146,0.018071,0.368056,0.056679,0.788194,0.099542,0.309028,0.072126,0.062500,0.058053,0.373237,0.017973,0.210312,0.036653,0.063153,0.037188,0.850694,0.072290,0.000000,0.000000,0.050000
semantic_model_predictive_planner,3,48,0.496672,0.024648,0.221629,0.024640,0.181971,0.018248,0.371528,0.056076,0.767361,0.105986,0.236111,0.043316,0.041667,0.040688,0.368091,0.021680,0.194734,0.043420,0.076677,0.041001,0.809028,0.087532,0.000000,0.000000,0.050000
semantic_model_predictive_planner,4,48,0.448673,0.017113,0.186245,0.018890,0.151727,0.013068,0.402778,0.061387,0.805556,0.096450,0.430556,0.063656,0.048611,0.037618,0.378261,0.017507,0.223299,0.027894,0.047538,0.025766,0.854167,0.065698,0.000000,0.000000,0.050000
semantic_model_predictive_planner,5,48,0.477446,0.027270,0.215778,0.024547,0.173255,0.017418,0.336806,0.062650,0.774306,0.101774,0.284722,0.063749,0.034722,0.032198,0.364510,0.020204,0.212670,0.040423,0.059457,0.038472,0.809028,0.083663,0.000000,0.000000,0.050000
semantic_model_predictive_planner,6,48,0.477866,0.020101,0.212918,0.022642,0.174191,0.016153,0.409722,0.052340,0.774306,0.101308,0.312500,0.058863,0.038194,0.031124,0.370135,0.019290,0.207527,0.034698,0.062666,0.031571,0.812500,0.079984,0.000000,0.000000,0.050000
semantic_model_predictive_planner,7,48,0.454060,0.023092,0.197323,0.020719,0.159568,0.014477,0.385417,0.060080,0.791667,0.099428,0.326389,0.056679,0.045139,0.034716,0.367840,0.017584,0.227004,0.035104,0.044397,0.034059,0.836806,0.072453,0.000000,0.000000,0.050000
semantic_model_predictive_planner,8,48,0.470742,0.021573,0.202828,0.020815,0.167003,0.015674,0.340278,0.059130,0.784722,0.098211,0.322917,0.050918,0.062500,0.052038,0.375976,0.017203,0.209307,0.033303,0.059950,0.031780,0.847222,0.065848,0.000000,0.000000,0.050000
semantic_model_predictive_planner,9,48,0.435227,0.025336,0.191437,0.021962,0.155955,0.016348,0.378472,0.060538,0.781250,0.099264,0.381944,0.051429,0.052083,0.044737,0.367308,0.016197,0.244148,0.034604,0.025137,0.034704,0.833333,0.072133,0.000000,0.000000,0.050000
learned_failure_classifier_tamp,0,48,0.360474,0.030118,0.311438,0.030945,0.251122,0.024545,0.416667,0.058358,0.510417,0.096485,0.250000,0.049595,0.013889,0.016372,0.297767,0.024090,0.407795,0.051982,-0.141030,0.053291,0.524306,0.091753,0.000000,0.000000,0.050000
learned_failure_classifier_tamp,1,48,0.369567,0.034098,0.291849,0.033367,0.238889,0.028408,0.413194,0.052369,0.545139,0.104185,0.281250,0.063896,0.027778,0.031266,0.307476,0.024436,0.385109,0.055771,-0.118345,0.057415,0.572917,0.096730,0.000000,0.000000,0.050000
learned_failure_classifier_tamp,2,48,0.369418,0.030827,0.316424,0.032774,0.252828,0.027690,0.468750,0.058079,0.496528,0.097501,0.267361,0.069962,0.020833,0.018518,0.304893,0.024899,0.401027,0.052992,-0.130865,0.056172,0.517361,0.090324,0.000000,0.000000,0.050000
learned_failure_classifier_tamp,3,48,0.339470,0.029028,0.256161,0.029918,0.209462,0.024230,0.468750,0.052967,0.600694,0.094170,0.409722,0.077175,0.031250,0.028616,0.318199,0.021136,0.395621,0.042253,-0.127726,0.043930,0.631944,0.081352,0.000000,0.000000,0.050000
learned_failure_classifier_tamp,4,48,0.347120,0.026159,0.289615,0.026735,0.233140,0.021821,0.413194,0.058350,0.531250,0.085158,0.336806,0.057943,0.031250,0.034602,0.307941,0.019680,0.408679,0.038873,-0.140553,0.042383,0.562500,0.075731,0.000000,0.000000,0.050000
learned_failure_classifier_tamp,5,48,0.345978,0.026299,0.263240,0.028692,0.211250,0.022972,0.472222,0.061000,0.593750,0.093244,0.427083,0.067320,0.027778,0.026339,0.321447,0.021236,0.390005,0.042299,-0.121309,0.044988,0.621528,0.081805,0.000000,0.000000,0.050000
learned_failure_classifier_tamp,6,48,0.364764,0.027294,0.266756,0.023997,0.215069,0.019050,0.458333,0.059562,0.597222,0.087986,0.416667,0.059163,0.027778,0.026339,0.321478,0.020799,0.369468,0.040257,-0.102325,0.042443,0.625000,0.075653,0.000000,0.000000,0.050000
learned_failure_classifier_tamp,7,48,0.353341,0.020914,0.273652,0.027606,0.219997,0.021921,0.465278,0.054118,0.586806,0.089138,0.444444,0.069687,0.017361,0.017506,0.320135,0.020432,0.386584,0.036028,-0.118232,0.037019,0.604167,0.081158,0.000000,0.000000,0.050000
learned_failure_classifier_tamp,8,48,0.338568,0.023023,0.239842,0.021797,0.195509,0.017308,0.489583,0.054508,0.631944,0.085325,0.486111,0.054877,0.038194,0.031124,0.330185,0.017615,0.381233,0.034542,-0.114984,0.037179,0.670139,0.065600,0.000000,0.000000,0.050000
learned_failure_classifier_tamp,9,48,0.361912,0.029583,0.243327,0.022456,0.197249,0.018790,0.388889,0.058628,0.645833,0.087334,0.454861,0.054796,0.034722,0.032198,0.331642,0.019693,0.355929,0.038953,-0.089693,0.040447,0.680556,0.070698,0.000000,0.000000,0.050000
proposed_abstraction_failure_audit_v4,0,48,0.461368,0.015979,0.173787,0.007607,0.145551,0.006642,0.493056,0.056679,0.868056,0.094280,0.385417,0.068883,0.059028,0.049106,0.368489,0.009218,0.182421,0.013343,0.084344,0.017225,1.000000,0.000000,0.000000,0.000000,0.050000
proposed_abstraction_failure_audit_v4,1,48,0.443369,0.024139,0.165520,0.010983,0.139725,0.009868,0.479167,0.052038,0.875000,0.094551,0.472222,0.079811,0.072917,0.059088,0.367699,0.008900,0.199432,0.021625,0.067332,0.024191,1.000000,0.000000,0.000000,0.000000,0.050000
proposed_abstraction_failure_audit_v4,2,48,0.430258,0.020006,0.164665,0.008432,0.134348,0.007719,0.510417,0.069055,0.864583,0.094128,0.395833,0.061226,0.045139,0.036053,0.358585,0.007388,0.216079,0.016872,0.054083,0.021255,1.000000,0.000000,0.000000,0.000000,0.050000
proposed_abstraction_failure_audit_v4,3,48,0.458550,0.017773,0.171648,0.007184,0.144085,0.006866,0.472222,0.059429,0.871528,0.094421,0.399306,0.063587,0.065972,0.053042,0.367824,0.007967,0.186294,0.016553,0.081600,0.018067,1.000000,0.000000,0.000000,0.000000,0.050000
proposed_abstraction_failure_audit_v4,4,48,0.443552,0.019153,0.173576,0.008578,0.143402,0.007263,0.486111,0.054008,0.871528,0.094421,0.357639,0.070131,0.045139,0.036053,0.357812,0.010296,0.204611,0.017942,0.063515,0.019928,1.000000,0.000000,0.000000,0.000000,0.050000
proposed_abstraction_failure_audit_v4,5,48,0.408312,0.024482,0.152058,0.007740,0.126215,0.006911,0.506944,0.068747,0.871528,0.094421,0.451389,0.048591,0.079861,0.060733,0.359293,0.009077,0.236189,0.025151,0.032507,0.027977,1.000000,0.000000,0.000000,0.000000,0.050000
proposed_abstraction_failure_audit_v4,6,48,0.433003,0.025381,0.161724,0.010428,0.134647,0.008277,0.545139,0.053926,0.868056,0.094280,0.420139,0.062271,0.076389,0.062247,0.364997,0.008352,0.209850,0.022731,0.057292,0.027478,1.000000,0.000000,0.000000,0.000000,0.050000
proposed_abstraction_failure_audit_v4,7,48,0.391295,0.020237,0.141223,0.008020,0.116578,0.006432,0.503472,0.061121,0.871528,0.094421,0.555556,0.071694,0.072917,0.057465,0.370150,0.008560,0.245865,0.018574,0.022487,0.022536,1.000000,0.000000,0.000000,0.000000,0.050000
proposed_abstraction_failure_audit_v4,8,48,0.465568,0.017370,0.179354,0.009767,0.148544,0.007931,0.437500,0.055555,0.871528,0.094421,0.343750,0.071080,0.059028,0.048133,0.364304,0.009330,0.181332,0.014560,0.084917,0.016471,1.000000,0.000000,0.000000,0.000000,0.050000
proposed_abstraction_failure_audit_v4,9,48,0.418220,0.025619,0.155269,0.010086,0.129588,0.008202,0.500000,0.057542,0.868056,0.094280,0.479167,0.065698,0.079861,0.063772,0.364729,0.008372,0.222895,0.022638,0.043341,0.027138,1.000000,0.000000,0.000000,0.000000,0.050000
risk_bounded_abstraction_failure_audit_v5,0,48,0.230800,0.018679,0.457749,0.021378,0.359663,0.018625,0.555556,0.055306,0.152778,0.042210,0.180556,0.042210,0.010417,0.015088,0.236069,0.010549,0.668732,0.033264,-0.401967,0.037371,0.163194,0.041823,0.000000,0.000000,0.050000
risk_bounded_abstraction_failure_audit_v5,1,48,0.242158,0.019240,0.460307,0.020533,0.362529,0.017471,0.545139,0.051227,0.145833,0.046264,0.197917,0.048296,0.003472,0.006806,0.234705,0.012073,0.656180,0.033291,-0.389417,0.036445,0.149306,0.045868,0.000000,0.000000,0.050000
risk_bounded_abstraction_failure_audit_v5,2,48,0.256158,0.020665,0.442354,0.023069,0.339595,0.018526,0.600694,0.056496,0.190972,0.054145,0.222222,0.056991,0.006944,0.009522,0.248132,0.014428,0.625125,0.036446,-0.354964,0.039561,0.197917,0.052967,0.000000,0.000000,0.050000
risk_bounded_abstraction_failure_audit_v5,3,48,0.226794,0.023085,0.407399,0.022904,0.320752,0.019471,0.524306,0.070131,0.236111,0.050383,0.281250,0.046804,0.017361,0.024296,0.250969,0.010618,0.640407,0.027308,-0.372512,0.030272,0.253472,0.049585,0.000000,0.000000,0.050000
risk_bounded_abstraction_failure_audit_v5,4,48,0.245310,0.018010,0.441516,0.018104,0.345080,0.015089,0.524306,0.072779,0.180556,0.045448,0.211806,0.053042,0.006944,0.009522,0.242521,0.011466,0.639211,0.028853,-0.371085,0.032079,0.187500,0.044172,0.000000,0.000000,0.050000
risk_bounded_abstraction_failure_audit_v5,5,48,0.246331,0.020168,0.423049,0.017888,0.328489,0.014891,0.472222,0.066917,0.225694,0.046125,0.256944,0.047608,0.006944,0.009522,0.252330,0.011544,0.625224,0.030106,-0.356528,0.033856,0.232639,0.044295,0.000000,0.000000,0.050000
risk_bounded_abstraction_failure_audit_v5,6,48,0.272511,0.019157,0.399915,0.019003,0.317635,0.017051,0.552083,0.057670,0.281250,0.055155,0.326389,0.065937,0.003472,0.006806,0.270424,0.015248,0.578857,0.033387,-0.311714,0.035187,0.284722,0.054118,0.000000,0.000000,0.050000
risk_bounded_abstraction_failure_audit_v5,7,48,0.267188,0.015712,0.395205,0.017790,0.307621,0.012818,0.552083,0.061635,0.281250,0.047804,0.326389,0.052340,0.010417,0.011534,0.269271,0.011264,0.579963,0.023888,-0.311611,0.026011,0.291667,0.044038,0.000000,0.000000,0.050000
risk_bounded_abstraction_failure_audit_v5,8,48,0.254974,0.016370,0.444733,0.012960,0.349031,0.013184,0.541667,0.062658,0.184028,0.040384,0.229167,0.038447,0.006944,0.009522,0.247188,0.011145,0.628508,0.025192,-0.362259,0.029474,0.190972,0.038893,0.000000,0.000000,0.050000
risk_bounded_abstraction_failure_audit_v5,9,48,0.237327,0.018624,0.420914,0.029608,0.329406,0.024028,0.552083,0.056844,0.218750,0.060863,0.302083,0.062776,0.017361,0.022264,0.251229,0.012166,0.634060,0.029933,-0.367824,0.032987,0.236111,0.059826,0.000000,0.000000,0.050000
llm_tamp_failure_reasoning,0,48,0.411848,0.022463,0.178732,0.021734,0.145723,0.014810,0.406250,0.052293,0.788194,0.098587,0.368056,0.041218,0.048611,0.037618,0.345522,0.015979,0.259466,0.033915,0.013143,0.032678,0.836806,0.069793,0.010417,0.011534,0.080000
llm_tamp_failure_reasoning,1,48,0.434131,0.034263,0.184179,0.029023,0.151067,0.021308,0.333333,0.055874,0.791667,0.105431,0.340278,0.074683,0.031250,0.031751,0.349517,0.021795,0.235759,0.044439,0.036742,0.043574,0.822917,0.089887,0.010417,0.011534,0.080000
llm_tamp_failure_reasoning,2,48,0.414144,0.030396,0.163684,0.023698,0.130783,0.016168,0.322917,0.055369,0.819444,0.098151,0.350694,0.065420,0.055556,0.049912,0.346291,0.016796,0.250374,0.034414,0.026269,0.035641,0.875000,0.068431,0.017361,0.022264,0.080000
llm_tamp_failure_reasoning,3,48,0.423102,0.033230,0.179721,0.023550,0.148544,0.017887,0.378472,0.043213,0.784722,0.099170,0.319444,0.054877,0.052083,0.046804,0.346970,0.019109,0.250904,0.042006,0.023684,0.041998,0.836806,0.073103,0.010417,0.011534,0.080000
llm_tamp_failure_reasoning,4,48,0.413366,0.029022,0.164850,0.021936,0.134900,0.015711,0.371528,0.058552,0.802083,0.099026,0.402778,0.070698,0.069444,0.054877,0.356360,0.016253,0.248211,0.035619,0.025121,0.035556,0.871528,0.060927,0.013889,0.013170,0.080000
llm_tamp_failure_reasoning,5,48,0.382923,0.026214,0.151092,0.020911,0.123732,0.015353,0.420139,0.051457,0.815972,0.096893,0.444444,0.066917,0.062500,0.050187,0.351517,0.014203,0.273228,0.030539,-0.000601,0.030324,0.878472,0.059752,0.020833,0.020917,0.080000
llm_tamp_failure_reasoning,6,48,0.391458,0.026896,0.151701,0.021930,0.126990,0.016479,0.375000,0.061129,0.809028,0.098707,0.486111,0.082435,0.059028,0.050996,0.356231,0.017524,0.261667,0.034299,0.009088,0.034277,0.868056,0.067357,0.017361,0.017506,0.080000
llm_tamp_failure_reasoning,7,48,0.401039,0.027830,0.171465,0.024227,0.138973,0.016913,0.364583,0.045263,0.788194,0.100957,0.402778,0.058223,0.052083,0.041444,0.345711,0.017479,0.265758,0.035923,0.007163,0.035235,0.840278,0.072105,0.017361,0.020027,0.080000
llm_tamp_failure_reasoning,8,48,0.399019,0.024460,0.167887,0.023245,0.136394,0.016692,0.343750,0.049981,0.802083,0.098547,0.395833,0.050187,0.055556,0.046983,0.344227,0.014715,0.267182,0.031931,0.004699,0.030263,0.857639,0.068077,0.006944,0.013611,0.080000
llm_tamp_failure_reasoning,9,48,0.452246,0.031063,0.200473,0.028148,0.163435,0.020400,0.322917,0.052744,0.784722,0.101060,0.270833,0.072541,0.020833,0.025035,0.348980,0.022793,0.225050,0.044160,0.047560,0.043479,0.805556,0.090373,0.000000,0.000000,0.080000
runtime_monitor_replanner,0,48,0.299416,0.028530,0.210002,0.035106,0.169433,0.028938,0.194444,0.035516,0.552083,0.092352,0.434028,0.073907,0.052083,0.050686,0.279538,0.014450,0.386048,0.040177,-0.119283,0.044838,0.753472,0.074703,0.017361,0.017506,0.080000
runtime_monitor_replanner,1,48,0.276202,0.027035,0.174292,0.024170,0.138103,0.017782,0.211806,0.046381,0.635417,0.088428,0.479167,0.062752,0.048611,0.043452,0.286128,0.014940,0.389593,0.038070,-0.122829,0.039965,0.805556,0.053569,0.006944,0.009522,0.080000
runtime_monitor_replanner,2,48,0.323046,0.031454,0.213635,0.018353,0.167661,0.014284,0.204861,0.053486,0.559028,0.075019,0.413194,0.059155,0.031250,0.031751,0.282931,0.014033,0.358904,0.041366,-0.088742,0.044297,0.753472,0.047639,0.017361,0.014556,0.080000
runtime_monitor_replanner,3,48,0.317987,0.028662,0.208846,0.018215,0.167121,0.014366,0.184028,0.046888,0.572917,0.077754,0.475694,0.051457,0.045139,0.034716,0.285583,0.013501,0.362977,0.038905,-0.095083,0.042362,0.753472,0.047639,0.000000,0.000000,0.080000
runtime_monitor_replanner,4,48,0.275639,0.031348,0.181500,0.017942,0.143471,0.014031,0.197917,0.056427,0.614583,0.083191,0.520833,0.056400,0.052083,0.040287,0.282194,0.015094,0.396245,0.042762,-0.128119,0.046136,0.788194,0.045350,0.020833,0.018518,0.080000
runtime_monitor_replanner,5,48,0.258250,0.024216,0.242062,0.020626,0.189882,0.016759,0.256944,0.048591,0.475694,0.070131,0.371528,0.041539,0.045139,0.036053,0.252354,0.013124,0.456879,0.040193,-0.188183,0.043752,0.673611,0.056679,0.010417,0.015088,0.080000
runtime_monitor_replanner,6,48,0.276221,0.026830,0.219476,0.024190,0.175569,0.020394,0.184028,0.053486,0.524306,0.082525,0.416667,0.053273,0.041667,0.034388,0.265309,0.014928,0.419390,0.040284,-0.152247,0.044386,0.718750,0.059288,0.013889,0.019043,0.080000
runtime_monitor_replanner,7,48,0.283517,0.028670,0.229705,0.028554,0.183987,0.024261,0.194444,0.046983,0.506944,0.086973,0.361111,0.068316,0.045139,0.036053,0.264590,0.016599,0.419162,0.046475,-0.150810,0.050526,0.701389,0.068747,0.024306,0.023804,0.080000
runtime_monitor_replanner,8,48,0.243157,0.033418,0.174153,0.023105,0.139827,0.018408,0.218750,0.042570,0.614583,0.082620,0.548611,0.052340,0.065972,0.052142,0.274326,0.013395,0.431660,0.042570,-0.165411,0.046272,0.781250,0.050686,0.027778,0.024477,0.080000
runtime_monitor_replanner,9,48,0.276522,0.024714,0.210446,0.029397,0.167167,0.023254,0.236111,0.045448,0.538194,0.089799,0.423611,0.067357,0.041667,0.037037,0.269333,0.015225,0.411086,0.037769,-0.144850,0.040467,0.746528,0.066673,0.006944,0.009522,0.080000
grounded_geometric_tamp,0,48,0.442707,0.033268,0.181453,0.024157,0.148381,0.017315,0.333333,0.059163,0.798611,0.099646,0.315972,0.058552,0.045139,0.037342,0.355328,0.018179,0.244690,0.036450,0.043892,0.039518,0.843750,0.073694,0.020833,0.018518,0.080000
grounded_geometric_tamp,1,48,0.492616,0.025561,0.203688,0.021873,0.167397,0.015952,0.284722,0.048591,0.777778,0.100767,0.295139,0.055226,0.045139,0.036053,0.366256,0.019658,0.199686,0.034732,0.090124,0.035847,0.822917,0.075595,0.003472,0.006806,0.080000
grounded_geometric_tamp,2,48,0.426111,0.026324,0.176952,0.022894,0.140874,0.014987,0.267361,0.052142,0.802083,0.095128,0.406250,0.077754,0.038194,0.031124,0.361590,0.015677,0.252188,0.026910,0.035181,0.028746,0.840278,0.070781,0.020833,0.015759,0.080000
grounded_geometric_tamp,3,48,0.435137,0.022286,0.172346,0.022722,0.143553,0.016780,0.312500,0.049236,0.805556,0.098871,0.350694,0.060927,0.052083,0.043667,0.367988,0.017145,0.241262,0.028771,0.044763,0.029444,0.857639,0.069453,0.006944,0.009522,0.080000
grounded_geometric_tamp,4,48,0.432796,0.033181,0.185998,0.027480,0.150385,0.019696,0.270833,0.050187,0.770833,0.105487,0.253472,0.056705,0.055556,0.044924,0.347676,0.018674,0.263057,0.040682,0.028115,0.042603,0.826389,0.078391,0.013889,0.019043,0.080000
grounded_geometric_tamp,5,48,0.460879,0.027324,0.189332,0.024365,0.155001,0.017294,0.284722,0.052340,0.791667,0.101779,0.277778,0.043859,0.034722,0.027439,0.361383,0.020993,0.229584,0.037037,0.061851,0.039073,0.826389,0.081352,0.003472,0.006806,0.080000
grounded_geometric_tamp,6,48,0.454762,0.027651,0.182275,0.023467,0.151469,0.017175,0.256944,0.053236,0.798611,0.100119,0.361111,0.066206,0.041667,0.040688,0.368100,0.020372,0.225287,0.035824,0.061215,0.037291,0.840278,0.078992,0.006944,0.009522,0.080000
grounded_geometric_tamp,7,48,0.428132,0.022291,0.173554,0.022362,0.141362,0.015792,0.222222,0.040494,0.798611,0.099646,0.357639,0.050530,0.048611,0.040054,0.363507,0.017286,0.249298,0.030374,0.037183,0.030880,0.847222,0.072023,0.006944,0.009522,0.080000
grounded_geometric_tamp,8,48,0.438168,0.024449,0.182537,0.025340,0.150548,0.017824,0.246528,0.055012,0.788194,0.100016,0.350694,0.067554,0.048611,0.043452,0.367291,0.018829,0.239343,0.032762,0.043807,0.033932,0.836806,0.075019,0.010417,0.011534,0.080000
grounded_geometric_tamp,9,48,0.462606,0.034077,0.198440,0.024343,0.162644,0.018317,0.274306,0.049106,0.763889,0.104228,0.239583,0.059883,0.055556,0.042766,0.352462,0.018394,0.236779,0.040481,0.054040,0.043147,0.819444,0.075861,0.006944,0.013611,0.080000
physics_aware_tamp,0,48,0.499317,0.032701,0.148785,0.018899,0.123598,0.013206,0.312500,0.055555,0.861111,0.093966,0.281250,0.060080,0.052083,0.042570,0.409703,0.016080,0.184551,0.030035,0.123623,0.038536,0.913194,0.057533,0.020833,0.015759,0.080000
physics_aware_tamp,1,48,0.504281,0.035779,0.143153,0.016947,0.120216,0.012583,0.399306,0.047390,0.868056,0.094280,0.312500,0.067122,0.062500,0.051121,0.408426,0.014644,0.179162,0.031078,0.130658,0.040188,0.930556,0.051314,0.017361,0.017506,0.080000
physics_aware_tamp,2,48,0.545884,0.027762,0.155924,0.018759,0.126703,0.012123,0.319444,0.051314,0.871528,0.094421,0.246528,0.051457,0.045139,0.038588,0.416988,0.017791,0.141995,0.028515,0.174920,0.035732,0.916667,0.063034,0.010417,0.015088,0.080000
physics_aware_tamp,3,48,0.470330,0.032774,0.138510,0.020456,0.115424,0.015093,0.378472,0.051227,0.871528,0.094421,0.329861,0.049106,0.041667,0.037037,0.400958,0.017761,0.214340,0.032566,0.094320,0.039896,0.913194,0.065960,0.006944,0.009522,0.080000
physics_aware_tamp,4,48,0.498397,0.029924,0.150176,0.017480,0.123633,0.012448,0.302083,0.051150,0.857639,0.094295,0.267361,0.065057,0.052083,0.041444,0.410923,0.016106,0.184508,0.029096,0.123858,0.034930,0.909722,0.057508,0.003472,0.006806,0.080000
physics_aware_tamp,5,48,0.478008,0.034388,0.140295,0.017410,0.115996,0.012957,0.340278,0.059130,0.857639,0.093792,0.347222,0.075235,0.059028,0.047140,0.404606,0.014144,0.208222,0.031517,0.102352,0.037539,0.916667,0.052378,0.013889,0.016372,0.080000
physics_aware_tamp,6,48,0.526437,0.028327,0.162298,0.021496,0.135550,0.015040,0.340278,0.070781,0.861111,0.093966,0.291667,0.060350,0.027778,0.035516,0.416435,0.021894,0.157674,0.032236,0.149806,0.038564,0.888889,0.078617,0.010417,0.011534,0.080000
physics_aware_tamp,7,48,0.498329,0.033656,0.149433,0.019489,0.123073,0.013484,0.329861,0.052818,0.861111,0.094468,0.364583,0.075751,0.055556,0.049912,0.417151,0.017780,0.174785,0.030917,0.127842,0.038371,0.916667,0.059957,0.010417,0.011534,0.080000
physics_aware_tamp,8,48,0.534968,0.034447,0.152614,0.018735,0.126704,0.013960,0.305556,0.051772,0.854167,0.093608,0.232639,0.065057,0.062500,0.054697,0.409644,0.015745,0.163520,0.033225,0.156509,0.040689,0.916667,0.055021,0.020833,0.028565,0.080000
physics_aware_tamp,9,48,0.521848,0.031054,0.147517,0.019401,0.121887,0.013414,0.347222,0.064395,0.871528,0.094421,0.270833,0.044172,0.045139,0.036053,0.411902,0.016502,0.167850,0.031030,0.148031,0.037388,0.916667,0.061515,0.013889,0.016372,0.080000
semantic_model_predictive_planner,0,48,0.398862,0.023474,0.181919,0.024310,0.149444,0.017617,0.368056,0.052340,0.774306,0.103159,0.336806,0.050996,0.062500,0.048266,0.368279,0.016799,0.276809,0.034605,-0.008095,0.033128,0.836806,0.071135,0.017361,0.022264,0.080000
semantic_model_predictive_planner,1,48,0.425070,0.023539,0.189681,0.026868,0.156757,0.019558,0.375000,0.051005,0.774306,0.107646,0.298611,0.055838,0.059028,0.046125,0.369381,0.019293,0.253879,0.038355,0.015383,0.036168,0.833333,0.079017,0.010417,0.011534,0.080000
semantic_model_predictive_planner,2,48,0.414119,0.033007,0.179148,0.026079,0.143921,0.019568,0.368056,0.056679,0.788194,0.099542,0.309028,0.072126,0.062500,0.058053,0.365548,0.017136,0.263146,0.038556,0.009726,0.039118,0.850694,0.072290,0.034722,0.029111,0.080000
semantic_model_predictive_planner,3,48,0.450495,0.024534,0.205658,0.026135,0.168653,0.019358,0.371528,0.056076,0.767361,0.105986,0.236111,0.043316,0.041667,0.040688,0.366997,0.021319,0.235003,0.041893,0.035645,0.040012,0.809028,0.087532,0.013889,0.016372,0.080000
semantic_model_predictive_planner,4,48,0.406369,0.016326,0.171836,0.020636,0.139947,0.014255,0.402778,0.061387,0.805556,0.096450,0.430556,0.063656,0.048611,0.037618,0.378397,0.017356,0.259725,0.025938,0.010349,0.023664,0.854167,0.065698,0.010417,0.011534,0.080000
semantic_model_predictive_planner,5,48,0.419536,0.030536,0.197660,0.027379,0.158927,0.019562,0.336806,0.062650,0.774306,0.101774,0.284722,0.063749,0.034722,0.032198,0.360772,0.020040,0.264584,0.040378,0.006442,0.038884,0.809028,0.083663,0.006944,0.009522,0.080000
semantic_model_predictive_planner,6,48,0.423303,0.018185,0.193909,0.024297,0.159045,0.017184,0.409722,0.052340,0.774306,0.101308,0.312500,0.058863,0.038194,0.031124,0.374706,0.020464,0.252517,0.032958,0.016447,0.029451,0.812500,0.079984,0.010417,0.011534,0.080000
semantic_model_predictive_planner,7,48,0.416454,0.023943,0.186096,0.020756,0.150351,0.014090,0.385417,0.060080,0.791667,0.099428,0.326389,0.056679,0.045139,0.034716,0.366244,0.018834,0.260863,0.037441,0.009776,0.035995,0.836806,0.072453,0.020833,0.018518,0.080000
semantic_model_predictive_planner,8,48,0.414414,0.020788,0.184571,0.022000,0.151822,0.016394,0.340278,0.059130,0.784722,0.098211,0.322917,0.050918,0.062500,0.052038,0.373166,0.016571,0.259462,0.032117,0.008821,0.030527,0.847222,0.065848,0.003472,0.006806,0.080000
semantic_model_predictive_planner,9,48,0.378883,0.024832,0.174625,0.022463,0.142657,0.016708,0.378472,0.060538,0.781250,0.099264,0.381944,0.051429,0.052083,0.044737,0.363967,0.016970,0.295372,0.035058,-0.027145,0.034751,0.833333,0.072133,0.010417,0.011534,0.080000
learned_failure_classifier_tamp,0,48,0.320382,0.029440,0.289529,0.031152,0.233845,0.024635,0.416667,0.058358,0.513889,0.095711,0.250000,0.049595,0.024306,0.021726,0.305045,0.023638,0.438297,0.050376,-0.171532,0.051541,0.538194,0.087125,0.003472,0.006806,0.080000
learned_failure_classifier_tamp,1,48,0.331327,0.034040,0.268124,0.035398,0.220024,0.029724,0.413194,0.052369,0.555556,0.103087,0.281250,0.063896,0.031250,0.034602,0.315616,0.024771,0.411925,0.052792,-0.145161,0.054655,0.586806,0.094796,0.006944,0.009522,0.080000
learned_failure_classifier_tamp,2,48,0.332862,0.030333,0.300288,0.033671,0.239630,0.028346,0.468750,0.058079,0.496528,0.097501,0.267361,0.069962,0.027778,0.026339,0.305634,0.023288,0.432366,0.050252,-0.162204,0.054032,0.524306,0.089138,0.013889,0.016372,0.080000
learned_failure_classifier_tamp,3,48,0.293477,0.028837,0.232486,0.030819,0.189992,0.025011,0.468750,0.052967,0.600694,0.094170,0.409722,0.077175,0.048611,0.043452,0.320391,0.018811,0.433951,0.039024,-0.166057,0.041303,0.649306,0.077347,0.013889,0.013170,0.080000
learned_failure_classifier_tamp,4,48,0.310755,0.027391,0.272859,0.026495,0.220031,0.021755,0.413194,0.058350,0.534722,0.084209,0.336806,0.057943,0.034722,0.036339,0.308544,0.018761,0.439473,0.038290,-0.171347,0.042276,0.569444,0.073325,0.010417,0.015088,0.080000
learned_failure_classifier_tamp,5,48,0.296621,0.026579,0.238255,0.030541,0.192038,0.024479,0.472222,0.061000,0.597222,0.094217,0.427083,0.067320,0.041667,0.038293,0.321964,0.019823,0.432088,0.040528,-0.163393,0.043619,0.638889,0.079217,0.010417,0.011534,0.080000
learned_failure_classifier_tamp,6,48,0.315066,0.032000,0.242388,0.025107,0.195549,0.019797,0.458333,0.059562,0.597222,0.087986,0.416667,0.059163,0.038194,0.034028,0.326362,0.019791,0.409696,0.041636,-0.142553,0.044644,0.635417,0.071907,0.010417,0.011534,0.080000
learned_failure_classifier_tamp,7,48,0.259587,0.026484,0.231413,0.030238,0.186629,0.024583,0.465278,0.054118,0.586806,0.089138,0.444444,0.069687,0.048611,0.040054,0.308578,0.014421,0.472793,0.031650,-0.204442,0.035684,0.635417,0.069906,0.034722,0.025657,0.080000
learned_failure_classifier_tamp,8,48,0.265005,0.023916,0.210029,0.022224,0.171770,0.018094,0.489583,0.054508,0.631944,0.085325,0.486111,0.054877,0.052083,0.041444,0.322903,0.015120,0.449855,0.033194,-0.183606,0.035224,0.684028,0.060146,0.024306,0.023804,0.080000
learned_failure_classifier_tamp,9,48,0.288652,0.028686,0.212634,0.022242,0.172603,0.018300,0.388889,0.058628,0.645833,0.087334,0.454861,0.054796,0.041667,0.035737,0.328387,0.018146,0.422275,0.037508,-0.156039,0.039219,0.687500,0.067122,0.006944,0.009522,0.080000
proposed_abstraction_failure_audit_v4,0,48,0.413134,0.022031,0.148860,0.008774,0.124902,0.007383,0.493056,0.056679,0.875000,0.094551,0.385417,0.068883,0.059028,0.048133,0.372556,0.007209,0.223872,0.019403,0.042893,0.022730,1.000000,0.000000,0.003472,0.006806,0.080000
proposed_abstraction_failure_audit_v4,1,48,0.391208,0.028454,0.134633,0.011431,0.115393,0.009992,0.479167,0.052038,0.871528,0.094421,0.472222,0.079811,0.083333,0.065246,0.377493,0.009923,0.241939,0.026811,0.024825,0.029781,1.000000,0.000000,0.013889,0.016372,0.080000
proposed_abstraction_failure_audit_v4,2,48,0.384330,0.018624,0.146156,0.008239,0.119908,0.007289,0.510417,0.069055,0.864583,0.094128,0.395833,0.061226,0.055556,0.045965,0.354642,0.006258,0.260052,0.016665,0.010110,0.020450,1.000000,0.000000,0.017361,0.017506,0.080000
proposed_abstraction_failure_audit_v4,3,48,0.402314,0.023842,0.143868,0.008477,0.120900,0.006951,0.472222,0.059429,0.875000,0.094551,0.399306,0.063587,0.062500,0.054697,0.373620,0.008130,0.233825,0.022852,0.034069,0.025407,1.000000,0.000000,0.006944,0.009522,0.080000
proposed_abstraction_failure_audit_v4,4,48,0.401795,0.025630,0.152303,0.011454,0.125954,0.008991,0.486111,0.054008,0.875000,0.094551,0.357639,0.070131,0.055556,0.044924,0.360220,0.009120,0.240812,0.022507,0.027314,0.025915,1.000000,0.000000,0.010417,0.011534,0.080000
proposed_abstraction_failure_audit_v4,5,48,0.353701,0.024210,0.128890,0.009002,0.107489,0.007209,0.506944,0.068747,0.871528,0.094421,0.451389,0.048591,0.083333,0.065967,0.357876,0.007969,0.286617,0.023690,-0.017922,0.026672,1.000000,0.000000,0.020833,0.018518,0.080000
proposed_abstraction_failure_audit_v4,6,48,0.369432,0.031888,0.130993,0.011691,0.109653,0.009046,0.545139,0.053926,0.875000,0.094551,0.420139,0.062271,0.076389,0.061483,0.368181,0.008127,0.265606,0.030404,0.001536,0.033926,1.000000,0.000000,0.013889,0.013170,0.080000
proposed_abstraction_failure_audit_v4,7,48,0.323400,0.025232,0.111968,0.009186,0.092767,0.006967,0.503472,0.061121,0.875000,0.094551,0.555556,0.071694,0.079861,0.061507,0.364569,0.007442,0.309804,0.023819,-0.041453,0.027828,1.000000,0.000000,0.034722,0.023742,0.080000
proposed_abstraction_failure_audit_v4,8,48,0.425123,0.025311,0.158864,0.012634,0.132269,0.009997,0.437500,0.055555,0.871528,0.094421,0.343750,0.071080,0.079861,0.065960,0.365096,0.006936,0.217674,0.022563,0.048575,0.024401,1.000000,0.000000,0.017361,0.017506,0.080000
proposed_abstraction_failure_audit_v4,9,48,0.366588,0.028119,0.130555,0.010622,0.109681,0.008855,0.500000,0.057542,0.868056,0.094280,0.479167,0.065698,0.079861,0.063026,0.367554,0.008350,0.268713,0.025067,-0.002477,0.029366,1.000000,0.000000,0.013889,0.016372,0.080000
risk_bounded_abstraction_failure_audit_v5,0,48,0.234406,0.022197,0.408107,0.026334,0.320894,0.020939,0.555556,0.055306,0.243056,0.058324,0.180556,0.042210,0.020833,0.020917,0.256580,0.013739,0.630369,0.038429,-0.363604,0.040545,0.263889,0.054877,0.006944,0.009522,0.080000
risk_bounded_abstraction_failure_audit_v5,1,48,0.261502,0.021761,0.410608,0.021610,0.323698,0.018284,0.545139,0.051227,0.246528,0.055012,0.197917,0.048296,0.013889,0.016372,0.262399,0.013959,0.598351,0.034265,-0.331588,0.037717,0.260417,0.052293,0.006944,0.009522,0.080000
risk_bounded_abstraction_failure_audit_v5,2,48,0.241686,0.023715,0.396795,0.030115,0.304997,0.023091,0.600694,0.056496,0.260417,0.068019,0.222222,0.056991,0.024306,0.025714,0.260986,0.016115,0.612828,0.041609,-0.342667,0.043947,0.284722,0.065216,0.024306,0.021726,0.080000
risk_bounded_abstraction_failure_audit_v5,3,48,0.241281,0.026142,0.358285,0.018087,0.283096,0.015538,0.524306,0.070131,0.333333,0.051467,0.281250,0.046804,0.027778,0.026339,0.276618,0.010887,0.589427,0.029417,-0.321533,0.030699,0.361111,0.042766,0.003472,0.006806,0.080000
risk_bounded_abstraction_failure_audit_v5,4,48,0.273240,0.017726,0.382964,0.023952,0.300462,0.017301,0.524306,0.072779,0.309028,0.065960,0.211806,0.053042,0.006944,0.009522,0.275722,0.017088,0.564974,0.032301,-0.296848,0.032947,0.315972,0.063957,0.003472,0.006806,0.080000
risk_bounded_abstraction_failure_audit_v5,5,48,0.258782,0.028360,0.358559,0.025236,0.279275,0.018993,0.472222,0.066917,0.350694,0.067554,0.256944,0.047608,0.024306,0.021726,0.284799,0.017240,0.566904,0.044132,-0.298209,0.047200,0.375000,0.060350,0.003472,0.006806,0.080000
risk_bounded_abstraction_failure_audit_v5,6,48,0.267599,0.018814,0.331344,0.026118,0.263963,0.020683,0.552083,0.057670,0.399306,0.070635,0.326389,0.065937,0.020833,0.020917,0.295132,0.014980,0.538233,0.031682,-0.271090,0.032408,0.420139,0.063772,0.010417,0.011534,0.080000
risk_bounded_abstraction_failure_audit_v5,7,48,0.282501,0.021935,0.312307,0.024020,0.245218,0.018183,0.552083,0.061635,0.440972,0.072453,0.326389,0.052340,0.027778,0.024477,0.309083,0.016527,0.505861,0.035261,-0.237509,0.036739,0.468750,0.062017,0.010417,0.011534,0.080000
risk_bounded_abstraction_failure_audit_v5,8,48,0.266917,0.020851,0.381946,0.016434,0.299443,0.012605,0.541667,0.062658,0.312500,0.052939,0.229167,0.038447,0.010417,0.011534,0.276142,0.013454,0.570772,0.027927,-0.304523,0.030932,0.322917,0.049025,0.006944,0.009522,0.080000
risk_bounded_abstraction_failure_audit_v5,9,48,0.259837,0.023423,0.347752,0.026461,0.273673,0.020327,0.552083,0.056844,0.371528,0.062461,0.302083,0.062776,0.020833,0.028565,0.288208,0.012636,0.557020,0.026705,-0.290784,0.029070,0.392361,0.058754,0.003472,0.006806,0.080000
llm_tamp_failure_reasoning,0,48,0.377626,0.020002,0.157957,0.021360,0.128873,0.014460,0.406250,0.052293,0.809028,0.096771,0.368056,0.041218,0.048611,0.037618,0.344659,0.015009,0.285066,0.028290,-0.013201,0.028337,0.857639,0.065960,0.083333,0.033693,0.100000
llm_tamp_failure_reasoning,1,48,0.392369,0.033552,0.166084,0.028010,0.136247,0.020765,0.333333,0.055874,0.795139,0.103502,0.340278,0.074683,0.041667,0.038293,0.347451,0.019567,0.270774,0.040468,0.000346,0.039750,0.836806,0.082238,0.114583,0.042570,0.100000
llm_tamp_failure_reasoning,2,48,0.378935,0.031982,0.152562,0.024022,0.121621,0.016504,0.322917,0.055369,0.819444,0.098151,0.350694,0.065420,0.059028,0.050996,0.341990,0.016060,0.282894,0.035931,-0.007420,0.036258,0.878472,0.065780,0.069444,0.034843,0.100000
llm_tamp_failure_reasoning,3,48,0.386052,0.028522,0.161196,0.022436,0.133146,0.017075,0.378472,0.043213,0.802083,0.096608,0.319444,0.054877,0.052083,0.046804,0.344421,0.016730,0.280656,0.034660,-0.007130,0.034427,0.854167,0.068517,0.079861,0.033678,0.100000
llm_tamp_failure_reasoning,4,48,0.376883,0.029142,0.140701,0.020882,0.115909,0.015309,0.371528,0.058552,0.815972,0.098347,0.402778,0.070698,0.079861,0.061507,0.358376,0.013865,0.273253,0.031909,-0.001196,0.032695,0.895833,0.052939,0.138889,0.047979,0.100000
llm_tamp_failure_reasoning,5,48,0.340960,0.026950,0.130084,0.018775,0.107151,0.013819,0.420139,0.051457,0.822917,0.095500,0.444444,0.066917,0.076389,0.060709,0.348653,0.012167,0.309228,0.029278,-0.037238,0.029744,0.899306,0.050295,0.135417,0.043122,0.100000
llm_tamp_failure_reasoning,6,48,0.338773,0.032114,0.130545,0.021201,0.109366,0.016222,0.375000,0.061129,0.822917,0.095994,0.486111,0.082435,0.062500,0.052038,0.349473,0.014674,0.308613,0.033273,-0.039132,0.034259,0.885417,0.059288,0.125000,0.049116,0.100000
llm_tamp_failure_reasoning,7,48,0.358478,0.028592,0.140662,0.021439,0.114349,0.015138,0.364583,0.045263,0.812500,0.097081,0.402778,0.058223,0.065972,0.052142,0.350266,0.013336,0.294512,0.030651,-0.022548,0.031168,0.878472,0.058147,0.135417,0.046296,0.100000
llm_tamp_failure_reasoning,8,48,0.363323,0.024029,0.150441,0.022544,0.122317,0.015985,0.343750,0.049981,0.815972,0.096893,0.395833,0.050187,0.055556,0.046983,0.342181,0.014631,0.296747,0.031362,-0.025717,0.029323,0.871528,0.064693,0.079861,0.037657,0.100000
llm_tamp_failure_reasoning,9,48,0.409984,0.036640,0.181259,0.030009,0.147652,0.021834,0.322917,0.052744,0.791667,0.101313,0.270833,0.072541,0.027778,0.032744,0.346659,0.021823,0.258584,0.045007,0.012114,0.045082,0.819444,0.087986,0.069444,0.037460,0.100000
runtime_monitor_replanner,0,48,0.283190,0.029481,0.192069,0.035695,0.155527,0.029328,0.194444,0.035516,0.593750,0.097218,0.434028,0.073907,0.059028,0.051915,0.282403,0.014702,0.395563,0.042013,-0.128798,0.047051,0.774306,0.075019,0.114583,0.044737,0.100000
runtime_monitor_replanner,1,48,0.258601,0.030938,0.137494,0.024836,0.109807,0.018353,0.211806,0.046381,0.708333,0.096531,0.479167,0.062752,0.065972,0.053042,0.295951,0.015785,0.388769,0.041133,-0.122006,0.043822,0.861111,0.053569,0.135417,0.048296,0.100000
runtime_monitor_replanner,2,48,0.306920,0.033962,0.175635,0.014353,0.139236,0.011830,0.204861,0.053486,0.642361,0.079011,0.413194,0.059155,0.048611,0.041218,0.294132,0.013885,0.356394,0.042141,-0.086233,0.046002,0.805556,0.040494,0.152778,0.054008,0.100000
runtime_monitor_replanner,3,48,0.296756,0.027972,0.172688,0.014921,0.138970,0.011634,0.184028,0.046888,0.642361,0.081370,0.475694,0.051457,0.055556,0.043859,0.293101,0.012186,0.366125,0.037602,-0.098231,0.040304,0.809028,0.040091,0.111111,0.036823,0.100000
runtime_monitor_replanner,4,48,0.236680,0.030149,0.153962,0.020631,0.122327,0.016462,0.197917,0.056427,0.659722,0.087515,0.520833,0.056400,0.065972,0.051227,0.280306,0.014360,0.427381,0.041034,-0.159256,0.044477,0.815972,0.047886,0.097222,0.043316,0.100000
runtime_monitor_replanner,5,48,0.252056,0.019861,0.203081,0.019908,0.161041,0.016758,0.256944,0.048591,0.562500,0.077583,0.371528,0.041539,0.052083,0.042570,0.266601,0.011513,0.440682,0.032065,-0.171986,0.035404,0.739583,0.050452,0.097222,0.033458,0.100000
runtime_monitor_replanner,6,48,0.255097,0.027867,0.194348,0.021903,0.154960,0.017762,0.184028,0.053486,0.569444,0.081860,0.416667,0.053273,0.048611,0.041218,0.267757,0.013887,0.428796,0.037586,-0.161654,0.041557,0.753472,0.053264,0.072917,0.033561,0.100000
runtime_monitor_replanner,7,48,0.279634,0.026093,0.198972,0.028852,0.160287,0.024397,0.194444,0.046983,0.576389,0.090700,0.361111,0.068316,0.052083,0.042570,0.276354,0.014810,0.404764,0.041324,-0.136412,0.044733,0.753472,0.065960,0.107639,0.046125,0.100000
runtime_monitor_replanner,8,48,0.217165,0.032087,0.151937,0.022580,0.122468,0.017864,0.218750,0.042570,0.656250,0.086124,0.548611,0.052340,0.076389,0.059924,0.275042,0.013877,0.450069,0.041726,-0.183820,0.045325,0.805556,0.049912,0.093750,0.038791,0.100000
runtime_monitor_replanner,9,48,0.268718,0.025848,0.191923,0.029668,0.153741,0.023998,0.236111,0.045448,0.583333,0.091241,0.423611,0.067357,0.041667,0.037037,0.274507,0.014638,0.409819,0.034633,-0.143583,0.038268,0.774306,0.064875,0.072917,0.032121,0.100000
grounded_geometric_tamp,0,48,0.411410,0.033453,0.163454,0.022230,0.134236,0.016360,0.333333,0.059163,0.812500,0.096102,0.315972,0.058552,0.052083,0.042570,0.352614,0.015560,0.269968,0.032688,0.017692,0.036733,0.864583,0.064265,0.083333,0.041265,0.100000
grounded_geometric_tamp,1,48,0.424741,0.027787,0.176386,0.022038,0.144554,0.016063,0.284722,0.048591,0.791667,0.097020,0.295139,0.055226,0.052083,0.042570,0.355700,0.016771,0.259440,0.030537,0.027297,0.032965,0.843750,0.066968,0.079861,0.035055,0.100000
grounded_geometric_tamp,2,48,0.374197,0.029375,0.150408,0.023093,0.119999,0.015565,0.267361,0.052142,0.819444,0.095711,0.406250,0.077754,0.048611,0.040054,0.358740,0.013859,0.292432,0.026886,-0.008443,0.030358,0.868056,0.065216,0.135417,0.047307,0.100000
grounded_geometric_tamp,3,48,0.388404,0.024730,0.153333,0.021913,0.127982,0.016330,0.312500,0.049236,0.812500,0.097567,0.350694,0.060927,0.062500,0.051121,0.362697,0.014745,0.279846,0.027324,0.002491,0.028787,0.875000,0.061898,0.131944,0.054985,0.100000
grounded_geometric_tamp,4,48,0.413775,0.031683,0.175431,0.026363,0.142600,0.018884,0.270833,0.050187,0.781250,0.104374,0.253472,0.056705,0.055556,0.044924,0.352536,0.019441,0.272338,0.040386,0.015454,0.041801,0.836806,0.076270,0.090278,0.040054,0.100000
grounded_geometric_tamp,5,48,0.404489,0.023847,0.168499,0.024313,0.138740,0.017281,0.284722,0.052340,0.798611,0.099646,0.277778,0.043859,0.041667,0.034388,0.358084,0.018897,0.274126,0.030960,0.011471,0.032340,0.840278,0.075314,0.097222,0.033458,0.100000
grounded_geometric_tamp,6,48,0.392008,0.029347,0.158258,0.023384,0.132073,0.017441,0.256944,0.053236,0.809028,0.097744,0.361111,0.066206,0.048611,0.044528,0.362853,0.017428,0.275744,0.033201,0.005227,0.034300,0.857639,0.071467,0.114583,0.037866,0.100000
grounded_geometric_tamp,7,48,0.381705,0.022859,0.148252,0.022170,0.121275,0.015579,0.222222,0.040494,0.819444,0.098632,0.357639,0.050530,0.055556,0.044924,0.367581,0.016335,0.278601,0.026730,0.002350,0.027951,0.875000,0.065608,0.138889,0.049912,0.100000
grounded_geometric_tamp,8,48,0.399031,0.024787,0.156945,0.020909,0.130202,0.014594,0.246528,0.055012,0.812500,0.095112,0.350694,0.067554,0.059028,0.050060,0.373588,0.015671,0.259435,0.028786,0.018184,0.029828,0.871528,0.060927,0.121528,0.045350,0.100000
grounded_geometric_tamp,9,48,0.414997,0.034670,0.178815,0.025214,0.146978,0.019193,0.274306,0.049106,0.774306,0.102699,0.239583,0.059883,0.062500,0.049236,0.355672,0.017368,0.268815,0.039632,0.015244,0.040941,0.836806,0.071135,0.079861,0.033678,0.100000
physics_aware_tamp,0,48,0.448191,0.033468,0.135611,0.019180,0.113003,0.013478,0.312500,0.055555,0.864583,0.094128,0.281250,0.060080,0.055556,0.045965,0.405939,0.015250,0.223486,0.028608,0.075181,0.037485,0.920139,0.055865,0.156250,0.049025,0.100000
physics_aware_tamp,1,48,0.465169,0.036310,0.133500,0.017402,0.112494,0.012909,0.399306,0.047390,0.868056,0.094280,0.312500,0.067122,0.062500,0.051121,0.405716,0.014008,0.210651,0.030564,0.093010,0.039810,0.930556,0.051314,0.138889,0.052678,0.100000
physics_aware_tamp,2,48,0.486514,0.027778,0.141322,0.017154,0.115526,0.011259,0.319444,0.051314,0.871528,0.094421,0.246528,0.051457,0.055556,0.043859,0.413747,0.015423,0.186635,0.026640,0.118428,0.033105,0.927083,0.054072,0.194444,0.063284,0.100000
physics_aware_tamp,3,48,0.420964,0.028812,0.129624,0.020683,0.108755,0.015129,0.378472,0.051227,0.875000,0.094551,0.329861,0.049106,0.041667,0.037037,0.401897,0.018312,0.247840,0.031412,0.047849,0.035480,0.916667,0.065967,0.125000,0.051005,0.100000
physics_aware_tamp,4,48,0.440017,0.035618,0.137355,0.018493,0.113387,0.013201,0.302083,0.051150,0.857639,0.094295,0.267361,0.065057,0.055556,0.044924,0.409931,0.015401,0.226346,0.031524,0.069042,0.038865,0.913194,0.055865,0.197917,0.057259,0.100000
physics_aware_tamp,5,48,0.436496,0.037570,0.125619,0.016780,0.104524,0.012720,0.340278,0.059130,0.861111,0.093966,0.347222,0.075235,0.069444,0.055732,0.401441,0.013688,0.241303,0.034823,0.063941,0.039902,0.930556,0.046477,0.177083,0.058687,0.100000
physics_aware_tamp,6,48,0.482315,0.028854,0.144619,0.020098,0.121731,0.014243,0.340278,0.070781,0.868056,0.094280,0.291667,0.060350,0.038194,0.039196,0.415928,0.019706,0.188275,0.029627,0.111933,0.035965,0.906250,0.070746,0.173611,0.068747,0.100000
physics_aware_tamp,7,48,0.440944,0.036404,0.134538,0.019261,0.111050,0.013610,0.329861,0.052818,0.864583,0.094128,0.364583,0.075751,0.059028,0.050060,0.410314,0.016181,0.221255,0.032598,0.072290,0.038776,0.923611,0.054985,0.190972,0.065960,0.100000
physics_aware_tamp,8,48,0.492402,0.038178,0.138459,0.019281,0.114952,0.014130,0.305556,0.051772,0.861111,0.093966,0.232639,0.065057,0.062500,0.054697,0.406586,0.015556,0.196180,0.035858,0.117730,0.042936,0.923611,0.054985,0.121528,0.048378,0.100000
physics_aware_tamp,9,48,0.462793,0.028289,0.134493,0.018392,0.111892,0.013176,0.347222,0.064395,0.871528,0.094421,0.270833,0.044172,0.048611,0.037618,0.405361,0.015309,0.215314,0.028026,0.089807,0.033805,0.920139,0.058350,0.131944,0.050501,0.100000
semantic_model_predictive_planner,0,48,0.368409,0.027358,0.160800,0.022286,0.132683,0.016434,0.368056,0.052340,0.791667,0.100375,0.336806,0.050996,0.072917,0.058282,0.369766,0.015727,0.298272,0.035518,-0.029855,0.034754,0.864583,0.063525,0.090278,0.045577,0.100000
semantic_model_predictive_planner,1,48,0.393518,0.022607,0.166950,0.024408,0.139359,0.017943,0.375000,0.051005,0.798611,0.102915,0.298611,0.055838,0.062500,0.048266,0.376890,0.017386,0.273157,0.032624,-0.004445,0.030879,0.861111,0.069005,0.111111,0.041646,0.100000
semantic_model_predictive_planner,2,48,0.381952,0.033441,0.167105,0.025576,0.134785,0.019442,0.368056,0.056679,0.791667,0.098472,0.309028,0.072126,0.065972,0.058147,0.361001,0.015713,0.292792,0.037549,-0.020301,0.037436,0.857639,0.067379,0.107639,0.050060,0.100000
semantic_model_predictive_planner,3,48,0.428240,0.022360,0.186275,0.024107,0.154239,0.018042,0.371528,0.056076,0.784722,0.105188,0.236111,0.043316,0.052083,0.044737,0.373835,0.019347,0.246378,0.038468,0.023804,0.035856,0.836806,0.079904,0.093750,0.037552,0.100000
semantic_model_predictive_planner,4,48,0.363060,0.021094,0.145739,0.020260,0.119652,0.014438,0.402778,0.061387,0.829861,0.095541,0.430556,0.063656,0.052083,0.041444,0.377083,0.016265,0.294147,0.026302,-0.024327,0.025166,0.881944,0.061483,0.131944,0.051429,0.100000
semantic_model_predictive_planner,5,48,0.392702,0.030330,0.181926,0.024991,0.147225,0.018197,0.336806,0.062650,0.781250,0.099264,0.284722,0.063749,0.041667,0.035737,0.364643,0.018775,0.284237,0.038871,-0.013635,0.037415,0.822917,0.076218,0.083333,0.033693,0.100000
semantic_model_predictive_planner,6,48,0.392864,0.018637,0.173370,0.022087,0.142613,0.015656,0.409722,0.052340,0.795139,0.096893,0.312500,0.058863,0.041667,0.032984,0.376802,0.017956,0.273964,0.027448,-0.005296,0.024544,0.836806,0.071135,0.097222,0.034843,0.100000
semantic_model_predictive_planner,7,48,0.381930,0.023380,0.169237,0.019922,0.136947,0.014096,0.385417,0.060080,0.798611,0.098211,0.326389,0.056679,0.055556,0.042766,0.363039,0.015654,0.291023,0.033628,-0.020639,0.032773,0.854167,0.064974,0.090278,0.041218,0.100000
semantic_model_predictive_planner,8,48,0.369841,0.022097,0.160732,0.020653,0.132613,0.015180,0.340278,0.059130,0.798611,0.095773,0.322917,0.050918,0.069444,0.056575,0.373074,0.014140,0.295039,0.028330,-0.027223,0.027899,0.868056,0.057508,0.100694,0.042105,0.100000
semantic_model_predictive_planner,9,48,0.349536,0.024631,0.154405,0.019840,0.127240,0.015384,0.378472,0.060538,0.795139,0.097380,0.381944,0.051429,0.065972,0.053926,0.366581,0.014967,0.315942,0.032041,-0.048096,0.032692,0.861111,0.061771,0.111111,0.038086,0.100000
learned_failure_classifier_tamp,0,48,0.317080,0.027014,0.254008,0.032032,0.205212,0.024517,0.416667,0.058358,0.583333,0.097749,0.250000,0.049595,0.031250,0.026913,0.323371,0.022998,0.415578,0.046407,-0.148813,0.047001,0.614583,0.085435,0.093750,0.041158,0.100000
learned_failure_classifier_tamp,1,48,0.313299,0.032368,0.230896,0.030573,0.189612,0.025404,0.413194,0.052369,0.618056,0.095773,0.281250,0.063896,0.034722,0.035013,0.329088,0.021865,0.405456,0.043215,-0.138692,0.044809,0.652778,0.083007,0.086806,0.037657,0.100000
learned_failure_classifier_tamp,2,48,0.318664,0.031112,0.269167,0.032441,0.214648,0.026404,0.468750,0.058079,0.548611,0.095278,0.267361,0.069962,0.031250,0.031751,0.314065,0.021283,0.427402,0.044523,-0.157241,0.047975,0.579861,0.085343,0.131944,0.050501,0.100000
learned_failure_classifier_tamp,3,48,0.269442,0.028231,0.187539,0.028917,0.154514,0.023280,0.468750,0.052967,0.677083,0.095003,0.409722,0.077175,0.052083,0.044737,0.333149,0.017662,0.430898,0.035066,-0.163004,0.036994,0.729167,0.072541,0.107639,0.045088,0.100000
learned_failure_classifier_tamp,4,48,0.281638,0.029831,0.246342,0.024495,0.199111,0.020210,0.413194,0.058350,0.565972,0.082954,0.336806,0.057943,0.045139,0.040966,0.309590,0.016378,0.457754,0.037814,-0.189628,0.042539,0.611111,0.066206,0.114583,0.042570,0.100000
learned_failure_classifier_tamp,5,48,0.269510,0.029642,0.191641,0.027775,0.156035,0.022230,0.472222,0.061000,0.656250,0.092480,0.427083,0.067320,0.069444,0.056575,0.332603,0.015874,0.434042,0.036716,-0.165347,0.040837,0.725694,0.065600,0.156250,0.053633,0.100000
learned_failure_classifier_tamp,6,48,0.288166,0.031461,0.201482,0.020508,0.163462,0.016137,0.458333,0.059562,0.663194,0.082811,0.416667,0.059163,0.045139,0.037342,0.334833,0.015454,0.414159,0.034650,-0.147016,0.039283,0.708333,0.057951,0.142361,0.048622,0.100000
learned_failure_classifier_tamp,7,48,0.240304,0.025205,0.182908,0.029000,0.148774,0.022859,0.465278,0.054118,0.666667,0.091758,0.444444,0.069687,0.059028,0.048133,0.325134,0.013284,0.461974,0.027312,-0.193623,0.031202,0.725694,0.065600,0.135417,0.045263,0.100000
learned_failure_classifier_tamp,8,48,0.238569,0.024444,0.184001,0.020896,0.150580,0.017168,0.489583,0.054508,0.659722,0.085325,0.486111,0.054877,0.065972,0.052142,0.323524,0.013085,0.464531,0.029895,-0.198282,0.032587,0.725694,0.053706,0.100694,0.044295,0.100000
learned_failure_classifier_tamp,9,48,0.268655,0.027957,0.163173,0.022847,0.133991,0.018765,0.388889,0.058628,0.715278,0.093777,0.454861,0.054796,0.069444,0.054008,0.346350,0.015466,0.410828,0.034762,-0.144592,0.035318,0.784722,0.059924,0.131944,0.049555,0.100000
proposed_abstraction_failure_audit_v4,0,48,0.365243,0.027775,0.125946,0.010356,0.106566,0.008665,0.493056,0.056679,0.871528,0.094421,0.385417,0.068883,0.076389,0.062247,0.372431,0.007882,0.266885,0.025481,-0.000120,0.029426,1.000000,0.000000,0.111111,0.047979,0.100000
proposed_abstraction_failure_audit_v4,1,48,0.336648,0.028934,0.108469,0.010449,0.093802,0.009008,0.479167,0.052038,0.875000,0.094551,0.472222,0.079811,0.086806,0.068769,0.380039,0.009227,0.290181,0.028294,-0.023418,0.030935,1.000000,0.000000,0.131944,0.047608,0.100000
proposed_abstraction_failure_audit_v4,2,48,0.343090,0.020428,0.126954,0.007100,0.104484,0.006585,0.510417,0.069055,0.864583,0.094128,0.395833,0.061226,0.076389,0.059130,0.355092,0.006852,0.297572,0.019600,-0.027411,0.022512,1.000000,0.000000,0.076389,0.029111,0.100000
proposed_abstraction_failure_audit_v4,3,48,0.365975,0.025777,0.125865,0.008273,0.106460,0.007115,0.472222,0.059429,0.875000,0.094551,0.399306,0.063587,0.069444,0.054877,0.376133,0.008345,0.265381,0.024730,0.002513,0.028006,1.000000,0.000000,0.128472,0.045868,0.100000
proposed_abstraction_failure_audit_v4,4,48,0.362769,0.029466,0.133717,0.013352,0.110471,0.010450,0.486111,0.054008,0.875000,0.094551,0.357639,0.070131,0.059028,0.053706,0.359945,0.007569,0.276129,0.026031,-0.008003,0.029366,1.000000,0.000000,0.093750,0.037552,0.100000
proposed_abstraction_failure_audit_v4,5,48,0.313509,0.023285,0.111155,0.009997,0.093162,0.008285,0.506944,0.068747,0.875000,0.094551,0.451389,0.048591,0.083333,0.063780,0.357579,0.007078,0.323583,0.022008,-0.054887,0.024516,1.000000,0.000000,0.093750,0.041158,0.100000
proposed_abstraction_failure_audit_v4,6,48,0.329987,0.030360,0.112930,0.011200,0.094730,0.008452,0.545139,0.053926,0.875000,0.094551,0.420139,0.062271,0.083333,0.064517,0.368800,0.007712,0.301590,0.028363,-0.034447,0.032345,1.000000,0.000000,0.125000,0.048143,0.100000
proposed_abstraction_failure_audit_v4,7,48,0.279447,0.027351,0.094769,0.009676,0.078541,0.007381,0.503472,0.061121,0.875000,0.094551,0.555556,0.071694,0.083333,0.063780,0.361044,0.006384,0.352059,0.026155,-0.083707,0.029363,1.000000,0.000000,0.121528,0.038588,0.100000
proposed_abstraction_failure_audit_v4,8,48,0.374344,0.032720,0.139311,0.015062,0.115676,0.011740,0.437500,0.055555,0.868056,0.094280,0.343750,0.071080,0.076389,0.060709,0.360981,0.007937,0.265104,0.030301,0.001145,0.032827,1.000000,0.000000,0.111111,0.045965,0.100000
proposed_abstraction_failure_audit_v4,9,48,0.317323,0.028805,0.110407,0.010610,0.093452,0.008956,0.500000,0.057542,0.871528,0.094421,0.479167,0.065698,0.086806,0.068769,0.364706,0.007563,0.315077,0.026947,-0.048842,0.030325,1.000000,0.000000,0.107639,0.047140,0.100000
risk_bounded_abstraction_failure_audit_v5,0,48,0.236200,0.019937,0.361710,0.029655,0.285466,0.023817,0.555556,0.055306,0.333333,0.071474,0.180556,0.042210,0.020833,0.020917,0.274101,0.015295,0.596848,0.035253,-0.330083,0.037200,0.354167,0.066414,0.034722,0.023742,0.100000
risk_bounded_abstraction_failure_audit_v5,1,48,0.259483,0.023011,0.376570,0.025850,0.296878,0.020689,0.545139,0.051227,0.309028,0.063772,0.197917,0.048296,0.020833,0.020917,0.275514,0.014829,0.577659,0.036589,-0.310896,0.039047,0.329861,0.058754,0.072917,0.027349,0.100000
risk_bounded_abstraction_failure_audit_v5,2,48,0.241165,0.023600,0.361373,0.028442,0.278447,0.022081,0.600694,0.056496,0.329861,0.066317,0.222222,0.056991,0.024306,0.025714,0.274101,0.013939,0.590030,0.035670,-0.319869,0.037919,0.354167,0.061226,0.065972,0.036053,0.100000
risk_bounded_abstraction_failure_audit_v5,3,48,0.242880,0.028828,0.312862,0.013738,0.247208,0.010208,0.524306,0.070131,0.427083,0.054072,0.281250,0.046804,0.031250,0.026913,0.296656,0.011947,0.556559,0.033872,-0.288665,0.035233,0.458333,0.038293,0.065972,0.034716,0.100000
risk_bounded_abstraction_failure_audit_v5,4,48,0.283174,0.020759,0.327262,0.028140,0.256733,0.020215,0.524306,0.072779,0.420139,0.078410,0.211806,0.053042,0.013889,0.016372,0.301740,0.019164,0.514676,0.036266,-0.246550,0.036426,0.434028,0.073907,0.076389,0.036339,0.100000
risk_bounded_abstraction_failure_audit_v5,5,48,0.259502,0.028910,0.321068,0.026478,0.250619,0.019184,0.472222,0.066917,0.416667,0.074074,0.256944,0.047608,0.034722,0.030693,0.299906,0.018233,0.540987,0.045019,-0.272291,0.047461,0.451389,0.063749,0.097222,0.044395,0.100000
risk_bounded_abstraction_failure_audit_v5,6,48,0.257323,0.027223,0.267934,0.027700,0.215409,0.021019,0.552083,0.057670,0.510417,0.080445,0.326389,0.065937,0.038194,0.032608,0.317847,0.016394,0.508812,0.039730,-0.241669,0.041667,0.548611,0.065937,0.107639,0.047140,0.100000
risk_bounded_abstraction_failure_audit_v5,7,48,0.279938,0.021402,0.270671,0.028587,0.213803,0.021360,0.552083,0.061635,0.520833,0.082888,0.326389,0.052340,0.031250,0.026913,0.324611,0.017392,0.481511,0.034784,-0.213159,0.035944,0.552083,0.070243,0.114583,0.042570,0.100000
risk_bounded_abstraction_failure_audit_v5,8,48,0.269886,0.022547,0.323143,0.016639,0.253863,0.011216,0.541667,0.062658,0.420139,0.059155,0.229167,0.038447,0.027778,0.024477,0.302056,0.012904,0.527597,0.027787,-0.261348,0.030009,0.447917,0.046804,0.076389,0.037618,0.100000
risk_bounded_abstraction_failure_audit_v5,9,48,0.255410,0.024795,0.303525,0.031550,0.240160,0.024379,0.552083,0.056844,0.451389,0.076560,0.302083,0.062776,0.027778,0.032744,0.303684,0.014926,0.533166,0.028713,-0.266931,0.031573,0.479167,0.069884,0.055556,0.029715,0.100000
llm_tamp_failure_reasoning,0,48,0.271652,0.018083,0.103714,0.016097,0.085388,0.011090,0.406250,0.052293,0.840278,0.094280,0.368056,0.041218,0.069444,0.053125,0.339788,0.011614,0.370642,0.020888,-0.101859,0.020650,0.909722,0.046604,0.385417,0.050686,0.150000
llm_tamp_failure_reasoning,1,48,0.279609,0.035619,0.105329,0.019806,0.086713,0.015246,0.333333,0.055874,0.833333,0.095794,0.340278,0.074683,0.076389,0.060709,0.338659,0.011457,0.363905,0.034081,-0.094485,0.036157,0.909722,0.049555,0.364583,0.065720,0.150000
llm_tamp_failure_reasoning,2,48,0.301163,0.034234,0.112252,0.019799,0.090282,0.013758,0.322917,0.055369,0.840278,0.095278,0.350694,0.065420,0.076389,0.061483,0.340171,0.011982,0.346106,0.034388,-0.072652,0.034863,0.916667,0.048632,0.378472,0.061314,0.150000
llm_tamp_failure_reasoning,3,48,0.294806,0.031918,0.109734,0.020134,0.092374,0.016025,0.378472,0.043213,0.829861,0.095541,0.319444,0.054877,0.076389,0.061483,0.343610,0.013550,0.351687,0.032902,-0.080499,0.033085,0.906250,0.050452,0.413194,0.065239,0.150000
llm_tamp_failure_reasoning,4,48,0.246626,0.035924,0.082480,0.018744,0.068964,0.014345,0.371528,0.058552,0.850694,0.098347,0.402778,0.070698,0.093750,0.072071,0.342539,0.012287,0.387892,0.037172,-0.118067,0.038540,0.944444,0.042766,0.385417,0.066079,0.150000
llm_tamp_failure_reasoning,5,48,0.219053,0.024009,0.081616,0.014211,0.067328,0.010202,0.420139,0.051457,0.847222,0.094217,0.444444,0.066917,0.090278,0.069432,0.327594,0.007139,0.422457,0.022900,-0.151849,0.024673,0.937500,0.034559,0.281250,0.042570,0.150000
llm_tamp_failure_reasoning,6,48,0.192331,0.031832,0.065268,0.015954,0.055480,0.012452,0.375000,0.061129,0.854167,0.094112,0.486111,0.082435,0.090278,0.070781,0.330577,0.007841,0.439805,0.029317,-0.171813,0.030906,0.944444,0.035516,0.309028,0.049585,0.150000
llm_tamp_failure_reasoning,7,48,0.250784,0.022356,0.089943,0.014754,0.074017,0.010187,0.364583,0.045263,0.847222,0.093714,0.402778,0.058223,0.086806,0.067379,0.338354,0.008300,0.388820,0.021739,-0.118450,0.022721,0.934028,0.036053,0.350694,0.044825,0.150000
llm_tamp_failure_reasoning,8,48,0.267303,0.022123,0.104540,0.017632,0.086286,0.012667,0.343750,0.049981,0.833333,0.094301,0.395833,0.050187,0.076389,0.060709,0.339149,0.011511,0.376166,0.026688,-0.107898,0.024726,0.909722,0.046604,0.388889,0.055306,0.150000
llm_tamp_failure_reasoning,9,48,0.303190,0.037068,0.113814,0.021347,0.093861,0.015830,0.322917,0.052744,0.833333,0.093798,0.270833,0.072541,0.072917,0.060668,0.345718,0.011928,0.339283,0.033952,-0.070604,0.036717,0.906250,0.050452,0.423611,0.065937,0.150000
runtime_monitor_replanner,0,48,0.187705,0.033181,0.122866,0.035275,0.099299,0.028090,0.194444,0.035516,0.697917,0.102776,0.434028,0.073907,0.079861,0.067379,0.276219,0.013975,0.466997,0.040221,-0.200232,0.044210,0.857639,0.068077,0.274306,0.064142,0.150000
runtime_monitor_replanner,1,48,0.172317,0.030044,0.076539,0.021810,0.060500,0.016079,0.211806,0.046381,0.791667,0.095546,0.479167,0.062752,0.093750,0.075281,0.289854,0.009575,0.454971,0.029999,-0.188207,0.033705,0.934028,0.038588,0.281250,0.056006,0.150000
runtime_monitor_replanner,2,48,0.199630,0.029376,0.106435,0.012940,0.084515,0.010594,0.204861,0.053486,0.729167,0.084583,0.413194,0.059155,0.079861,0.061507,0.283736,0.009109,0.443117,0.032126,-0.172956,0.036809,0.885417,0.030997,0.305556,0.061771,0.150000
runtime_monitor_replanner,3,48,0.196063,0.022826,0.091644,0.013471,0.073995,0.010562,0.184028,0.046888,0.770833,0.088944,0.475694,0.051457,0.093750,0.072724,0.292788,0.008494,0.437899,0.025743,-0.170005,0.029778,0.913194,0.029162,0.312500,0.044172,0.150000
runtime_monitor_replanner,4,48,0.153134,0.023583,0.103326,0.018703,0.081304,0.014851,0.197917,0.056427,0.722222,0.089848,0.520833,0.056400,0.086806,0.068077,0.270993,0.010440,0.496444,0.027741,-0.228319,0.032140,0.875000,0.038293,0.222222,0.049912,0.150000
runtime_monitor_replanner,5,48,0.233683,0.022044,0.128329,0.013732,0.102780,0.010956,0.256944,0.048591,0.718750,0.084320,0.371528,0.041539,0.079861,0.060733,0.293049,0.009147,0.416526,0.027896,-0.147830,0.031580,0.868056,0.032198,0.385417,0.050686,0.150000
runtime_monitor_replanner,6,48,0.222815,0.028910,0.120513,0.016573,0.098885,0.014238,0.184028,0.053486,0.715278,0.087515,0.416667,0.053273,0.069444,0.054877,0.286882,0.012322,0.422579,0.034745,-0.155436,0.038564,0.871528,0.040384,0.329861,0.060342,0.150000
runtime_monitor_replanner,7,48,0.249759,0.030347,0.096659,0.018615,0.079750,0.014519,0.194444,0.046983,0.774306,0.096035,0.361111,0.068316,0.086806,0.070802,0.309292,0.011675,0.375311,0.035537,-0.106959,0.034988,0.934028,0.034716,0.423611,0.062247,0.150000
runtime_monitor_replanner,8,48,0.157814,0.022544,0.095647,0.017780,0.077258,0.013773,0.218750,0.042570,0.753472,0.089138,0.548611,0.052340,0.083333,0.065967,0.276427,0.009553,0.485636,0.026452,-0.219387,0.027920,0.885417,0.035279,0.236111,0.047483,0.150000
runtime_monitor_replanner,9,48,0.215320,0.029819,0.113892,0.023140,0.092391,0.018284,0.236111,0.045448,0.729167,0.092080,0.423611,0.067357,0.076389,0.062247,0.288910,0.009646,0.426504,0.030911,-0.160268,0.034705,0.885417,0.043667,0.322917,0.049981,0.150000
grounded_geometric_tamp,0,48,0.295154,0.031964,0.114043,0.021196,0.095320,0.016066,0.333333,0.059163,0.833333,0.096776,0.315972,0.058552,0.069444,0.057405,0.353815,0.014418,0.356092,0.031277,-0.080723,0.032768,0.902778,0.056575,0.461806,0.057739,0.150000
grounded_geometric_tamp,1,48,0.311628,0.027641,0.131379,0.020642,0.107243,0.015107,0.284722,0.048591,0.809028,0.096771,0.295139,0.055226,0.072917,0.056636,0.350791,0.012713,0.346986,0.028832,-0.071619,0.030121,0.881944,0.054118,0.461806,0.048864,0.150000
grounded_geometric_tamp,2,48,0.245855,0.042645,0.090571,0.020645,0.073128,0.015339,0.267361,0.052142,0.843750,0.095500,0.406250,0.077754,0.086806,0.068077,0.346292,0.010651,0.400333,0.037807,-0.123104,0.042272,0.930556,0.042210,0.375000,0.061129,0.150000
grounded_geometric_tamp,3,48,0.242508,0.027789,0.089371,0.016215,0.075516,0.012918,0.312500,0.049236,0.847222,0.094217,0.350694,0.060927,0.090278,0.071446,0.347249,0.009256,0.401301,0.026085,-0.127876,0.029031,0.937500,0.038447,0.378472,0.055653,0.150000
grounded_geometric_tamp,4,48,0.312216,0.027623,0.125706,0.019281,0.103178,0.014030,0.270833,0.050187,0.819444,0.096204,0.253472,0.056705,0.069444,0.053125,0.349310,0.013519,0.348381,0.030063,-0.069192,0.030922,0.888889,0.052678,0.437500,0.063501,0.150000
grounded_geometric_tamp,5,48,0.279171,0.027628,0.110760,0.021173,0.091652,0.014986,0.284722,0.052340,0.833333,0.096776,0.277778,0.043859,0.065972,0.054796,0.354915,0.015068,0.367068,0.028644,-0.093456,0.030773,0.899306,0.058147,0.468750,0.061250,0.150000
grounded_geometric_tamp,6,48,0.259893,0.031939,0.094578,0.018814,0.079916,0.014464,0.256944,0.053236,0.847222,0.095216,0.361111,0.066206,0.076389,0.062247,0.351254,0.012409,0.383406,0.031327,-0.109195,0.033497,0.923611,0.048591,0.416667,0.055874,0.150000
grounded_geometric_tamp,7,48,0.240804,0.023927,0.080398,0.011816,0.066971,0.008940,0.222222,0.040494,0.854167,0.094112,0.357639,0.050530,0.097222,0.073967,0.355667,0.007899,0.392132,0.020827,-0.120093,0.025216,0.951389,0.027439,0.437500,0.051121,0.150000
grounded_geometric_tamp,8,48,0.237134,0.028695,0.087662,0.017038,0.073220,0.012907,0.246528,0.055012,0.843750,0.094002,0.350694,0.067554,0.093750,0.075281,0.346681,0.011033,0.402059,0.028983,-0.131201,0.030957,0.937500,0.039658,0.378472,0.070635,0.150000
grounded_geometric_tamp,9,48,0.317796,0.031720,0.129005,0.020910,0.107754,0.016518,0.274306,0.049106,0.809028,0.095788,0.239583,0.059883,0.076389,0.059924,0.359803,0.012995,0.335785,0.030918,-0.061560,0.032104,0.885417,0.051610,0.520833,0.064974,0.150000
physics_aware_tamp,0,48,0.301111,0.039462,0.082005,0.013392,0.070037,0.010385,0.312500,0.055555,0.875000,0.094551,0.281250,0.060080,0.093750,0.072071,0.388888,0.010526,0.343860,0.035060,-0.061879,0.041247,0.968750,0.026913,0.506944,0.068747,0.150000
physics_aware_tamp,1,48,0.318691,0.042574,0.094585,0.015737,0.080858,0.012325,0.399306,0.047390,0.868056,0.094280,0.312500,0.067122,0.079861,0.061507,0.386986,0.011581,0.336017,0.036407,-0.051086,0.044058,0.947917,0.036595,0.520833,0.061994,0.150000
physics_aware_tamp,2,48,0.320084,0.034062,0.092409,0.014362,0.075667,0.009672,0.319444,0.051314,0.875000,0.094551,0.246528,0.051457,0.086806,0.068769,0.394476,0.011105,0.323750,0.029205,-0.041173,0.036708,0.961806,0.035391,0.562500,0.063501,0.150000
physics_aware_tamp,3,48,0.281707,0.031259,0.081244,0.012408,0.068487,0.009254,0.378472,0.051227,0.875000,0.094551,0.329861,0.049106,0.090278,0.069432,0.387215,0.010730,0.362025,0.029397,-0.082355,0.033567,0.965278,0.029111,0.503472,0.063400,0.150000
physics_aware_tamp,4,48,0.265493,0.040257,0.080328,0.016974,0.067252,0.012768,0.302083,0.051150,0.871528,0.094421,0.267361,0.065057,0.083333,0.069460,0.384099,0.012584,0.374334,0.035562,-0.098341,0.041710,0.954861,0.043213,0.496528,0.067027,0.150000
physics_aware_tamp,5,48,0.289306,0.038522,0.079483,0.012606,0.067373,0.010012,0.340278,0.059130,0.871528,0.094421,0.347222,0.075235,0.100694,0.077652,0.388057,0.010498,0.358312,0.036371,-0.074120,0.040502,0.972222,0.024477,0.510417,0.067671,0.150000
physics_aware_tamp,6,48,0.281293,0.033823,0.086673,0.015526,0.073362,0.011712,0.340278,0.070781,0.868056,0.094280,0.291667,0.060350,0.076389,0.060709,0.380615,0.010113,0.365481,0.026974,-0.086656,0.035041,0.944444,0.041646,0.475694,0.057533,0.150000
physics_aware_tamp,7,48,0.248973,0.043475,0.075418,0.017665,0.063692,0.014028,0.329861,0.052818,0.868056,0.094280,0.364583,0.075751,0.090278,0.072105,0.375405,0.012237,0.396184,0.039874,-0.118298,0.044474,0.958333,0.035737,0.437500,0.075731,0.150000
physics_aware_tamp,8,48,0.361817,0.038214,0.106047,0.016269,0.089915,0.012592,0.305556,0.051772,0.868056,0.094280,0.232639,0.065057,0.079861,0.064510,0.397856,0.013769,0.293180,0.035316,-0.005695,0.040510,0.947917,0.041444,0.586806,0.072126,0.150000
physics_aware_tamp,9,48,0.317939,0.030103,0.096765,0.016718,0.081796,0.012608,0.347222,0.064395,0.875000,0.094551,0.270833,0.044172,0.069444,0.057405,0.390238,0.013610,0.331600,0.028449,-0.050145,0.033023,0.944444,0.047979,0.548611,0.061483,0.150000
semantic_model_predictive_planner,0,48,0.240684,0.027896,0.107649,0.020286,0.088575,0.015344,0.368056,0.052340,0.815972,0.095912,0.336806,0.050996,0.086806,0.068077,0.354701,0.010716,0.413526,0.028693,-0.146167,0.029278,0.902778,0.047483,0.357639,0.058350,0.150000
semantic_model_predictive_planner,1,48,0.279784,0.024503,0.100414,0.015674,0.085764,0.012048,0.375000,0.051005,0.843750,0.095003,0.298611,0.055838,0.093750,0.072724,0.377094,0.009592,0.361154,0.023444,-0.093585,0.026108,0.937500,0.037196,0.482639,0.056913,0.150000
semantic_model_predictive_planner,2,48,0.299816,0.030998,0.126154,0.021307,0.102190,0.015754,0.368056,0.056679,0.822917,0.095994,0.309028,0.072126,0.072917,0.059883,0.357717,0.013384,0.361358,0.034406,-0.089672,0.032999,0.895833,0.054697,0.368056,0.064487,0.150000
semantic_model_predictive_planner,3,48,0.311747,0.022446,0.125584,0.018665,0.105050,0.014067,0.371528,0.056076,0.819444,0.096204,0.236111,0.043316,0.076389,0.060709,0.372146,0.012434,0.341149,0.025290,-0.072196,0.025817,0.895833,0.052038,0.472222,0.052678,0.150000
semantic_model_predictive_planner,4,48,0.230668,0.033243,0.086639,0.016969,0.071202,0.012997,0.402778,0.061387,0.847222,0.093714,0.430556,0.063656,0.086806,0.068077,0.357016,0.009543,0.414853,0.030200,-0.145795,0.033026,0.934028,0.037342,0.343750,0.053633,0.150000
semantic_model_predictive_planner,5,48,0.291070,0.031824,0.118990,0.021121,0.097405,0.016007,0.336806,0.062650,0.826389,0.095773,0.284722,0.063749,0.072917,0.059088,0.363852,0.012063,0.362272,0.031978,-0.092560,0.033136,0.899306,0.053042,0.416667,0.059163,0.150000
semantic_model_predictive_planner,6,48,0.243707,0.032564,0.097583,0.018862,0.080570,0.014032,0.409722,0.052340,0.829861,0.095045,0.312500,0.058863,0.086806,0.067379,0.357374,0.011429,0.403904,0.031555,-0.135998,0.033864,0.916667,0.042396,0.364583,0.066436,0.150000
semantic_model_predictive_planner,7,48,0.278372,0.026701,0.117819,0.020683,0.095748,0.014851,0.385417,0.060080,0.826389,0.096756,0.326389,0.056679,0.069444,0.054008,0.360719,0.013759,0.377399,0.030061,-0.107904,0.029718,0.895833,0.053826,0.406250,0.057465,0.150000
semantic_model_predictive_planner,8,48,0.255500,0.023890,0.092809,0.014613,0.077421,0.010974,0.340278,0.059130,0.843750,0.094504,0.322917,0.050918,0.100694,0.078259,0.369799,0.008798,0.384647,0.023388,-0.117721,0.025995,0.944444,0.034158,0.430556,0.053125,0.150000
semantic_model_predictive_planner,9,48,0.236924,0.025453,0.098218,0.015441,0.081356,0.011640,0.378472,0.060538,0.826389,0.094280,0.381944,0.051429,0.090278,0.070781,0.354945,0.010346,0.413154,0.027842,-0.146029,0.029066,0.916667,0.041265,0.340278,0.054985,0.150000
learned_failure_classifier_tamp,0,48,0.240922,0.027532,0.157389,0.027427,0.128060,0.021310,0.416667,0.058358,0.715278,0.092762,0.250000,0.049595,0.065972,0.055653,0.335559,0.014281,0.442767,0.029793,-0.176002,0.032555,0.781250,0.063151,0.395833,0.056400,0.150000
learned_failure_classifier_tamp,1,48,0.245664,0.034532,0.116275,0.022526,0.098243,0.018747,0.413194,0.052369,0.805556,0.093461,0.281250,0.063896,0.059028,0.050060,0.355488,0.016100,0.407745,0.033900,-0.140982,0.036002,0.864583,0.058888,0.451389,0.076560,0.150000
learned_failure_classifier_tamp,2,48,0.256204,0.028745,0.152464,0.025049,0.122157,0.019165,0.468750,0.058079,0.736111,0.093714,0.267361,0.069962,0.062500,0.050187,0.343480,0.015003,0.422101,0.032945,-0.151940,0.032898,0.798611,0.061483,0.427083,0.062964,0.150000
learned_failure_classifier_tamp,3,48,0.201658,0.030175,0.103944,0.020859,0.086832,0.017277,0.468750,0.052967,0.788194,0.092139,0.409722,0.077175,0.093750,0.074014,0.345934,0.011154,0.456835,0.029970,-0.188940,0.032797,0.881944,0.043452,0.371528,0.058552,0.150000
learned_failure_classifier_tamp,4,48,0.208690,0.026890,0.188563,0.024249,0.151973,0.019773,0.413194,0.058350,0.628472,0.085481,0.336806,0.057943,0.069444,0.055732,0.304915,0.012958,0.508787,0.033356,-0.240661,0.037368,0.697917,0.057259,0.270833,0.049236,0.150000
learned_failure_classifier_tamp,5,48,0.187766,0.029129,0.110724,0.023038,0.091136,0.018292,0.472222,0.061000,0.770833,0.093608,0.427083,0.067320,0.083333,0.065246,0.334764,0.011732,0.478868,0.030952,-0.210173,0.032134,0.854167,0.050187,0.319444,0.052227,0.150000
learned_failure_classifier_tamp,6,48,0.190306,0.026939,0.105969,0.014393,0.086929,0.011811,0.458333,0.059562,0.781250,0.088695,0.416667,0.059163,0.083333,0.063780,0.337497,0.009452,0.470137,0.026362,-0.202994,0.030559,0.864583,0.035943,0.333333,0.049595,0.150000
learned_failure_classifier_tamp,7,48,0.181339,0.027762,0.103345,0.020265,0.085493,0.016183,0.465278,0.054118,0.784722,0.091737,0.444444,0.069687,0.086806,0.068769,0.337817,0.011710,0.481224,0.029757,-0.212872,0.030986,0.871528,0.044825,0.326389,0.057508,0.150000
learned_failure_classifier_tamp,8,48,0.147340,0.020137,0.113119,0.019010,0.093552,0.015734,0.489583,0.054508,0.743056,0.089121,0.486111,0.054877,0.086806,0.066673,0.316470,0.008917,0.529793,0.020747,-0.263544,0.023983,0.829861,0.042939,0.225694,0.035723,0.150000
learned_failure_classifier_tamp,9,48,0.175934,0.023400,0.077298,0.016662,0.064444,0.013023,0.388889,0.058628,0.822917,0.094504,0.454861,0.054796,0.097222,0.075235,0.345800,0.009322,0.466770,0.021779,-0.200534,0.024429,0.920139,0.038893,0.336806,0.045088,0.150000
proposed_abstraction_failure_audit_v4,0,48,0.237212,0.030126,0.071837,0.008648,0.061599,0.006976,0.493056,0.056679,0.871528,0.094421,0.385417,0.068883,0.104167,0.079984,0.364467,0.008818,0.387812,0.029156,-0.121047,0.032942,1.000000,0.000000,0.416667,0.064517,0.150000
proposed_abstraction_failure_audit_v4,1,48,0.191588,0.033217,0.058941,0.009924,0.050922,0.008473,0.479167,0.052038,0.875000,0.094551,0.472222,0.079811,0.107639,0.083380,0.352816,0.009849,0.435874,0.034251,-0.169111,0.036040,1.000000,0.000000,0.326389,0.067357,0.150000
proposed_abstraction_failure_audit_v4,2,48,0.261246,0.025676,0.087378,0.007689,0.072901,0.006794,0.510417,0.069055,0.871528,0.094421,0.395833,0.061226,0.086806,0.065960,0.357551,0.008225,0.371421,0.025968,-0.101260,0.028197,1.000000,0.000000,0.388889,0.063284,0.150000
proposed_abstraction_failure_audit_v4,3,48,0.219666,0.029439,0.068582,0.008037,0.057882,0.006323,0.472222,0.059429,0.875000,0.094551,0.399306,0.063587,0.104167,0.079984,0.356606,0.007561,0.408622,0.028341,-0.140728,0.032459,1.000000,0.000000,0.354167,0.060448,0.150000
proposed_abstraction_failure_audit_v4,4,48,0.264684,0.037852,0.088476,0.014625,0.073928,0.011690,0.486111,0.054008,0.875000,0.094551,0.357639,0.070131,0.097222,0.075861,0.358716,0.007554,0.366980,0.035300,-0.098854,0.038563,1.000000,0.000000,0.375000,0.067034,0.150000
proposed_abstraction_failure_audit_v4,5,48,0.215379,0.029394,0.067781,0.009951,0.058158,0.008318,0.506944,0.068747,0.871528,0.094421,0.451389,0.048591,0.100694,0.078259,0.357083,0.007208,0.414478,0.029534,-0.145783,0.030817,1.000000,0.000000,0.357639,0.053264,0.150000
proposed_abstraction_failure_audit_v4,6,48,0.200350,0.030421,0.061642,0.009864,0.052310,0.007693,0.545139,0.053926,0.875000,0.094551,0.420139,0.062271,0.100694,0.077652,0.353376,0.005791,0.426959,0.028150,-0.159817,0.032525,1.000000,0.000000,0.343750,0.050918,0.150000
proposed_abstraction_failure_audit_v4,7,48,0.158524,0.028855,0.048042,0.009333,0.040753,0.007672,0.503472,0.061121,0.875000,0.094551,0.555556,0.071694,0.107639,0.082238,0.344341,0.006712,0.471658,0.028239,-0.203306,0.030370,1.000000,0.000000,0.277778,0.048955,0.150000
proposed_abstraction_failure_audit_v4,8,48,0.275697,0.034182,0.094253,0.012716,0.078665,0.010002,0.437500,0.055555,0.871528,0.094421,0.343750,0.071080,0.083333,0.069460,0.363169,0.008971,0.353555,0.034847,-0.087306,0.035282,1.000000,0.000000,0.406250,0.062208,0.150000
proposed_abstraction_failure_audit_v4,9,48,0.204229,0.032414,0.065615,0.011121,0.055818,0.009007,0.500000,0.057542,0.875000,0.094551,0.479167,0.065698,0.097222,0.074604,0.351716,0.007277,0.424639,0.031082,-0.158403,0.033806,1.000000,0.000000,0.319444,0.054877,0.150000
risk_bounded_abstraction_failure_audit_v5,0,48,0.266484,0.021438,0.230697,0.023323,0.185295,0.017450,0.555556,0.055306,0.593750,0.077754,0.180556,0.042210,0.041667,0.038293,0.338566,0.014329,0.471362,0.025090,-0.204597,0.024311,0.635417,0.058888,0.378472,0.054796,0.150000
risk_bounded_abstraction_failure_audit_v5,1,48,0.261853,0.019309,0.237889,0.030506,0.190646,0.024144,0.545139,0.051227,0.572917,0.086944,0.197917,0.048296,0.038194,0.032608,0.331066,0.014821,0.481699,0.026713,-0.214936,0.027526,0.611111,0.071031,0.350694,0.042663,0.150000
risk_bounded_abstraction_failure_audit_v5,2,48,0.242163,0.028599,0.251794,0.022275,0.195000,0.017013,0.600694,0.056496,0.534722,0.070781,0.222222,0.056991,0.045139,0.040966,0.318951,0.013372,0.515899,0.030565,-0.245737,0.032178,0.579861,0.052369,0.298611,0.059924,0.150000
risk_bounded_abstraction_failure_audit_v5,3,48,0.233098,0.026790,0.194883,0.020411,0.155704,0.015121,0.524306,0.070131,0.631944,0.083078,0.281250,0.046804,0.069444,0.053125,0.342295,0.015245,0.489532,0.038899,-0.221638,0.040070,0.701389,0.050501,0.343750,0.062587,0.150000
risk_bounded_abstraction_failure_audit_v5,4,48,0.262707,0.029233,0.202056,0.025796,0.159227,0.019031,0.524306,0.072779,0.642361,0.083663,0.211806,0.053042,0.048611,0.041218,0.347170,0.013701,0.456400,0.031458,-0.188274,0.034855,0.690972,0.059949,0.385417,0.054290,0.150000
risk_bounded_abstraction_failure_audit_v5,5,48,0.230094,0.027974,0.191714,0.023574,0.150850,0.016853,0.472222,0.066917,0.649306,0.084367,0.256944,0.047608,0.052083,0.042570,0.340198,0.015318,0.490457,0.033714,-0.221761,0.034600,0.701389,0.058324,0.329861,0.063400,0.150000
risk_bounded_abstraction_failure_audit_v5,6,48,0.218922,0.029004,0.166881,0.025857,0.135374,0.020108,0.552083,0.057670,0.673611,0.089121,0.326389,0.065937,0.069444,0.054877,0.344816,0.013358,0.488137,0.031280,-0.220995,0.035753,0.743056,0.057508,0.319444,0.055732,0.150000
risk_bounded_abstraction_failure_audit_v5,7,48,0.219515,0.030888,0.140298,0.024867,0.112548,0.019683,0.552083,0.061635,0.725694,0.093540,0.326389,0.052340,0.072917,0.059088,0.355517,0.016041,0.469728,0.038306,-0.201376,0.040854,0.798611,0.059924,0.343750,0.066968,0.150000
risk_bounded_abstraction_failure_audit_v5,8,48,0.246787,0.026240,0.205164,0.013616,0.163719,0.010451,0.541667,0.062658,0.628472,0.072941,0.229167,0.038447,0.055556,0.042766,0.342556,0.009501,0.477709,0.028529,-0.211460,0.030959,0.684028,0.037970,0.361111,0.043859,0.150000
risk_bounded_abstraction_failure_audit_v5,9,48,0.221424,0.023464,0.185886,0.027257,0.148762,0.020968,0.552083,0.056844,0.645833,0.085694,0.302083,0.062776,0.062500,0.052038,0.339045,0.010680,0.496300,0.024620,-0.230065,0.027441,0.708333,0.058762,0.315972,0.034028,0.150000
