method,split,seed,n,task_success,ci95_task_success,mechanical_violation_rate,ci95_mechanical_violation_rate,damage_unsafe_rate,ci95_damage_unsafe_rate,abstraction_failure_accuracy,ci95_abstraction_failure_accuracy,mechanics_retention_recall,ci95_mechanics_retention_recall,early_warning_recall,ci95_early_warning_recall,false_refinement_alarm_rate,ci95_false_refinement_alarm_rate,planning_cost,ci95_planning_cost,planning_regret_to_oracle,ci95_planning_regret_to_oracle,robust_utility,ci95_robust_utility,intervention_rate,ci95_intervention_rate,deployment_coverage,ci95_deployment_coverage
active_relational_abstraction,combined_adversarial_abstraction,0,48,0.501058,0.011766,0.231924,0.012705,0.189461,0.009504,0.399306,0.046381,0.809028,0.097744,0.281250,0.058485,0.121528,0.092139,0.310552,0.008702,0.167067,0.023873,0.099698,0.021831,0.930556,0.044395,0.437500,0.080573
active_relational_abstraction,combined_adversarial_abstraction,1,48,0.506254,0.013259,0.230052,0.014628,0.189283,0.011209,0.364583,0.060473,0.795139,0.099779,0.416667,0.060741,0.125000,0.094551,0.313822,0.010340,0.162029,0.026582,0.104734,0.024786,0.920139,0.051457,0.493056,0.071446
active_relational_abstraction,combined_adversarial_abstraction,2,48,0.521448,0.011156,0.218949,0.011227,0.176337,0.009359,0.385417,0.047804,0.826389,0.096756,0.434028,0.058955,0.125000,0.094551,0.323257,0.009243,0.138434,0.021432,0.131727,0.019699,0.951389,0.037618,0.545139,0.079459
active_relational_abstraction,combined_adversarial_abstraction,3,48,0.507278,0.012043,0.228161,0.012531,0.186837,0.010299,0.361111,0.051772,0.809028,0.097744,0.350694,0.068251,0.125000,0.094551,0.314381,0.009472,0.159512,0.024550,0.108382,0.022038,0.934028,0.044295,0.517361,0.076114
active_relational_abstraction,combined_adversarial_abstraction,4,48,0.502499,0.013329,0.232862,0.014015,0.189445,0.011118,0.392361,0.058754,0.791667,0.097990,0.336806,0.051915,0.121528,0.092139,0.312674,0.009879,0.168410,0.026565,0.099716,0.024738,0.913194,0.048622,0.475694,0.070131
active_relational_abstraction,combined_adversarial_abstraction,5,48,0.511798,0.011685,0.226365,0.012137,0.183363,0.009687,0.375000,0.060350,0.812500,0.096102,0.454861,0.067903,0.125000,0.094551,0.316619,0.008240,0.153191,0.022580,0.115505,0.021402,0.937500,0.039658,0.468750,0.087351
active_relational_abstraction,combined_adversarial_abstraction,6,48,0.500383,0.013698,0.234265,0.014471,0.191592,0.011098,0.409722,0.064487,0.798611,0.100119,0.326389,0.049555,0.125000,0.094551,0.307626,0.009623,0.169783,0.027179,0.097360,0.025409,0.923611,0.051429,0.434028,0.079459
active_relational_abstraction,combined_adversarial_abstraction,7,48,0.508736,0.014658,0.229753,0.015517,0.186105,0.012239,0.388889,0.060220,0.798611,0.102915,0.354167,0.057233,0.125000,0.094551,0.314219,0.011022,0.158840,0.029770,0.109511,0.027258,0.923611,0.056679,0.482639,0.081516
active_relational_abstraction,combined_adversarial_abstraction,8,48,0.501896,0.011093,0.233405,0.011455,0.190237,0.009699,0.385417,0.058485,0.805556,0.096450,0.354167,0.052038,0.118056,0.089651,0.310388,0.008323,0.167062,0.022900,0.099187,0.020644,0.923611,0.042350,0.451389,0.079589
active_relational_abstraction,combined_adversarial_abstraction,9,48,0.500041,0.012999,0.235040,0.014141,0.191750,0.011205,0.395833,0.057233,0.791667,0.100375,0.350694,0.042663,0.118056,0.089651,0.311138,0.010440,0.171256,0.026930,0.094980,0.024326,0.909722,0.053236,0.479167,0.076353
active_relational_abstraction,geometry_tolerance_shift,0,48,0.543177,0.015159,0.207092,0.016923,0.167773,0.015359,0.416667,0.055021,0.770833,0.114930,0.142361,0.035055,0.125000,0.094551,0.288997,0.013530,0.159859,0.032191,0.180889,0.029440,0.895833,0.079984,0.815972,0.082668
active_relational_abstraction,geometry_tolerance_shift,1,48,0.540073,0.016043,0.208933,0.018575,0.169188,0.014997,0.465278,0.055838,0.763889,0.115835,0.125000,0.047150,0.125000,0.094551,0.286467,0.013744,0.165758,0.033550,0.176761,0.030894,0.888889,0.082148,0.829861,0.083946
active_relational_abstraction,geometry_tolerance_shift,2,48,0.544334,0.013472,0.202923,0.015926,0.164852,0.013370,0.413194,0.063026,0.781250,0.111813,0.111111,0.034158,0.125000,0.094551,0.290582,0.012671,0.157323,0.028981,0.185901,0.025945,0.906250,0.074014,0.836806,0.075019
active_relational_abstraction,geometry_tolerance_shift,3,48,0.542100,0.015996,0.205171,0.017757,0.166137,0.014181,0.430556,0.054877,0.781250,0.112656,0.086806,0.045610,0.125000,0.094551,0.289033,0.012671,0.160676,0.032115,0.182088,0.030050,0.906250,0.075281,0.815972,0.084926
active_relational_abstraction,geometry_tolerance_shift,4,48,0.541806,0.016363,0.208772,0.018671,0.168541,0.014353,0.437500,0.057233,0.770833,0.115750,0.145833,0.052038,0.125000,0.094551,0.288205,0.013712,0.161449,0.033554,0.178322,0.030854,0.895833,0.081158,0.802083,0.084600
active_relational_abstraction,geometry_tolerance_shift,5,48,0.540192,0.015346,0.207316,0.017689,0.166679,0.014397,0.416667,0.056714,0.774306,0.113215,0.072917,0.025561,0.125000,0.094551,0.287533,0.012955,0.163787,0.031767,0.179176,0.029545,0.899306,0.077041,0.822917,0.081031
active_relational_abstraction,geometry_tolerance_shift,6,48,0.550282,0.013670,0.202283,0.015839,0.165093,0.012987,0.440972,0.069112,0.784722,0.109160,0.211806,0.057327,0.125000,0.094551,0.292188,0.011674,0.150622,0.028244,0.191372,0.026275,0.909722,0.069432,0.833333,0.078416
active_relational_abstraction,geometry_tolerance_shift,7,48,0.538800,0.015884,0.209017,0.018013,0.169452,0.014889,0.447917,0.072887,0.767361,0.114565,0.100694,0.034716,0.125000,0.094551,0.286344,0.013414,0.166227,0.032929,0.175300,0.030298,0.892361,0.079904,0.784722,0.090177
active_relational_abstraction,geometry_tolerance_shift,8,48,0.540531,0.015089,0.207962,0.017257,0.167584,0.014691,0.447917,0.052519,0.774306,0.113632,0.118056,0.042350,0.125000,0.094551,0.287686,0.012932,0.162877,0.031714,0.178424,0.029305,0.899306,0.077652,0.809028,0.085343
active_relational_abstraction,geometry_tolerance_shift,9,48,0.535586,0.015797,0.212215,0.018543,0.170404,0.014380,0.465278,0.062247,0.763889,0.115015,0.065972,0.028754,0.125000,0.094551,0.285514,0.013544,0.169699,0.033027,0.169895,0.030036,0.888889,0.080988,0.777778,0.086084
active_relational_abstraction,language_ambiguity_shift,0,48,0.558132,0.012510,0.192021,0.015468,0.160719,0.014222,0.423611,0.055838,0.770833,0.112853,0.166667,0.043498,0.125000,0.094551,0.286571,0.012670,0.153034,0.027970,0.210682,0.025487,0.895833,0.076970,0.847222,0.077098
active_relational_abstraction,language_ambiguity_shift,1,48,0.558774,0.013740,0.191972,0.016939,0.159020,0.014444,0.434028,0.063587,0.767361,0.117419,0.149306,0.046888,0.125000,0.094551,0.286827,0.014163,0.152388,0.029865,0.212468,0.027065,0.892361,0.083946,0.843750,0.086672
active_relational_abstraction,language_ambiguity_shift,2,48,0.553555,0.013795,0.195248,0.017018,0.160917,0.014382,0.409722,0.059130,0.767361,0.116204,0.107639,0.035723,0.125000,0.094551,0.284583,0.013626,0.157731,0.029893,0.204927,0.027192,0.892361,0.082238,0.840278,0.083078
active_relational_abstraction,language_ambiguity_shift,3,48,0.562869,0.012749,0.187265,0.014944,0.156940,0.012335,0.461806,0.054363,0.788194,0.109498,0.163194,0.053706,0.125000,0.094551,0.291830,0.011789,0.144382,0.026221,0.218690,0.024293,0.913194,0.069453,0.854167,0.071225
active_relational_abstraction,language_ambiguity_shift,4,48,0.566316,0.011192,0.185278,0.013574,0.154902,0.011919,0.458333,0.061898,0.791667,0.108526,0.232639,0.060538,0.125000,0.094551,0.294235,0.011568,0.139291,0.024487,0.223746,0.021657,0.916667,0.067386,0.881944,0.071446
active_relational_abstraction,language_ambiguity_shift,5,48,0.550936,0.013394,0.195417,0.016761,0.160250,0.012896,0.423611,0.054985,0.774306,0.113215,0.072917,0.029027,0.125000,0.094551,0.284548,0.012757,0.159234,0.028364,0.202704,0.025982,0.899306,0.077041,0.833333,0.077811
active_relational_abstraction,language_ambiguity_shift,6,48,0.558015,0.012922,0.192572,0.015863,0.158565,0.013159,0.517361,0.056913,0.774306,0.113215,0.152778,0.044395,0.125000,0.094551,0.287081,0.012846,0.151716,0.027988,0.211582,0.024986,0.899306,0.077041,0.861111,0.078013
active_relational_abstraction,language_ambiguity_shift,7,48,0.550056,0.015781,0.198456,0.019060,0.161668,0.015849,0.486111,0.048469,0.756944,0.120685,0.086806,0.029162,0.125000,0.094551,0.282313,0.014788,0.163821,0.033393,0.199979,0.031003,0.881944,0.089651,0.847222,0.090111
active_relational_abstraction,language_ambiguity_shift,8,48,0.559992,0.012633,0.189906,0.015405,0.156462,0.012915,0.413194,0.060733,0.781250,0.110964,0.152778,0.039906,0.125000,0.094551,0.289334,0.012334,0.149070,0.027124,0.215673,0.024934,0.906250,0.072724,0.875000,0.074392
active_relational_abstraction,language_ambiguity_shift,9,48,0.554917,0.013571,0.194061,0.016888,0.160206,0.013822,0.451389,0.069432,0.767361,0.114565,0.107639,0.031501,0.125000,0.094551,0.285723,0.013490,0.156587,0.029469,0.207010,0.026684,0.892361,0.079904,0.840278,0.080769
active_relational_abstraction,mechanics_ood_shift,0,48,0.511716,0.016561,0.224943,0.017491,0.196629,0.015032,0.409722,0.060709,0.760417,0.108267,0.159722,0.032198,0.121528,0.092139,0.286308,0.012235,0.188193,0.033791,0.119426,0.031515,0.881944,0.071446,0.538194,0.093918
active_relational_abstraction,mechanics_ood_shift,1,48,0.514667,0.015992,0.222675,0.017801,0.193136,0.014529,0.423611,0.068747,0.756944,0.111306,0.125000,0.045099,0.121528,0.092139,0.286752,0.013327,0.184751,0.034239,0.126022,0.030486,0.878472,0.076424,0.531250,0.085158
active_relational_abstraction,mechanics_ood_shift,2,48,0.529424,0.014037,0.211496,0.015115,0.184591,0.011968,0.461806,0.054363,0.781250,0.103464,0.236111,0.069347,0.121528,0.092139,0.296982,0.011339,0.163410,0.028571,0.149118,0.026081,0.902778,0.060611,0.625000,0.080500
active_relational_abstraction,mechanics_ood_shift,3,48,0.516898,0.014118,0.220908,0.016395,0.193319,0.013622,0.406250,0.054072,0.756944,0.106083,0.156250,0.039396,0.125000,0.094551,0.287245,0.011875,0.182712,0.030416,0.128938,0.027753,0.881944,0.068747,0.538194,0.083238
active_relational_abstraction,mechanics_ood_shift,4,48,0.517267,0.015057,0.222466,0.016558,0.194507,0.013787,0.381944,0.059924,0.760417,0.105164,0.229167,0.057233,0.118056,0.089651,0.287918,0.011556,0.183435,0.030569,0.127266,0.029071,0.878472,0.066496,0.607639,0.087261
active_relational_abstraction,mechanics_ood_shift,5,48,0.523519,0.014330,0.215119,0.014890,0.185734,0.012399,0.399306,0.062081,0.781250,0.102546,0.197917,0.049266,0.125000,0.094551,0.294028,0.010887,0.169601,0.028916,0.141530,0.026441,0.906250,0.059088,0.604167,0.077583
active_relational_abstraction,mechanics_ood_shift,6,48,0.522814,0.014745,0.217208,0.015578,0.189107,0.013847,0.458333,0.059562,0.777778,0.104906,0.215278,0.043452,0.125000,0.094551,0.292524,0.011257,0.170508,0.030238,0.137816,0.028246,0.902778,0.063656,0.555556,0.088255
active_relational_abstraction,mechanics_ood_shift,7,48,0.510556,0.016316,0.223547,0.017916,0.197522,0.015442,0.461806,0.057739,0.753472,0.110466,0.142361,0.038893,0.121528,0.092139,0.283891,0.012771,0.191591,0.034471,0.119448,0.031696,0.875000,0.075653,0.527778,0.090373
active_relational_abstraction,mechanics_ood_shift,8,48,0.517339,0.014100,0.219129,0.014577,0.193075,0.012965,0.430556,0.043316,0.770833,0.101837,0.149306,0.029565,0.118056,0.089651,0.288372,0.010591,0.181423,0.028845,0.130114,0.026661,0.888889,0.059429,0.559028,0.093540
active_relational_abstraction,mechanics_ood_shift,9,48,0.523033,0.014644,0.214856,0.016031,0.188774,0.013730,0.350694,0.051687,0.777778,0.108017,0.170139,0.041823,0.121528,0.092139,0.292448,0.012200,0.170925,0.030898,0.139671,0.028020,0.899306,0.068596,0.555556,0.087176
active_relational_abstraction,nominal_abstraction,0,48,0.582206,0.014800,0.177391,0.016865,0.157529,0.016485,0.545139,0.060538,0.750000,0.123796,0.006944,0.009522,0.125000,0.094551,0.278333,0.015455,0.152205,0.031543,0.248998,0.028696,0.875000,0.094551,0.868056,0.094280
active_relational_abstraction,nominal_abstraction,1,48,0.584959,0.013965,0.176649,0.016911,0.155736,0.014400,0.534722,0.043452,0.753472,0.122254,0.034722,0.029111,0.125000,0.094551,0.279878,0.015112,0.147940,0.029876,0.252824,0.026382,0.878472,0.092139,0.854167,0.093102
active_relational_abstraction,nominal_abstraction,2,48,0.587144,0.013950,0.174745,0.015944,0.156917,0.015552,0.548611,0.054985,0.753472,0.120697,0.048611,0.025657,0.125000,0.094551,0.280608,0.014753,0.146669,0.029692,0.254957,0.026988,0.878472,0.090062,0.868056,0.090177
active_relational_abstraction,nominal_abstraction,3,48,0.582581,0.015261,0.177690,0.017611,0.157016,0.015444,0.548611,0.063749,0.750000,0.121871,0.020833,0.015759,0.125000,0.094551,0.278750,0.015082,0.152313,0.031583,0.249394,0.029055,0.875000,0.092016,0.854167,0.093102
active_relational_abstraction,nominal_abstraction,4,48,0.579587,0.015720,0.179032,0.017850,0.159611,0.016282,0.541667,0.046136,0.750000,0.123796,0.006944,0.009522,0.125000,0.094551,0.278229,0.015450,0.154709,0.032688,0.243973,0.030058,0.875000,0.094551,0.854167,0.095608
active_relational_abstraction,nominal_abstraction,5,48,0.581607,0.015023,0.177532,0.017307,0.157491,0.015469,0.552083,0.056844,0.753472,0.122254,0.006944,0.009522,0.125000,0.094551,0.278837,0.015114,0.152092,0.031412,0.248133,0.028636,0.878472,0.092139,0.864583,0.092096
active_relational_abstraction,nominal_abstraction,6,48,0.581416,0.015400,0.177789,0.017638,0.159096,0.016122,0.569444,0.062152,0.750000,0.123796,0.010417,0.011534,0.125000,0.094551,0.278542,0.015451,0.152887,0.032185,0.246761,0.029677,0.875000,0.094551,0.861111,0.093966
active_relational_abstraction,nominal_abstraction,7,48,0.581774,0.015247,0.177629,0.017797,0.158953,0.015165,0.524306,0.059155,0.750000,0.121871,0.020833,0.015759,0.125000,0.094551,0.278646,0.015131,0.152840,0.031686,0.247271,0.028945,0.875000,0.092016,0.868056,0.092251
active_relational_abstraction,nominal_abstraction,8,48,0.582017,0.015023,0.177369,0.017678,0.157648,0.015258,0.527778,0.056991,0.750000,0.123796,0.000000,0.000000,0.125000,0.094551,0.278229,0.015450,0.152293,0.031472,0.248780,0.028534,0.875000,0.094551,0.864583,0.095624
active_relational_abstraction,nominal_abstraction,9,48,0.579758,0.015656,0.179664,0.018415,0.159317,0.015333,0.520833,0.053826,0.746528,0.123410,0.017361,0.014556,0.125000,0.094551,0.277934,0.015474,0.155173,0.032443,0.244112,0.029593,0.871528,0.094421,0.857639,0.094796
active_relational_abstraction,object_affordance_transfer,0,48,0.531387,0.013501,0.207047,0.016104,0.172556,0.012264,0.413194,0.065960,0.781250,0.108376,0.090278,0.029111,0.125000,0.094551,0.294315,0.012099,0.162956,0.028655,0.163446,0.025483,0.906250,0.068711,0.760417,0.074650
active_relational_abstraction,object_affordance_transfer,1,48,0.537196,0.012639,0.205105,0.015088,0.169740,0.012657,0.430556,0.055732,0.788194,0.108194,0.222222,0.056991,0.125000,0.094551,0.296209,0.011672,0.155222,0.027602,0.171614,0.024677,0.913194,0.067379,0.767361,0.082382
active_relational_abstraction,object_affordance_transfer,2,48,0.533617,0.015613,0.209825,0.017855,0.173138,0.013942,0.430556,0.054008,0.774306,0.111954,0.204861,0.041539,0.125000,0.094551,0.291398,0.012929,0.163232,0.032269,0.164871,0.029657,0.899306,0.075176,0.774306,0.087261
active_relational_abstraction,object_affordance_transfer,3,48,0.528384,0.015325,0.214065,0.018352,0.176494,0.014700,0.430556,0.055732,0.760417,0.113805,0.197917,0.052967,0.125000,0.094551,0.288411,0.013495,0.171573,0.032854,0.156018,0.030118,0.885417,0.079706,0.743056,0.084209
active_relational_abstraction,object_affordance_transfer,4,48,0.524441,0.016484,0.216606,0.019492,0.177881,0.015180,0.454861,0.052142,0.750000,0.114672,0.131944,0.045577,0.125000,0.094551,0.285619,0.014002,0.178942,0.034458,0.150776,0.031823,0.875000,0.082244,0.725694,0.097985
active_relational_abstraction,object_affordance_transfer,5,48,0.528287,0.015882,0.212404,0.017900,0.175779,0.015362,0.468750,0.064997,0.767361,0.113736,0.163194,0.049106,0.125000,0.094551,0.289039,0.013528,0.170155,0.033197,0.157135,0.030703,0.892361,0.078711,0.736111,0.089585
active_relational_abstraction,object_affordance_transfer,6,48,0.534514,0.014064,0.207121,0.017064,0.173410,0.013489,0.434028,0.053042,0.781250,0.113909,0.197917,0.050217,0.125000,0.094551,0.291685,0.013159,0.160223,0.030617,0.167020,0.027282,0.906250,0.077143,0.739583,0.084740
active_relational_abstraction,object_affordance_transfer,7,48,0.524102,0.016230,0.212600,0.019333,0.176382,0.015181,0.399306,0.056496,0.763889,0.113775,0.076389,0.030693,0.125000,0.094551,0.287862,0.013363,0.176310,0.033817,0.152897,0.031995,0.888889,0.079217,0.729167,0.085694
active_relational_abstraction,object_affordance_transfer,8,48,0.533564,0.013590,0.208179,0.016228,0.173297,0.014111,0.451389,0.050501,0.774306,0.111106,0.197917,0.046296,0.125000,0.094551,0.290594,0.012633,0.163284,0.029472,0.165997,0.026910,0.899306,0.073907,0.763889,0.078917
active_relational_abstraction,object_affordance_transfer,9,48,0.534483,0.013398,0.207989,0.015523,0.172908,0.013211,0.413194,0.064510,0.781250,0.108812,0.201389,0.055838,0.125000,0.094551,0.293158,0.011957,0.160397,0.028708,0.166229,0.025882,0.906250,0.069396,0.739583,0.084180
active_relational_abstraction,predicate_noise_shift,0,48,0.547285,0.013855,0.199476,0.017006,0.163005,0.014194,0.437500,0.064974,0.774306,0.113632,0.170139,0.037024,0.125000,0.094551,0.287169,0.012904,0.159899,0.029942,0.193614,0.027674,0.899306,0.077652,0.847222,0.077709
active_relational_abstraction,predicate_noise_shift,1,48,0.542400,0.017126,0.205143,0.020601,0.165116,0.015433,0.364583,0.066436,0.756944,0.120685,0.104167,0.037196,0.125000,0.094551,0.282629,0.014827,0.168690,0.035365,0.185830,0.033217,0.881944,0.089651,0.840278,0.089121
active_relational_abstraction,predicate_noise_shift,2,48,0.555877,0.013366,0.194950,0.015455,0.159543,0.013032,0.402778,0.054008,0.781250,0.110108,0.208333,0.047150,0.125000,0.094551,0.289158,0.012011,0.150201,0.027789,0.206489,0.025457,0.906250,0.071412,0.850694,0.075490
active_relational_abstraction,predicate_noise_shift,3,48,0.550550,0.013999,0.199107,0.016669,0.160712,0.013539,0.427083,0.062208,0.774306,0.113215,0.152778,0.053125,0.125000,0.094551,0.286765,0.012925,0.156691,0.029689,0.198914,0.027058,0.899306,0.077041,0.847222,0.080107
active_relational_abstraction,predicate_noise_shift,4,48,0.546971,0.012367,0.199769,0.015211,0.163594,0.012601,0.423611,0.053236,0.777778,0.108017,0.145833,0.030175,0.125000,0.094551,0.286754,0.011379,0.159905,0.026837,0.192880,0.024575,0.902778,0.068661,0.864583,0.068539
active_relational_abstraction,predicate_noise_shift,5,48,0.546667,0.015264,0.200714,0.018900,0.164017,0.014676,0.434028,0.056496,0.760417,0.119086,0.093750,0.036271,0.125000,0.094551,0.283351,0.014346,0.163814,0.032597,0.193153,0.029824,0.885417,0.087080,0.843750,0.087216
active_relational_abstraction,predicate_noise_shift,6,48,0.551729,0.013641,0.195821,0.015967,0.160330,0.013078,0.434028,0.046381,0.784722,0.111306,0.166667,0.059163,0.125000,0.094551,0.289932,0.012491,0.152719,0.028361,0.200943,0.025961,0.909722,0.072758,0.854167,0.074472
active_relational_abstraction,predicate_noise_shift,7,48,0.548594,0.015444,0.199205,0.017437,0.163011,0.014093,0.472222,0.058628,0.774306,0.113215,0.131944,0.046604,0.125000,0.094551,0.287028,0.012972,0.158938,0.031420,0.195136,0.029265,0.899306,0.077041,0.847222,0.079515
active_relational_abstraction,predicate_noise_shift,8,48,0.551369,0.014505,0.198226,0.017673,0.161539,0.014225,0.447917,0.063151,0.767361,0.115797,0.138889,0.039309,0.125000,0.094551,0.287195,0.013850,0.156998,0.030961,0.199468,0.028371,0.892361,0.081661,0.850694,0.082668
active_relational_abstraction,predicate_noise_shift,9,48,0.545322,0.016247,0.201581,0.019368,0.165924,0.016167,0.409722,0.055838,0.756944,0.120685,0.086806,0.042385,0.125000,0.094551,0.283488,0.015045,0.165842,0.034431,0.189875,0.031979,0.881944,0.089651,0.829861,0.091495
active_relational_abstraction,recovery_cost_pressure,0,48,0.529336,0.015071,0.209467,0.016790,0.180656,0.014633,0.427083,0.048541,0.774306,0.107646,0.211806,0.038588,0.125000,0.094551,0.307138,0.012883,0.164297,0.030711,0.148775,0.029289,0.899306,0.068596,0.725694,0.081661
active_relational_abstraction,recovery_cost_pressure,1,48,0.525161,0.014674,0.213248,0.016897,0.181664,0.013833,0.364583,0.045263,0.777778,0.111040,0.190972,0.061507,0.121528,0.092139,0.305834,0.013739,0.165938,0.030997,0.142229,0.028018,0.899306,0.073264,0.666667,0.081956
active_relational_abstraction,recovery_cost_pressure,2,48,0.522289,0.014457,0.215724,0.016995,0.183156,0.014255,0.375000,0.054589,0.767361,0.109498,0.180556,0.037460,0.125000,0.094551,0.302904,0.013353,0.172150,0.030511,0.138076,0.028384,0.892361,0.072453,0.694444,0.083858
active_relational_abstraction,recovery_cost_pressure,3,48,0.522329,0.015364,0.214989,0.017583,0.180805,0.013683,0.447917,0.059288,0.774306,0.109390,0.170139,0.045088,0.125000,0.094551,0.305594,0.013351,0.169996,0.031584,0.139106,0.029111,0.899306,0.071301,0.673611,0.076560
active_relational_abstraction,recovery_cost_pressure,4,48,0.518363,0.016403,0.216839,0.017824,0.186073,0.016228,0.395833,0.052939,0.760417,0.110430,0.121528,0.038588,0.121528,0.092139,0.301887,0.013842,0.178894,0.032866,0.131832,0.031948,0.881944,0.074683,0.649306,0.087667
active_relational_abstraction,recovery_cost_pressure,5,48,0.528825,0.012305,0.211736,0.014204,0.179975,0.011945,0.444444,0.055306,0.781250,0.101152,0.243056,0.047608,0.125000,0.094551,0.306760,0.010523,0.162997,0.025324,0.147597,0.024028,0.906250,0.056636,0.684028,0.080933
active_relational_abstraction,recovery_cost_pressure,6,48,0.530159,0.015676,0.208464,0.016565,0.177952,0.014096,0.343750,0.049981,0.788194,0.107756,0.218750,0.045782,0.121528,0.092139,0.309309,0.013122,0.159798,0.030608,0.151214,0.029311,0.909722,0.066651,0.715278,0.081932
active_relational_abstraction,recovery_cost_pressure,7,48,0.531998,0.014170,0.208838,0.015989,0.174864,0.012229,0.361111,0.051772,0.791667,0.103621,0.253472,0.047639,0.125000,0.094551,0.310215,0.011264,0.157241,0.027956,0.154680,0.026744,0.916667,0.059163,0.715278,0.070110
active_relational_abstraction,recovery_cost_pressure,8,48,0.527156,0.015482,0.211695,0.017612,0.180864,0.014004,0.378472,0.059752,0.777778,0.110613,0.204861,0.048864,0.125000,0.094551,0.305337,0.013501,0.164780,0.031678,0.145909,0.029406,0.902778,0.072677,0.670139,0.086170
active_relational_abstraction,recovery_cost_pressure,9,48,0.528838,0.014848,0.212073,0.016806,0.179197,0.013853,0.420139,0.053264,0.781250,0.108812,0.194444,0.065488,0.121528,0.092139,0.307446,0.013134,0.162309,0.030352,0.147687,0.028482,0.902778,0.069347,0.659722,0.084209
affordance_graph_planner,combined_adversarial_abstraction,0,48,0.488854,0.021625,0.241758,0.021176,0.198514,0.016357,0.305556,0.044924,0.697917,0.095624,0.402778,0.066562,0.052083,0.042570,0.340619,0.019042,0.204121,0.039479,0.062644,0.037899,0.750000,0.070809,0.711806,0.071301
affordance_graph_planner,combined_adversarial_abstraction,1,48,0.467560,0.028205,0.273319,0.025817,0.223512,0.020926,0.263889,0.045448,0.628472,0.099779,0.357639,0.069453,0.048611,0.040054,0.317550,0.021138,0.252029,0.049144,0.014735,0.049887,0.677083,0.081031,0.631944,0.082507
affordance_graph_planner,combined_adversarial_abstraction,2,48,0.453439,0.027140,0.292158,0.025556,0.232249,0.020244,0.354167,0.049236,0.597222,0.098151,0.253472,0.056705,0.031250,0.028616,0.303396,0.021439,0.280819,0.048111,-0.010658,0.047984,0.628472,0.086033,0.572917,0.077143
affordance_graph_planner,combined_adversarial_abstraction,3,48,0.499269,0.019758,0.229366,0.019196,0.189360,0.014918,0.315972,0.045868,0.732639,0.094671,0.427083,0.050452,0.041667,0.032984,0.350301,0.018347,0.185123,0.036428,0.082771,0.033912,0.774306,0.071135,0.736111,0.067269
affordance_graph_planner,combined_adversarial_abstraction,4,48,0.488040,0.024158,0.253630,0.021522,0.207962,0.018256,0.329861,0.060342,0.666667,0.095794,0.399306,0.048378,0.059028,0.050060,0.331728,0.018408,0.216249,0.041953,0.051877,0.042365,0.725694,0.072453,0.677083,0.068366
affordance_graph_planner,combined_adversarial_abstraction,5,48,0.446636,0.029593,0.300796,0.026566,0.241971,0.022419,0.322917,0.054508,0.569444,0.102397,0.239583,0.054072,0.041667,0.031517,0.296590,0.021126,0.295308,0.052207,-0.026612,0.052867,0.611111,0.087176,0.559028,0.082238
affordance_graph_planner,combined_adversarial_abstraction,6,48,0.491661,0.024254,0.235659,0.024035,0.195375,0.019465,0.336806,0.056287,0.708333,0.099903,0.500000,0.076585,0.048611,0.040054,0.345838,0.020724,0.198086,0.043332,0.069057,0.043679,0.756944,0.077175,0.722222,0.076173
affordance_graph_planner,combined_adversarial_abstraction,7,48,0.431824,0.030883,0.307900,0.029360,0.245724,0.023832,0.354167,0.061226,0.552083,0.101619,0.222222,0.047979,0.024306,0.021726,0.293316,0.024460,0.315223,0.055461,-0.046872,0.055170,0.576389,0.092762,0.506944,0.091220
affordance_graph_planner,combined_adversarial_abstraction,8,48,0.483321,0.021292,0.254950,0.021135,0.206746,0.016548,0.309028,0.052369,0.677083,0.095003,0.381944,0.065937,0.048611,0.037618,0.331696,0.018191,0.218968,0.038791,0.047281,0.038161,0.725694,0.071135,0.673611,0.063749
affordance_graph_planner,combined_adversarial_abstraction,9,48,0.480564,0.021596,0.243439,0.020985,0.200137,0.016971,0.340278,0.047608,0.694444,0.095958,0.465278,0.058324,0.048611,0.043452,0.339656,0.019003,0.213620,0.038376,0.052616,0.037849,0.743056,0.074683,0.704861,0.070299
affordance_graph_planner,geometry_tolerance_shift,0,48,0.505390,0.034894,0.269260,0.031767,0.216765,0.026831,0.413194,0.058350,0.569444,0.127869,0.059028,0.024778,0.010417,0.011534,0.271878,0.026799,0.261789,0.060855,0.078960,0.062273,0.579861,0.124554,0.569444,0.122580
affordance_graph_planner,geometry_tolerance_shift,1,48,0.513661,0.031343,0.260436,0.027837,0.212170,0.024425,0.395833,0.052038,0.583333,0.117524,0.069444,0.023491,0.013889,0.013170,0.279628,0.024307,0.250117,0.054058,0.092402,0.055792,0.597222,0.112521,0.590278,0.111306
affordance_graph_planner,geometry_tolerance_shift,2,48,0.537511,0.026760,0.236431,0.023179,0.193900,0.021246,0.333333,0.046646,0.635417,0.108594,0.208333,0.040688,0.024306,0.019427,0.300870,0.021629,0.208816,0.045760,0.134407,0.047372,0.659722,0.098211,0.659722,0.098211
affordance_graph_planner,geometry_tolerance_shift,3,48,0.519021,0.030790,0.255008,0.028241,0.206346,0.023980,0.413194,0.054145,0.593750,0.117486,0.114583,0.030997,0.013889,0.013170,0.286143,0.025116,0.240397,0.053477,0.102367,0.054650,0.607639,0.112376,0.604167,0.111589
affordance_graph_planner,geometry_tolerance_shift,4,48,0.503257,0.036848,0.270178,0.033032,0.218950,0.028615,0.392361,0.061890,0.555556,0.130614,0.062500,0.033162,0.024306,0.019427,0.272755,0.026780,0.265419,0.064467,0.074353,0.066070,0.579861,0.123410,0.569444,0.121417
affordance_graph_planner,geometry_tolerance_shift,5,48,0.517964,0.032720,0.255967,0.029125,0.207906,0.025551,0.406250,0.056636,0.586806,0.122254,0.100694,0.030354,0.024306,0.021726,0.284005,0.024663,0.242434,0.056664,0.100530,0.058443,0.611111,0.114397,0.600694,0.112481
affordance_graph_planner,geometry_tolerance_shift,6,48,0.513689,0.034390,0.260103,0.030472,0.213855,0.027857,0.347222,0.058223,0.572917,0.124523,0.111111,0.034158,0.020833,0.020917,0.279966,0.026094,0.250726,0.059766,0.091268,0.061959,0.593750,0.118289,0.579861,0.115490
affordance_graph_planner,geometry_tolerance_shift,7,48,0.506254,0.035061,0.267668,0.031233,0.217927,0.027993,0.392361,0.055440,0.565972,0.125970,0.079861,0.038893,0.013889,0.013170,0.274495,0.026587,0.262716,0.061149,0.078811,0.063070,0.579861,0.121478,0.562500,0.118576
affordance_graph_planner,geometry_tolerance_shift,8,48,0.518244,0.030961,0.256511,0.027441,0.208326,0.024973,0.368056,0.054985,0.597222,0.117457,0.125000,0.028357,0.013889,0.016372,0.283363,0.024944,0.240840,0.053625,0.100461,0.055453,0.611111,0.112731,0.604167,0.111164
affordance_graph_planner,geometry_tolerance_shift,9,48,0.515640,0.030762,0.258383,0.028257,0.208265,0.023866,0.368056,0.055838,0.583333,0.117121,0.145833,0.039658,0.024306,0.023804,0.285269,0.024052,0.243579,0.053718,0.096015,0.054946,0.607639,0.109390,0.604167,0.108581
affordance_graph_planner,language_ambiguity_shift,0,48,0.518146,0.031068,0.262124,0.028370,0.217685,0.026073,0.368056,0.060709,0.531250,0.123665,0.059028,0.026618,0.006944,0.009522,0.257349,0.025713,0.262421,0.054508,0.101295,0.056633,0.538194,0.121575,0.527778,0.119651
affordance_graph_planner,language_ambiguity_shift,1,48,0.517726,0.032287,0.262515,0.029633,0.216422,0.026804,0.378472,0.047390,0.527778,0.126193,0.065972,0.031875,0.010417,0.011534,0.258273,0.026079,0.263687,0.056480,0.101169,0.058872,0.538194,0.123122,0.534722,0.122242
affordance_graph_planner,language_ambiguity_shift,2,48,0.519297,0.033594,0.254775,0.030148,0.210692,0.027994,0.381944,0.064487,0.548611,0.126427,0.093750,0.032121,0.020833,0.023068,0.267921,0.025613,0.255356,0.058404,0.107302,0.061380,0.569444,0.121027,0.569444,0.121027
affordance_graph_planner,language_ambiguity_shift,3,48,0.527923,0.029512,0.250819,0.026832,0.210742,0.025064,0.381944,0.060709,0.548611,0.119503,0.118056,0.046604,0.017361,0.027919,0.270337,0.025743,0.245900,0.051373,0.117172,0.053246,0.565972,0.116204,0.555556,0.117255
affordance_graph_planner,language_ambiguity_shift,4,48,0.524294,0.029679,0.254377,0.026647,0.212349,0.025185,0.357639,0.045610,0.552083,0.118389,0.104167,0.033162,0.010417,0.011534,0.266651,0.024469,0.251166,0.052112,0.111871,0.054044,0.562500,0.114930,0.555556,0.113567
affordance_graph_planner,language_ambiguity_shift,5,48,0.536361,0.029162,0.243462,0.026719,0.199424,0.023292,0.413194,0.054145,0.590278,0.118709,0.093750,0.036271,0.024306,0.019427,0.278977,0.024185,0.227542,0.050617,0.134397,0.052329,0.614583,0.110108,0.607639,0.110680
affordance_graph_planner,language_ambiguity_shift,6,48,0.530350,0.030173,0.250472,0.027610,0.206810,0.025399,0.347222,0.063656,0.562500,0.122500,0.114583,0.045782,0.013889,0.016372,0.269954,0.026100,0.240506,0.053147,0.122792,0.054632,0.576389,0.118310,0.576389,0.118310
affordance_graph_planner,language_ambiguity_shift,7,48,0.514625,0.033536,0.267572,0.030591,0.217819,0.027667,0.329861,0.052818,0.527778,0.129157,0.027778,0.017758,0.003472,0.006806,0.254124,0.026900,0.267929,0.058710,0.095872,0.060946,0.531250,0.128173,0.524306,0.127926
affordance_graph_planner,language_ambiguity_shift,8,48,0.530169,0.030838,0.250283,0.028845,0.206943,0.025537,0.364583,0.050217,0.555556,0.127313,0.093750,0.037552,0.013889,0.016372,0.269693,0.026617,0.242010,0.054718,0.122734,0.055785,0.569444,0.123350,0.569444,0.123350
affordance_graph_planner,language_ambiguity_shift,9,48,0.513410,0.033085,0.266808,0.029625,0.220514,0.027281,0.350694,0.057739,0.506944,0.124922,0.062500,0.031704,0.013889,0.013170,0.256321,0.026397,0.271361,0.057426,0.092236,0.060100,0.520833,0.120946,0.517361,0.120403
affordance_graph_planner,mechanics_ood_shift,0,48,0.472368,0.031373,0.281500,0.027431,0.244896,0.025146,0.375000,0.064883,0.555556,0.110184,0.180556,0.049436,0.017361,0.017506,0.279899,0.024210,0.292404,0.056017,0.015216,0.055808,0.572917,0.104261,0.520833,0.094614
affordance_graph_planner,mechanics_ood_shift,1,48,0.470788,0.030172,0.279905,0.026471,0.242345,0.024260,0.368056,0.050501,0.541667,0.106325,0.229167,0.048266,0.020833,0.018518,0.281010,0.023719,0.294841,0.052630,0.015931,0.053834,0.562500,0.099011,0.531250,0.095128
affordance_graph_planner,mechanics_ood_shift,2,48,0.473540,0.029149,0.282302,0.025724,0.244367,0.023482,0.368056,0.063003,0.538194,0.107096,0.190972,0.051457,0.013889,0.016372,0.275089,0.023636,0.294204,0.051838,0.018324,0.051986,0.552083,0.102546,0.513889,0.097668
affordance_graph_planner,mechanics_ood_shift,3,48,0.452627,0.032842,0.301583,0.026949,0.262744,0.026670,0.354167,0.051121,0.482639,0.107537,0.138889,0.043859,0.017361,0.017506,0.260852,0.023741,0.332675,0.057010,-0.021025,0.058657,0.500000,0.102474,0.472222,0.098871
affordance_graph_planner,mechanics_ood_shift,4,48,0.452536,0.035663,0.304503,0.030610,0.265096,0.029400,0.385417,0.060080,0.486111,0.117859,0.097222,0.044395,0.010417,0.015088,0.257257,0.026430,0.333694,0.063591,-0.022992,0.064299,0.496528,0.115285,0.461806,0.109282
affordance_graph_planner,mechanics_ood_shift,5,48,0.461080,0.032639,0.297964,0.028089,0.255043,0.026245,0.340278,0.049555,0.513889,0.111252,0.159722,0.037618,0.006944,0.009522,0.265388,0.024603,0.317964,0.057618,-0.006833,0.058381,0.520833,0.109016,0.468750,0.101851
affordance_graph_planner,mechanics_ood_shift,6,48,0.480741,0.027004,0.274216,0.023038,0.236823,0.021486,0.354167,0.064974,0.559028,0.097985,0.253472,0.051457,0.031250,0.028616,0.288684,0.020368,0.278389,0.046754,0.029935,0.047905,0.590278,0.086973,0.569444,0.085256
affordance_graph_planner,mechanics_ood_shift,7,48,0.440327,0.034394,0.315503,0.029723,0.275967,0.028570,0.388889,0.053569,0.454861,0.113736,0.065972,0.038588,0.006944,0.009522,0.247169,0.025672,0.356211,0.061574,-0.045172,0.062405,0.461806,0.111849,0.420139,0.106985
affordance_graph_planner,mechanics_ood_shift,8,48,0.473020,0.030314,0.282274,0.026223,0.247031,0.024252,0.336806,0.053706,0.538194,0.104412,0.215278,0.044528,0.017361,0.022264,0.277167,0.023599,0.296509,0.052638,0.015028,0.053730,0.555556,0.099349,0.513889,0.095711
affordance_graph_planner,mechanics_ood_shift,9,48,0.465882,0.029387,0.285185,0.026038,0.247706,0.023789,0.347222,0.058223,0.524306,0.105651,0.190972,0.053264,0.024306,0.025714,0.276552,0.023697,0.304622,0.052447,0.005974,0.052436,0.548611,0.098692,0.513889,0.094718
affordance_graph_planner,nominal_abstraction,0,48,0.549353,0.034048,0.242111,0.029492,0.215395,0.029532,0.451389,0.064487,0.506944,0.137881,0.017361,0.014556,0.003472,0.006806,0.248942,0.028552,0.251914,0.059334,0.149289,0.061601,0.510417,0.137002,0.510417,0.137002
affordance_graph_planner,nominal_abstraction,1,48,0.548556,0.034538,0.242930,0.030309,0.214889,0.029465,0.402778,0.054877,0.513889,0.139543,0.013889,0.013170,0.000000,0.000000,0.248294,0.028602,0.252111,0.060177,0.148653,0.062463,0.513889,0.139543,0.517361,0.138661
affordance_graph_planner,nominal_abstraction,2,48,0.546693,0.034927,0.243934,0.030042,0.219289,0.030608,0.437500,0.053826,0.500000,0.141284,0.003472,0.006806,0.003472,0.006806,0.244683,0.028877,0.257070,0.060980,0.144556,0.063379,0.503472,0.140441,0.503472,0.140441
affordance_graph_planner,nominal_abstraction,3,48,0.549552,0.034647,0.241853,0.029974,0.214907,0.030069,0.482639,0.057739,0.513889,0.139543,0.003472,0.006806,0.000000,0.000000,0.248203,0.028726,0.251408,0.060364,0.150299,0.062757,0.513889,0.139543,0.513889,0.139543
affordance_graph_planner,nominal_abstraction,4,48,0.542745,0.036046,0.246765,0.031092,0.220467,0.031285,0.465278,0.068747,0.503472,0.142115,0.003472,0.006806,0.003472,0.006806,0.245182,0.028867,0.260773,0.062903,0.137909,0.065479,0.506944,0.141270,0.506944,0.141270
affordance_graph_planner,nominal_abstraction,5,48,0.551284,0.033916,0.239551,0.029446,0.213031,0.029173,0.430556,0.060611,0.517361,0.136945,0.034722,0.019351,0.006944,0.013611,0.253142,0.028385,0.247582,0.058847,0.152642,0.061287,0.524306,0.135469,0.524306,0.135469
affordance_graph_planner,nominal_abstraction,6,48,0.549035,0.035100,0.241271,0.030256,0.215685,0.029796,0.479167,0.057233,0.517361,0.139002,0.017361,0.014556,0.006944,0.009522,0.249145,0.028229,0.250485,0.060652,0.149163,0.063575,0.524306,0.137204,0.524306,0.137204
affordance_graph_planner,nominal_abstraction,7,48,0.544720,0.035455,0.245448,0.031046,0.219825,0.029877,0.430556,0.061387,0.503472,0.140441,0.006944,0.009522,0.000000,0.000000,0.245291,0.028896,0.259047,0.061407,0.141064,0.063966,0.503472,0.140441,0.503472,0.140441
affordance_graph_planner,nominal_abstraction,8,48,0.545610,0.035497,0.244881,0.030996,0.217534,0.029836,0.427083,0.065178,0.503472,0.138746,0.006944,0.009522,0.003472,0.006806,0.247007,0.028522,0.257861,0.061196,0.143211,0.064084,0.506944,0.137881,0.506944,0.137881
affordance_graph_planner,nominal_abstraction,9,48,0.547041,0.034537,0.243115,0.030314,0.216392,0.029524,0.413194,0.059949,0.510417,0.138718,0.017361,0.014556,0.006944,0.009522,0.249322,0.028156,0.253767,0.060237,0.145517,0.062457,0.517361,0.136945,0.517361,0.136945
affordance_graph_planner,object_affordance_transfer,0,48,0.488482,0.032779,0.278276,0.029874,0.230563,0.025718,0.326389,0.055838,0.552083,0.119976,0.100694,0.030354,0.010417,0.011534,0.269705,0.025195,0.278602,0.057497,0.047801,0.058872,0.562500,0.116564,0.541667,0.111959
affordance_graph_planner,object_affordance_transfer,1,48,0.486373,0.031687,0.278058,0.028597,0.229366,0.026004,0.326389,0.054118,0.541667,0.118126,0.118056,0.035013,0.020833,0.018518,0.271060,0.024149,0.280727,0.056192,0.046110,0.057842,0.562500,0.111589,0.541667,0.107651
affordance_graph_planner,object_affordance_transfer,2,48,0.496847,0.031711,0.270000,0.028200,0.224626,0.025326,0.336806,0.047140,0.559028,0.116103,0.125000,0.035737,0.020833,0.020917,0.277679,0.024642,0.266212,0.055062,0.061892,0.056979,0.579861,0.109606,0.569444,0.109106
affordance_graph_planner,object_affordance_transfer,3,48,0.508552,0.028665,0.253912,0.025955,0.210771,0.022833,0.340278,0.050501,0.597222,0.111677,0.204861,0.052594,0.024306,0.025714,0.292369,0.023210,0.240858,0.050470,0.086733,0.051238,0.621528,0.103730,0.614583,0.102083
affordance_graph_planner,object_affordance_transfer,4,48,0.497165,0.031178,0.270207,0.027422,0.225688,0.026107,0.368056,0.063003,0.562500,0.117373,0.114583,0.035279,0.006944,0.009522,0.273482,0.025260,0.266630,0.054865,0.063087,0.056219,0.569444,0.115015,0.552083,0.114737
affordance_graph_planner,object_affordance_transfer,5,48,0.518624,0.028024,0.249723,0.025450,0.207070,0.022170,0.361111,0.061771,0.628472,0.111425,0.184028,0.043757,0.013889,0.016372,0.292759,0.023326,0.225556,0.048931,0.101735,0.049848,0.642361,0.106097,0.607639,0.102238
affordance_graph_planner,object_affordance_transfer,6,48,0.505502,0.032600,0.258133,0.028631,0.216755,0.025748,0.420139,0.063772,0.593750,0.118688,0.211806,0.043213,0.020833,0.018518,0.286597,0.024458,0.247893,0.056841,0.079351,0.058361,0.614583,0.111390,0.590278,0.107852
affordance_graph_planner,object_affordance_transfer,7,48,0.505908,0.032546,0.261275,0.029352,0.218574,0.025927,0.361111,0.056991,0.590278,0.118310,0.163194,0.051915,0.006944,0.009522,0.283066,0.026290,0.251099,0.056734,0.078108,0.058321,0.597222,0.115835,0.583333,0.113428
affordance_graph_planner,object_affordance_transfer,8,48,0.499590,0.030699,0.268042,0.027500,0.221713,0.024436,0.437500,0.059661,0.565972,0.117016,0.128472,0.037970,0.013889,0.016372,0.276653,0.025262,0.260983,0.053767,0.068298,0.054629,0.579861,0.112586,0.552083,0.109678
affordance_graph_planner,object_affordance_transfer,9,48,0.488995,0.032378,0.274725,0.029397,0.228386,0.026263,0.364583,0.055582,0.555556,0.119651,0.072917,0.034942,0.017361,0.014556,0.272220,0.024883,0.275742,0.056874,0.050885,0.058550,0.572917,0.113805,0.538194,0.111849
affordance_graph_planner,predicate_noise_shift,0,48,0.528109,0.030775,0.248520,0.028475,0.202498,0.024691,0.354167,0.052038,0.593750,0.121056,0.125000,0.038293,0.020833,0.025035,0.280266,0.024925,0.233055,0.053674,0.120458,0.055558,0.614583,0.115148,0.614583,0.115148
affordance_graph_planner,predicate_noise_shift,1,48,0.521285,0.032072,0.257241,0.029996,0.207267,0.025148,0.368056,0.062247,0.579861,0.124933,0.083333,0.043498,0.010417,0.011534,0.269876,0.026096,0.245016,0.055946,0.109505,0.057686,0.590278,0.121466,0.586806,0.120697
affordance_graph_planner,predicate_noise_shift,2,48,0.522909,0.032679,0.254411,0.029758,0.208863,0.026611,0.388889,0.058628,0.572917,0.125657,0.086806,0.035055,0.017361,0.017506,0.270804,0.025547,0.245459,0.056939,0.111231,0.059249,0.590278,0.120292,0.583333,0.118725
affordance_graph_planner,predicate_noise_shift,3,48,0.520544,0.030803,0.256714,0.028008,0.208632,0.025192,0.402778,0.053125,0.572917,0.121056,0.086806,0.030741,0.013889,0.013170,0.270569,0.025005,0.247809,0.053826,0.107796,0.055702,0.586806,0.116306,0.579861,0.115080
affordance_graph_planner,predicate_noise_shift,4,48,0.534256,0.027969,0.240191,0.025358,0.197498,0.023674,0.371528,0.056913,0.621528,0.116204,0.152778,0.039906,0.020833,0.018518,0.286452,0.022665,0.220349,0.049225,0.132437,0.051169,0.642361,0.108304,0.638889,0.107578
affordance_graph_planner,predicate_noise_shift,5,48,0.514566,0.032759,0.263970,0.030517,0.216158,0.026400,0.375000,0.047150,0.541667,0.128851,0.097222,0.036175,0.010417,0.015088,0.261265,0.026759,0.260869,0.057850,0.096098,0.059438,0.552083,0.126127,0.548611,0.125677
affordance_graph_planner,predicate_noise_shift,6,48,0.512952,0.034475,0.264570,0.031698,0.216522,0.028285,0.361111,0.056155,0.552083,0.130911,0.041667,0.020633,0.006944,0.013611,0.264037,0.027766,0.260953,0.060666,0.092709,0.062471,0.559028,0.129214,0.548611,0.127173
affordance_graph_planner,predicate_noise_shift,7,48,0.526717,0.031001,0.249465,0.028074,0.204974,0.025233,0.371528,0.057739,0.586806,0.119515,0.111111,0.041646,0.031250,0.028616,0.277481,0.023888,0.236170,0.053713,0.117904,0.056290,0.618056,0.110023,0.611111,0.108889
affordance_graph_planner,predicate_noise_shift,8,48,0.510192,0.034462,0.269840,0.032167,0.217347,0.026841,0.395833,0.054697,0.538194,0.128756,0.059028,0.026618,0.003472,0.006806,0.258856,0.027206,0.267991,0.059992,0.088475,0.062120,0.541667,0.127745,0.534722,0.126427
affordance_graph_planner,predicate_noise_shift,9,48,0.524557,0.031350,0.253438,0.028306,0.208184,0.025402,0.368056,0.054118,0.583333,0.121482,0.093750,0.027349,0.006944,0.009522,0.272697,0.025174,0.242580,0.054471,0.113137,0.056785,0.590278,0.119107,0.586806,0.118322
affordance_graph_planner,recovery_cost_pressure,0,48,0.489209,0.032003,0.266245,0.028022,0.230812,0.027285,0.381944,0.060709,0.576389,0.116293,0.135417,0.045263,0.020833,0.018518,0.288963,0.026127,0.265833,0.056020,0.047238,0.057765,0.597222,0.109106,0.572917,0.106948
affordance_graph_planner,recovery_cost_pressure,1,48,0.492173,0.030767,0.267355,0.026591,0.228785,0.025172,0.322917,0.051839,0.586806,0.109174,0.138889,0.047979,0.031250,0.028616,0.291244,0.023827,0.258107,0.052612,0.050060,0.055211,0.618056,0.098692,0.586806,0.097744
affordance_graph_planner,recovery_cost_pressure,2,48,0.488221,0.029367,0.270906,0.026564,0.229410,0.023771,0.305556,0.053569,0.572917,0.110858,0.145833,0.038447,0.017361,0.017506,0.289323,0.025346,0.265821,0.051752,0.044405,0.052135,0.590278,0.104737,0.562500,0.104133
affordance_graph_planner,recovery_cost_pressure,3,48,0.498452,0.031829,0.263523,0.029104,0.220825,0.025398,0.343750,0.058687,0.604167,0.118176,0.152778,0.052227,0.020833,0.023068,0.295991,0.026861,0.246804,0.056268,0.062298,0.056480,0.625000,0.111536,0.607639,0.108957
affordance_graph_planner,recovery_cost_pressure,4,48,0.501124,0.030651,0.257886,0.027177,0.221034,0.025856,0.329861,0.049106,0.607639,0.115694,0.142361,0.045610,0.024306,0.019427,0.296965,0.025573,0.243046,0.053944,0.067680,0.055194,0.631944,0.106528,0.604167,0.102300
affordance_graph_planner,recovery_cost_pressure,5,48,0.500699,0.029188,0.258853,0.025653,0.221482,0.023737,0.329861,0.054580,0.593750,0.110430,0.173611,0.045577,0.031250,0.026913,0.299312,0.023976,0.245207,0.050455,0.065387,0.052002,0.625000,0.099428,0.593750,0.096730
affordance_graph_planner,recovery_cost_pressure,6,48,0.490697,0.027737,0.260348,0.025338,0.221832,0.023327,0.340278,0.050501,0.597222,0.109106,0.201389,0.035013,0.024306,0.023804,0.296963,0.023332,0.255760,0.048896,0.055252,0.050460,0.621528,0.100488,0.600694,0.097137
affordance_graph_planner,recovery_cost_pressure,7,48,0.487860,0.030447,0.270196,0.027240,0.227390,0.025180,0.364583,0.051150,0.579861,0.112586,0.159722,0.036339,0.017361,0.017506,0.289510,0.025241,0.266090,0.053116,0.045831,0.054526,0.597222,0.106473,0.569444,0.103773
affordance_graph_planner,recovery_cost_pressure,8,48,0.493357,0.032048,0.256769,0.028566,0.220280,0.026168,0.322917,0.055369,0.604167,0.114930,0.142361,0.058350,0.038194,0.034028,0.299908,0.025861,0.250821,0.055714,0.059868,0.057345,0.642361,0.102929,0.614583,0.100684
affordance_graph_planner,recovery_cost_pressure,9,48,0.497613,0.029261,0.262053,0.025703,0.221308,0.024098,0.340278,0.058324,0.600694,0.112060,0.163194,0.042939,0.034722,0.027439,0.295439,0.023104,0.247799,0.050791,0.062196,0.052770,0.635417,0.099502,0.607639,0.097501
grounded_geometric_tamp,combined_adversarial_abstraction,0,48,0.586140,0.029368,0.219301,0.019057,0.180203,0.013457,0.333333,0.059163,0.798611,0.099646,0.315972,0.058552,0.045139,0.037342,0.363431,0.019542,0.131690,0.036984,0.176559,0.040945,0.843750,0.073694,0.638889,0.096450
grounded_geometric_tamp,combined_adversarial_abstraction,1,48,0.585173,0.028649,0.227688,0.018539,0.186938,0.013741,0.284722,0.048591,0.777778,0.100767,0.295139,0.055226,0.045139,0.036053,0.356779,0.018999,0.140191,0.038043,0.168671,0.040546,0.822917,0.075595,0.607639,0.081079
grounded_geometric_tamp,combined_adversarial_abstraction,2,48,0.599893,0.024268,0.219931,0.016609,0.175624,0.010534,0.267361,0.052142,0.802083,0.095128,0.406250,0.077754,0.038194,0.031124,0.365722,0.017284,0.124896,0.031919,0.192281,0.033073,0.840278,0.070781,0.690972,0.080199
grounded_geometric_tamp,combined_adversarial_abstraction,3,48,0.591977,0.026121,0.214673,0.017535,0.177752,0.012996,0.312500,0.049236,0.805556,0.098871,0.350694,0.060927,0.052083,0.043667,0.366595,0.017534,0.125400,0.034808,0.185515,0.037276,0.857639,0.069453,0.677083,0.080445
grounded_geometric_tamp,combined_adversarial_abstraction,4,48,0.573454,0.030351,0.223421,0.022389,0.181510,0.015822,0.270833,0.050187,0.770833,0.105487,0.253472,0.056705,0.055556,0.044924,0.361817,0.020105,0.146854,0.041782,0.161220,0.045243,0.826389,0.078391,0.621528,0.087396
grounded_geometric_tamp,combined_adversarial_abstraction,5,48,0.585698,0.031312,0.224870,0.021180,0.183238,0.015163,0.284722,0.052340,0.791667,0.101779,0.277778,0.043859,0.034722,0.027439,0.358012,0.020861,0.137203,0.041502,0.172977,0.045004,0.826389,0.081352,0.611111,0.088789
grounded_geometric_tamp,combined_adversarial_abstraction,6,48,0.592260,0.030408,0.220437,0.019591,0.181509,0.014404,0.256944,0.053236,0.798611,0.100119,0.361111,0.066206,0.041667,0.040688,0.361909,0.020140,0.128752,0.038386,0.181719,0.043020,0.840278,0.078992,0.645833,0.090526
grounded_geometric_tamp,combined_adversarial_abstraction,7,48,0.587844,0.026595,0.216696,0.018035,0.176643,0.012978,0.222222,0.040494,0.798611,0.099646,0.357639,0.050530,0.048611,0.040054,0.366088,0.018307,0.129230,0.034843,0.181221,0.037414,0.847222,0.072023,0.645833,0.083457
grounded_geometric_tamp,combined_adversarial_abstraction,8,48,0.586001,0.030538,0.223619,0.020488,0.182927,0.014366,0.246528,0.055012,0.788194,0.100016,0.350694,0.067554,0.048611,0.043452,0.360636,0.019255,0.135221,0.039683,0.173127,0.043772,0.836806,0.075019,0.642361,0.085895
grounded_geometric_tamp,combined_adversarial_abstraction,9,48,0.573591,0.028403,0.228933,0.020046,0.187791,0.015071,0.274306,0.049106,0.763889,0.104228,0.239583,0.059883,0.055556,0.042766,0.356581,0.018841,0.150347,0.040018,0.155837,0.042090,0.819444,0.075861,0.638889,0.076791
grounded_geometric_tamp,geometry_tolerance_shift,0,48,0.637372,0.034012,0.197178,0.021929,0.160205,0.017276,0.319444,0.056575,0.784722,0.110023,0.090278,0.027439,0.010417,0.015088,0.343388,0.025447,0.118487,0.042185,0.263438,0.047446,0.795139,0.104864,0.753472,0.102469
grounded_geometric_tamp,geometry_tolerance_shift,1,48,0.628212,0.036132,0.203436,0.023529,0.165813,0.018250,0.336806,0.056287,0.756944,0.115067,0.149306,0.051687,0.017361,0.017506,0.336897,0.026035,0.131900,0.045414,0.249338,0.051102,0.774306,0.106764,0.729167,0.104587
grounded_geometric_tamp,geometry_tolerance_shift,2,48,0.626240,0.034357,0.198362,0.022392,0.163079,0.018809,0.329861,0.054580,0.760417,0.115865,0.069444,0.039906,0.020833,0.018518,0.339619,0.025986,0.129273,0.044074,0.251133,0.048964,0.781250,0.105725,0.753472,0.103844
grounded_geometric_tamp,geometry_tolerance_shift,3,48,0.627023,0.037712,0.204252,0.025789,0.165581,0.019279,0.288194,0.051227,0.760417,0.119086,0.020833,0.018518,0.010417,0.015088,0.335799,0.027509,0.132565,0.048610,0.248303,0.054210,0.770833,0.114517,0.708333,0.113219
grounded_geometric_tamp,geometry_tolerance_shift,4,48,0.630478,0.035609,0.202269,0.023255,0.164539,0.017730,0.309028,0.057533,0.770833,0.113271,0.034722,0.021658,0.010417,0.011534,0.338882,0.026321,0.126742,0.044582,0.252363,0.049948,0.781250,0.107939,0.732639,0.106431
grounded_geometric_tamp,geometry_tolerance_shift,5,48,0.629327,0.036827,0.202344,0.023893,0.164458,0.019142,0.319444,0.056575,0.763889,0.117457,0.013889,0.013170,0.010417,0.011534,0.335993,0.027223,0.128320,0.046683,0.252440,0.052224,0.774306,0.112376,0.739583,0.110430
grounded_geometric_tamp,geometry_tolerance_shift,6,48,0.629123,0.033581,0.199066,0.022338,0.163233,0.017177,0.274306,0.062650,0.770833,0.112433,0.173611,0.045577,0.013889,0.013170,0.339685,0.025156,0.126629,0.042586,0.253469,0.047403,0.784722,0.105188,0.732639,0.106431
grounded_geometric_tamp,geometry_tolerance_shift,7,48,0.624535,0.036534,0.206218,0.024002,0.168381,0.019096,0.329861,0.048133,0.750000,0.116310,0.159722,0.053236,0.013889,0.016372,0.334457,0.026658,0.136409,0.046646,0.243222,0.052167,0.763889,0.109970,0.697917,0.112025
grounded_geometric_tamp,geometry_tolerance_shift,8,48,0.630596,0.035836,0.201945,0.023395,0.163958,0.018689,0.312500,0.054697,0.760417,0.117486,0.086806,0.033678,0.020833,0.020917,0.339071,0.026158,0.127626,0.045841,0.253008,0.051112,0.781250,0.107939,0.722222,0.107137
grounded_geometric_tamp,geometry_tolerance_shift,9,48,0.627129,0.036610,0.205457,0.024838,0.165140,0.018199,0.291667,0.049116,0.763889,0.116243,0.100694,0.042105,0.010417,0.015088,0.336863,0.027049,0.130733,0.046876,0.247580,0.051932,0.774306,0.111531,0.715278,0.112152
grounded_geometric_tamp,language_ambiguity_shift,0,48,0.636641,0.034107,0.192008,0.021732,0.161160,0.017746,0.305556,0.054444,0.756944,0.115477,0.072917,0.029027,0.006944,0.009522,0.328771,0.027212,0.125439,0.041317,0.271157,0.047023,0.763889,0.112100,0.732639,0.109065
grounded_geometric_tamp,language_ambiguity_shift,1,48,0.629886,0.031929,0.196342,0.021120,0.162813,0.017372,0.284722,0.046604,0.739583,0.116678,0.069444,0.023491,0.013889,0.016372,0.325280,0.025884,0.134035,0.040543,0.262165,0.044819,0.753472,0.110466,0.722222,0.109322
grounded_geometric_tamp,language_ambiguity_shift,2,48,0.631646,0.032091,0.196816,0.020956,0.162373,0.016713,0.302083,0.049266,0.739583,0.114633,0.072917,0.023638,0.017361,0.020027,0.327719,0.025424,0.132596,0.040230,0.262942,0.044711,0.756944,0.106972,0.722222,0.103087
grounded_geometric_tamp,language_ambiguity_shift,3,48,0.628841,0.033675,0.199379,0.021562,0.166803,0.017455,0.315972,0.053486,0.729167,0.112433,0.079861,0.033678,0.010417,0.015088,0.325726,0.026139,0.140576,0.040788,0.256298,0.046864,0.739583,0.107829,0.704861,0.104864
grounded_geometric_tamp,language_ambiguity_shift,4,48,0.627989,0.035247,0.199297,0.022060,0.166956,0.018286,0.319444,0.059030,0.729167,0.115340,0.034722,0.021658,0.013889,0.013170,0.324793,0.027022,0.139835,0.042607,0.255775,0.049047,0.743056,0.108726,0.715278,0.107413
grounded_geometric_tamp,language_ambiguity_shift,5,48,0.645048,0.030939,0.188140,0.018905,0.154161,0.014551,0.329861,0.050060,0.760417,0.108703,0.177083,0.043937,0.034722,0.029111,0.339067,0.022338,0.116906,0.036178,0.282522,0.042008,0.795139,0.091365,0.760417,0.090673
grounded_geometric_tamp,language_ambiguity_shift,6,48,0.636845,0.031246,0.193230,0.019546,0.160019,0.015750,0.277778,0.052678,0.750000,0.109610,0.121528,0.039794,0.020833,0.020917,0.331850,0.024069,0.127842,0.037560,0.270180,0.043025,0.770833,0.099487,0.746528,0.098226
grounded_geometric_tamp,language_ambiguity_shift,7,48,0.634811,0.034798,0.196590,0.021544,0.161473,0.017896,0.329861,0.064875,0.739583,0.113805,0.072917,0.027349,0.013889,0.013170,0.328574,0.026562,0.131690,0.041643,0.266527,0.048252,0.753472,0.106985,0.732639,0.105539
grounded_geometric_tamp,language_ambiguity_shift,8,48,0.638118,0.032102,0.191468,0.020183,0.158835,0.016715,0.326389,0.051429,0.756944,0.111730,0.104167,0.033162,0.013889,0.021383,0.330694,0.025417,0.124425,0.038646,0.273814,0.044336,0.770833,0.105935,0.753472,0.105202
grounded_geometric_tamp,language_ambiguity_shift,9,48,0.633357,0.033650,0.197373,0.021305,0.164490,0.017663,0.354167,0.053826,0.729167,0.115340,0.072917,0.027349,0.013889,0.021383,0.326743,0.026721,0.134797,0.041389,0.263216,0.046759,0.743056,0.110023,0.718750,0.108376
grounded_geometric_tamp,mechanics_ood_shift,0,48,0.611117,0.030244,0.208704,0.019117,0.183691,0.015808,0.319444,0.053125,0.781250,0.101152,0.232639,0.067903,0.020833,0.025035,0.344957,0.021743,0.135252,0.039434,0.212929,0.042720,0.802083,0.090542,0.649306,0.098826
grounded_geometric_tamp,mechanics_ood_shift,1,48,0.589588,0.029393,0.220805,0.020432,0.191341,0.016528,0.270833,0.058053,0.732639,0.105539,0.187500,0.044172,0.027778,0.028078,0.334419,0.021488,0.163733,0.041111,0.183300,0.043233,0.760417,0.092736,0.618056,0.094780
grounded_geometric_tamp,mechanics_ood_shift,2,48,0.605971,0.033138,0.214288,0.021695,0.187000,0.017347,0.298611,0.057508,0.756944,0.106972,0.142361,0.044561,0.013889,0.013170,0.337967,0.023837,0.147070,0.044017,0.205098,0.047472,0.770833,0.099487,0.635417,0.102315
grounded_geometric_tamp,mechanics_ood_shift,3,48,0.608032,0.033727,0.212048,0.022161,0.186789,0.017760,0.250000,0.050540,0.760417,0.107829,0.118056,0.036339,0.017361,0.024296,0.339031,0.024323,0.143129,0.044580,0.208162,0.048494,0.777778,0.100296,0.628472,0.106209
grounded_geometric_tamp,mechanics_ood_shift,4,48,0.594759,0.033282,0.219211,0.021304,0.193266,0.018469,0.281250,0.056006,0.732639,0.108194,0.152778,0.052227,0.027778,0.028078,0.334661,0.023231,0.159977,0.044487,0.187907,0.048503,0.760417,0.095747,0.614583,0.098787
grounded_geometric_tamp,mechanics_ood_shift,5,48,0.600415,0.035555,0.218160,0.022938,0.188629,0.018500,0.295139,0.056913,0.750000,0.108308,0.111111,0.043859,0.017361,0.017506,0.335915,0.024395,0.152249,0.046729,0.196985,0.051249,0.767361,0.099542,0.631944,0.098211
grounded_geometric_tamp,mechanics_ood_shift,6,48,0.604667,0.033746,0.214459,0.021700,0.187031,0.018039,0.250000,0.065967,0.760417,0.104261,0.159722,0.055838,0.024306,0.030741,0.340861,0.023106,0.145508,0.044616,0.202456,0.048885,0.784722,0.093777,0.638889,0.101235
grounded_geometric_tamp,mechanics_ood_shift,7,48,0.599866,0.036601,0.215283,0.024002,0.190517,0.019732,0.350694,0.047886,0.756944,0.113410,0.090278,0.032198,0.013889,0.013170,0.334522,0.025747,0.149969,0.048978,0.197331,0.053204,0.770833,0.106380,0.611111,0.111465
grounded_geometric_tamp,mechanics_ood_shift,8,48,0.602184,0.034248,0.215349,0.021995,0.190944,0.018422,0.281250,0.053412,0.750000,0.106990,0.125000,0.040688,0.017361,0.017506,0.337111,0.023798,0.152347,0.045177,0.198216,0.049551,0.767361,0.098106,0.618056,0.104285
grounded_geometric_tamp,mechanics_ood_shift,9,48,0.606478,0.028487,0.209414,0.018241,0.184577,0.015062,0.260417,0.053190,0.767361,0.099542,0.222222,0.048955,0.024306,0.021726,0.342914,0.020412,0.142138,0.036577,0.208099,0.040623,0.791667,0.085625,0.645833,0.089475
grounded_geometric_tamp,nominal_abstraction,0,48,0.669080,0.035084,0.172691,0.020394,0.154723,0.019202,0.309028,0.048622,0.750000,0.121871,0.010417,0.011534,0.006944,0.009522,0.326215,0.028710,0.113882,0.041161,0.320509,0.047802,0.756944,0.118709,0.750000,0.117926
grounded_geometric_tamp,nominal_abstraction,1,48,0.668612,0.034955,0.173283,0.021374,0.154140,0.018353,0.350694,0.053486,0.750000,0.123796,0.003472,0.006806,0.006944,0.013611,0.325943,0.028949,0.113412,0.041401,0.320232,0.047385,0.756944,0.121076,0.739583,0.118688
grounded_geometric_tamp,nominal_abstraction,2,48,0.668485,0.034615,0.172310,0.020461,0.155680,0.019153,0.409722,0.055838,0.743056,0.123014,0.000000,0.000000,0.013889,0.016372,0.326174,0.028246,0.115351,0.041113,0.319463,0.047482,0.756944,0.117104,0.746528,0.116306
grounded_geometric_tamp,nominal_abstraction,3,48,0.667057,0.035716,0.174575,0.022383,0.155091,0.019135,0.347222,0.049436,0.750000,0.123796,0.010417,0.011534,0.000000,0.000000,0.324728,0.029342,0.116836,0.043097,0.317752,0.049339,0.750000,0.123796,0.732639,0.123314
grounded_geometric_tamp,nominal_abstraction,4,48,0.666548,0.035976,0.174328,0.021840,0.156613,0.019389,0.354167,0.054697,0.750000,0.123796,0.010417,0.011534,0.006944,0.009522,0.326215,0.028961,0.116202,0.043082,0.315666,0.049517,0.756944,0.120685,0.736111,0.119849
grounded_geometric_tamp,nominal_abstraction,5,48,0.667006,0.035744,0.175386,0.022000,0.156368,0.018991,0.340278,0.057508,0.746528,0.123410,0.003472,0.006806,0.000000,0.000000,0.324637,0.029397,0.117369,0.042680,0.316350,0.049062,0.746528,0.123410,0.732639,0.122158
grounded_geometric_tamp,nominal_abstraction,6,48,0.667008,0.035520,0.174237,0.021704,0.156666,0.019138,0.347222,0.059030,0.750000,0.123796,0.010417,0.011534,0.000000,0.000000,0.324708,0.029404,0.115754,0.042709,0.316774,0.048786,0.750000,0.123796,0.739583,0.122609
grounded_geometric_tamp,nominal_abstraction,7,48,0.669859,0.035238,0.172428,0.021580,0.155699,0.018566,0.430556,0.063656,0.756944,0.120685,0.041667,0.024797,0.000000,0.000000,0.327190,0.028737,0.113893,0.041681,0.320328,0.048160,0.756944,0.120685,0.750000,0.120308
grounded_geometric_tamp,nominal_abstraction,8,48,0.666528,0.034933,0.174647,0.021686,0.156679,0.018838,0.375000,0.054589,0.746528,0.123410,0.013889,0.013170,0.000000,0.000000,0.323981,0.029138,0.117601,0.042058,0.316352,0.047942,0.746528,0.123410,0.736111,0.123350
grounded_geometric_tamp,nominal_abstraction,9,48,0.666383,0.035663,0.174761,0.022339,0.156056,0.018529,0.347222,0.057405,0.750000,0.123796,0.010417,0.011534,0.003472,0.006806,0.325283,0.029132,0.116122,0.042835,0.316043,0.048836,0.753472,0.122254,0.739583,0.121446
grounded_geometric_tamp,object_affordance_transfer,0,48,0.608222,0.036386,0.213306,0.025037,0.176946,0.018158,0.281250,0.048784,0.750000,0.113844,0.118056,0.040054,0.006944,0.009522,0.333012,0.026946,0.145425,0.046897,0.217238,0.051795,0.756944,0.110452,0.677083,0.107610
grounded_geometric_tamp,object_affordance_transfer,1,48,0.614358,0.033833,0.207563,0.022280,0.171502,0.016643,0.288194,0.059752,0.763889,0.112100,0.163194,0.035723,0.017361,0.017506,0.337139,0.025153,0.133898,0.042796,0.228892,0.047297,0.781250,0.103464,0.673611,0.104737
grounded_geometric_tamp,object_affordance_transfer,2,48,0.609514,0.037196,0.211711,0.024519,0.175797,0.018954,0.343750,0.049981,0.756944,0.113410,0.090278,0.041218,0.003472,0.006806,0.332423,0.027427,0.142604,0.046826,0.220530,0.052745,0.760417,0.111708,0.687500,0.114517
grounded_geometric_tamp,object_affordance_transfer,3,48,0.618985,0.033922,0.202411,0.022286,0.168675,0.017736,0.291667,0.057951,0.767361,0.114565,0.211806,0.064326,0.024306,0.019427,0.341941,0.025047,0.128862,0.043623,0.236526,0.048092,0.791667,0.102242,0.722222,0.101701
grounded_geometric_tamp,object_affordance_transfer,4,48,0.606572,0.033500,0.212732,0.022794,0.175419,0.017254,0.295139,0.057739,0.753472,0.110466,0.111111,0.031266,0.006944,0.009522,0.331202,0.025623,0.145738,0.042911,0.217782,0.047404,0.760417,0.106948,0.670139,0.111106
grounded_geometric_tamp,object_affordance_transfer,5,48,0.608869,0.033095,0.212371,0.022375,0.175913,0.017728,0.284722,0.052340,0.753472,0.109606,0.118056,0.033635,0.006944,0.009522,0.334296,0.025422,0.145226,0.043086,0.218632,0.047288,0.760417,0.106060,0.666667,0.107871
grounded_geometric_tamp,object_affordance_transfer,6,48,0.605598,0.035108,0.212908,0.023613,0.178667,0.018013,0.281250,0.052519,0.743056,0.115477,0.083333,0.032259,0.013889,0.016372,0.330781,0.026319,0.146810,0.045469,0.214544,0.049730,0.756944,0.109160,0.684028,0.106209
grounded_geometric_tamp,object_affordance_transfer,7,48,0.610040,0.036715,0.209713,0.024578,0.174832,0.019285,0.322917,0.049025,0.760417,0.114220,0.107639,0.034374,0.006944,0.009522,0.333251,0.026860,0.141061,0.047110,0.222562,0.052902,0.767361,0.110786,0.690972,0.107866
grounded_geometric_tamp,object_affordance_transfer,8,48,0.613288,0.035750,0.209209,0.023797,0.173472,0.018748,0.326389,0.056679,0.750000,0.115084,0.072917,0.027349,0.017361,0.020027,0.335854,0.026333,0.140168,0.046117,0.225988,0.051298,0.767361,0.107316,0.690972,0.106985
grounded_geometric_tamp,object_affordance_transfer,9,48,0.610230,0.037593,0.211326,0.024731,0.175703,0.019599,0.326389,0.052340,0.750000,0.115084,0.114583,0.043667,0.017361,0.024296,0.335721,0.026783,0.143042,0.048167,0.220152,0.053900,0.767361,0.108194,0.677083,0.109354
grounded_geometric_tamp,predicate_noise_shift,0,48,0.633912,0.035969,0.197511,0.024212,0.161475,0.018695,0.402778,0.054877,0.760417,0.119086,0.065972,0.028754,0.010417,0.015088,0.333485,0.027361,0.126743,0.045893,0.263030,0.051118,0.770833,0.114517,0.750000,0.113010
grounded_geometric_tamp,predicate_noise_shift,1,48,0.633010,0.037623,0.200288,0.025716,0.162017,0.019318,0.267361,0.047390,0.750000,0.121871,0.059028,0.024778,0.010417,0.011534,0.332494,0.028210,0.131160,0.048243,0.260543,0.053897,0.760417,0.117083,0.739583,0.115045
grounded_geometric_tamp,predicate_noise_shift,2,48,0.639004,0.035339,0.193972,0.023131,0.159544,0.018145,0.302083,0.042011,0.770833,0.113688,0.065972,0.033325,0.003472,0.006806,0.334941,0.026825,0.122919,0.043446,0.270953,0.049608,0.774306,0.111954,0.736111,0.110826
grounded_geometric_tamp,predicate_noise_shift,3,48,0.638535,0.035316,0.195837,0.023311,0.159354,0.018156,0.295139,0.051687,0.756944,0.119107,0.052083,0.022086,0.013889,0.013170,0.335375,0.027035,0.124045,0.044306,0.269358,0.049650,0.770833,0.112433,0.739583,0.110858
grounded_geometric_tamp,predicate_noise_shift,4,48,0.629908,0.038146,0.202696,0.026049,0.165282,0.019694,0.385417,0.056844,0.746528,0.121478,0.052083,0.024133,0.003472,0.006806,0.330261,0.028877,0.135029,0.048804,0.254632,0.054508,0.750000,0.119915,0.725694,0.117318
grounded_geometric_tamp,predicate_noise_shift,5,48,0.631173,0.034601,0.196577,0.022674,0.162402,0.018069,0.336806,0.053706,0.750000,0.116310,0.062500,0.030175,0.006944,0.013611,0.331763,0.027528,0.131417,0.042929,0.260888,0.048311,0.756944,0.113410,0.739583,0.112130
grounded_geometric_tamp,predicate_noise_shift,6,48,0.632204,0.035508,0.199701,0.023487,0.163120,0.017610,0.315972,0.056913,0.750000,0.116310,0.072917,0.032121,0.013889,0.016372,0.332440,0.026772,0.130924,0.043932,0.259306,0.049647,0.763889,0.109970,0.725694,0.107646
grounded_geometric_tamp,predicate_noise_shift,7,48,0.635581,0.036025,0.196750,0.023966,0.161424,0.018226,0.340278,0.048591,0.760417,0.117486,0.069444,0.028908,0.010417,0.011534,0.334406,0.027212,0.126466,0.045202,0.264790,0.050778,0.770833,0.112433,0.743056,0.110023
grounded_geometric_tamp,predicate_noise_shift,8,48,0.634786,0.036837,0.198768,0.024944,0.162061,0.019021,0.284722,0.047608,0.750000,0.121871,0.048611,0.021658,0.003472,0.006806,0.330670,0.028912,0.129099,0.046710,0.263935,0.052119,0.753472,0.120304,0.725694,0.118522
grounded_geometric_tamp,predicate_noise_shift,9,48,0.637495,0.034367,0.195465,0.022419,0.161240,0.017829,0.305556,0.047979,0.756944,0.115477,0.090278,0.030693,0.010417,0.015088,0.334183,0.026522,0.125531,0.042949,0.267676,0.048206,0.767361,0.110786,0.725694,0.109390
grounded_geometric_tamp,recovery_cost_pressure,0,48,0.606006,0.030817,0.202310,0.018693,0.177120,0.016789,0.281250,0.055155,0.763889,0.106028,0.166667,0.032259,0.041667,0.035737,0.353179,0.022278,0.135298,0.038685,0.212804,0.043485,0.805556,0.085533,0.711806,0.087396
grounded_geometric_tamp,recovery_cost_pressure,1,48,0.606901,0.030171,0.201754,0.019002,0.172051,0.014658,0.319444,0.064395,0.781250,0.107500,0.166667,0.038905,0.045139,0.038588,0.356201,0.022457,0.125566,0.036862,0.216403,0.041083,0.826389,0.085325,0.694444,0.093966
grounded_geometric_tamp,recovery_cost_pressure,2,48,0.598235,0.030941,0.212260,0.021045,0.180556,0.017058,0.281250,0.062398,0.760417,0.108267,0.145833,0.037196,0.027778,0.031266,0.346971,0.024028,0.144324,0.041465,0.199396,0.044608,0.788194,0.096158,0.677083,0.095500
grounded_geometric_tamp,recovery_cost_pressure,3,48,0.596530,0.031057,0.209511,0.020550,0.177780,0.016382,0.319444,0.048469,0.763889,0.106916,0.166667,0.055874,0.027778,0.024477,0.351372,0.023632,0.143775,0.040197,0.199436,0.043898,0.791667,0.092528,0.687500,0.094614
grounded_geometric_tamp,recovery_cost_pressure,4,48,0.605418,0.030432,0.206832,0.019965,0.175836,0.015878,0.291667,0.059562,0.781250,0.104827,0.131944,0.030693,0.024306,0.029162,0.351056,0.023687,0.133426,0.038725,0.211410,0.042613,0.805556,0.093461,0.694444,0.095464
grounded_geometric_tamp,recovery_cost_pressure,5,48,0.604182,0.032835,0.205587,0.021954,0.174977,0.016289,0.288194,0.049346,0.770833,0.110310,0.138889,0.038086,0.034722,0.032198,0.352099,0.024465,0.133319,0.041353,0.211077,0.045957,0.805556,0.093966,0.687500,0.099011
grounded_geometric_tamp,recovery_cost_pressure,6,48,0.607723,0.033584,0.207238,0.021755,0.177330,0.017414,0.326389,0.052340,0.767361,0.109065,0.111111,0.038086,0.027778,0.034158,0.350639,0.025398,0.134386,0.042478,0.212579,0.047375,0.795139,0.097865,0.690972,0.100605
grounded_geometric_tamp,recovery_cost_pressure,7,48,0.613259,0.027227,0.198195,0.016997,0.168244,0.013952,0.309028,0.056705,0.795139,0.104412,0.152778,0.037460,0.045139,0.036053,0.357286,0.020350,0.118614,0.033640,0.227109,0.037539,0.840278,0.079589,0.743056,0.084209
grounded_geometric_tamp,recovery_cost_pressure,8,48,0.607634,0.031891,0.204840,0.019239,0.176260,0.015443,0.284722,0.049555,0.781250,0.103920,0.159722,0.035013,0.027778,0.022462,0.351773,0.023266,0.130930,0.037946,0.214175,0.043551,0.809028,0.088070,0.694444,0.097426
grounded_geometric_tamp,recovery_cost_pressure,9,48,0.604359,0.035372,0.209267,0.023090,0.177227,0.018236,0.336806,0.058754,0.763889,0.114190,0.180556,0.052227,0.031250,0.025094,0.349542,0.025986,0.136146,0.045224,0.208574,0.050318,0.795139,0.098826,0.673611,0.103374
language_symbolic_planner,combined_adversarial_abstraction,0,48,0.209502,0.019100,0.520134,0.015077,0.405005,0.015220,0.017361,0.014556,0.000000,0.000000,0.163194,0.034374,0.000000,0.000000,0.054028,0.002245,0.673236,0.031576,-0.406471,0.037164,0.034722,0.019351,0.000000,0.000000
language_symbolic_planner,combined_adversarial_abstraction,1,48,0.212639,0.019480,0.513674,0.015712,0.402567,0.015535,0.031250,0.023132,0.000000,0.000000,0.156250,0.032849,0.000000,0.000000,0.056042,0.002562,0.665440,0.031950,-0.398677,0.037701,0.052083,0.022086,0.003472,0.006806
language_symbolic_planner,combined_adversarial_abstraction,2,48,0.217248,0.018753,0.514474,0.015269,0.393639,0.016701,0.024306,0.016817,0.000000,0.000000,0.170139,0.045088,0.000000,0.000000,0.056042,0.002799,0.658266,0.031659,-0.388105,0.037225,0.052083,0.024133,0.006944,0.009522
language_symbolic_planner,combined_adversarial_abstraction,3,48,0.214090,0.018439,0.513421,0.015382,0.400719,0.014952,0.017361,0.017506,0.000000,0.000000,0.204861,0.037970,0.000000,0.000000,0.056042,0.002562,0.663644,0.030968,-0.395750,0.036129,0.052083,0.022086,0.010417,0.011534
language_symbolic_planner,combined_adversarial_abstraction,4,48,0.220766,0.018348,0.504603,0.015750,0.390259,0.016731,0.010417,0.011534,0.000000,0.000000,0.166667,0.038905,0.000000,0.000000,0.059667,0.004513,0.646076,0.031587,-0.377950,0.036653,0.083333,0.038905,0.000000,0.000000
language_symbolic_planner,combined_adversarial_abstraction,5,48,0.210085,0.020043,0.522312,0.016774,0.403427,0.016446,0.017361,0.014556,0.000000,0.000000,0.083333,0.029179,0.000000,0.000000,0.053222,0.002060,0.674372,0.033587,-0.405677,0.039379,0.027778,0.017758,0.003472,0.006806
language_symbolic_planner,combined_adversarial_abstraction,6,48,0.218789,0.018604,0.505261,0.015239,0.393890,0.013426,0.020833,0.015759,0.000000,0.000000,0.225694,0.050996,0.000000,0.000000,0.059264,0.002761,0.649897,0.029804,-0.382754,0.035199,0.079861,0.023804,0.006944,0.009522
language_symbolic_planner,combined_adversarial_abstraction,7,48,0.215589,0.018312,0.514022,0.015159,0.397382,0.015646,0.003472,0.006806,0.000000,0.000000,0.177083,0.029830,0.000000,0.000000,0.056042,0.002562,0.660548,0.030292,-0.392196,0.035687,0.052083,0.022086,0.003472,0.006806
language_symbolic_planner,combined_adversarial_abstraction,8,48,0.206043,0.018788,0.525278,0.014719,0.408250,0.015136,0.013889,0.013170,0.000000,0.000000,0.118056,0.050501,0.000000,0.000000,0.052417,0.001828,0.680822,0.030999,-0.414573,0.036538,0.020833,0.015759,0.000000,0.000000
language_symbolic_planner,combined_adversarial_abstraction,9,48,0.218106,0.017721,0.503350,0.014702,0.390738,0.014778,0.020833,0.015759,0.000000,0.000000,0.201389,0.043452,0.000000,0.000000,0.061278,0.002725,0.647141,0.029213,-0.380905,0.034309,0.097222,0.023491,0.013889,0.013170
language_symbolic_planner,geometry_tolerance_shift,0,48,0.314410,0.018521,0.453722,0.015356,0.350968,0.014801,0.062500,0.026858,0.000000,0.000000,0.041667,0.020633,0.000000,0.000000,0.050000,0.000000,0.563195,0.030557,-0.222446,0.035969,0.000000,0.000000,0.000000,0.000000
language_symbolic_planner,geometry_tolerance_shift,1,48,0.318368,0.018478,0.449977,0.015078,0.350362,0.014867,0.062500,0.026858,0.000000,0.000000,0.072917,0.038791,0.000000,0.000000,0.050000,0.000000,0.558398,0.030564,-0.215879,0.035889,0.000000,0.000000,0.000000,0.000000
language_symbolic_planner,geometry_tolerance_shift,2,48,0.319423,0.019569,0.449826,0.016742,0.348847,0.014346,0.059028,0.024778,0.000000,0.000000,0.107639,0.045088,0.000000,0.000000,0.050000,0.000000,0.556870,0.031908,-0.213646,0.037344,0.000000,0.000000,0.000000,0.000000
language_symbolic_planner,geometry_tolerance_shift,3,48,0.321261,0.017845,0.443324,0.014852,0.344559,0.016071,0.017361,0.014556,0.000000,0.000000,0.079861,0.032243,0.000000,0.000000,0.052986,0.001909,0.548967,0.030457,-0.206203,0.035587,0.027778,0.017758,0.024306,0.016817
language_symbolic_planner,geometry_tolerance_shift,4,48,0.315703,0.018732,0.448096,0.015565,0.347640,0.014900,0.079861,0.033678,0.000000,0.000000,0.097222,0.042210,0.000000,0.000000,0.052613,0.001808,0.556362,0.030727,-0.216590,0.036333,0.024306,0.016817,0.013889,0.013170
language_symbolic_planner,geometry_tolerance_shift,5,48,0.324163,0.019355,0.437233,0.017985,0.337982,0.016653,0.079861,0.041254,0.000000,0.000000,0.086806,0.045610,0.000000,0.000000,0.055972,0.003818,0.539251,0.033585,-0.196287,0.038954,0.055556,0.035516,0.045139,0.031875
language_symbolic_planner,geometry_tolerance_shift,6,48,0.322691,0.018548,0.439378,0.014845,0.343685,0.014862,0.072917,0.032121,0.000000,0.000000,0.138889,0.051772,0.000000,0.000000,0.054106,0.002153,0.544319,0.029940,-0.202325,0.035270,0.038194,0.020027,0.013889,0.013170
language_symbolic_planner,geometry_tolerance_shift,7,48,0.318706,0.018688,0.446291,0.015475,0.346729,0.015777,0.048611,0.023742,0.000000,0.000000,0.118056,0.030693,0.000000,0.000000,0.052240,0.001694,0.553255,0.030922,-0.211728,0.036392,0.020833,0.015759,0.010417,0.011534
language_symbolic_planner,geometry_tolerance_shift,8,48,0.325016,0.019106,0.432697,0.016618,0.333180,0.015364,0.055556,0.026339,0.000000,0.000000,0.166667,0.036393,0.000000,0.000000,0.058585,0.003911,0.531744,0.031480,-0.190443,0.037011,0.079861,0.036379,0.052083,0.027778
language_symbolic_planner,geometry_tolerance_shift,9,48,0.312758,0.018693,0.454455,0.015135,0.351148,0.016100,0.052083,0.026019,0.000000,0.000000,0.055556,0.028078,0.000000,0.000000,0.050373,0.000732,0.564404,0.031061,-0.224810,0.036465,0.003472,0.006806,0.000000,0.000000
language_symbolic_planner,language_ambiguity_shift,0,48,0.356369,0.019475,0.419809,0.015973,0.335297,0.015995,0.065972,0.028754,0.000000,0.000000,0.062500,0.023068,0.000000,0.000000,0.050000,0.000000,0.513250,0.032204,-0.149534,0.037779,0.000000,0.000000,0.000000,0.000000
language_symbolic_planner,language_ambiguity_shift,1,48,0.361167,0.018631,0.410892,0.015111,0.325287,0.014790,0.083333,0.033693,0.000000,0.000000,0.090278,0.037618,0.000000,0.000000,0.054087,0.002143,0.498929,0.030376,-0.134073,0.035642,0.038194,0.020027,0.034722,0.019351
language_symbolic_planner,language_ambiguity_shift,2,48,0.355676,0.019019,0.418983,0.015713,0.330284,0.014547,0.055556,0.024477,0.000000,0.000000,0.062500,0.025035,0.000000,0.000000,0.051858,0.001557,0.509576,0.030959,-0.146918,0.036172,0.017361,0.014556,0.003472,0.006806
language_symbolic_planner,language_ambiguity_shift,3,48,0.359899,0.018070,0.408090,0.015469,0.326283,0.015571,0.038194,0.022264,0.000000,0.000000,0.104167,0.034559,0.000000,0.000000,0.055573,0.002363,0.498130,0.030237,-0.135058,0.035647,0.052083,0.022086,0.041667,0.020633
language_symbolic_planner,language_ambiguity_shift,4,48,0.355025,0.019396,0.420798,0.015795,0.335955,0.015578,0.079861,0.029162,0.000000,0.000000,0.059028,0.022789,0.000000,0.000000,0.050000,0.000000,0.514962,0.032049,-0.151925,0.037595,0.000000,0.000000,0.000000,0.000000
language_symbolic_planner,language_ambiguity_shift,5,48,0.357960,0.018943,0.409872,0.014140,0.323118,0.015318,0.059028,0.024778,0.000000,0.000000,0.093750,0.032121,0.000000,0.000000,0.056316,0.002438,0.498002,0.030566,-0.136063,0.036220,0.059028,0.022789,0.055556,0.022462
language_symbolic_planner,language_ambiguity_shift,6,48,0.355170,0.018890,0.421703,0.015678,0.332794,0.014651,0.069444,0.028908,0.000000,0.000000,0.059028,0.022789,0.000000,0.000000,0.050372,0.000728,0.513484,0.031296,-0.150186,0.036472,0.003472,0.006806,0.000000,0.000000
language_symbolic_planner,language_ambiguity_shift,7,48,0.356930,0.018993,0.418103,0.015798,0.326501,0.015051,0.052083,0.027778,0.000000,0.000000,0.045139,0.027059,0.000000,0.000000,0.052601,0.001799,0.506543,0.031301,-0.142742,0.036484,0.024306,0.016817,0.024306,0.016817
language_symbolic_planner,language_ambiguity_shift,8,48,0.359252,0.019055,0.414586,0.016170,0.327101,0.015063,0.055556,0.028078,0.000000,0.000000,0.038194,0.024296,0.000000,0.000000,0.052972,0.001900,0.503713,0.031853,-0.138969,0.037276,0.027778,0.017758,0.027778,0.017758
language_symbolic_planner,language_ambiguity_shift,9,48,0.358576,0.020422,0.414676,0.016572,0.328123,0.015005,0.055556,0.028078,0.000000,0.000000,0.055556,0.026339,0.000000,0.000000,0.052972,0.001900,0.504029,0.032739,-0.140432,0.038780,0.027778,0.017758,0.024306,0.016817
language_symbolic_planner,mechanics_ood_shift,0,48,0.266387,0.018654,0.472372,0.015903,0.393951,0.014483,0.027778,0.020247,0.000000,0.000000,0.128472,0.039196,0.000000,0.000000,0.051884,0.001579,0.620644,0.030852,-0.313025,0.035763,0.017361,0.014556,0.000000,0.000000
language_symbolic_planner,mechanics_ood_shift,1,48,0.269175,0.020023,0.474290,0.015878,0.393450,0.015688,0.020833,0.015759,0.000000,0.000000,0.072917,0.034942,0.000000,0.000000,0.050000,0.000000,0.620969,0.032710,-0.310197,0.038792,0.000000,0.000000,0.000000,0.000000
language_symbolic_planner,mechanics_ood_shift,2,48,0.276450,0.019699,0.464855,0.015597,0.387562,0.014991,0.024306,0.016817,0.000000,0.000000,0.145833,0.048266,0.000000,0.000000,0.052260,0.001710,0.606688,0.031886,-0.294160,0.037739,0.020833,0.015759,0.000000,0.000000
language_symbolic_planner,mechanics_ood_shift,3,48,0.277211,0.020570,0.461025,0.016371,0.385121,0.015651,0.038194,0.024296,0.000000,0.000000,0.107639,0.031501,0.000000,0.000000,0.054144,0.002173,0.601862,0.033171,-0.290211,0.039446,0.038194,0.020027,0.017361,0.014556
language_symbolic_planner,mechanics_ood_shift,4,48,0.275642,0.019132,0.461906,0.016334,0.384954,0.014576,0.038194,0.020027,0.000000,0.000000,0.093750,0.032121,0.000000,0.000000,0.054521,0.002239,0.603031,0.031371,-0.292329,0.036593,0.041667,0.020633,0.010417,0.011534
language_symbolic_planner,mechanics_ood_shift,5,48,0.275263,0.019212,0.464828,0.015800,0.382309,0.015398,0.045139,0.021175,0.000000,0.000000,0.201389,0.046604,0.000000,0.000000,0.054144,0.002636,0.603471,0.031620,-0.292340,0.037074,0.038194,0.024296,0.003472,0.006806
language_symbolic_planner,mechanics_ood_shift,6,48,0.267981,0.019481,0.471674,0.016030,0.390863,0.015209,0.031250,0.018598,0.000000,0.000000,0.142361,0.037657,0.000000,0.000000,0.052260,0.001710,0.617284,0.031667,-0.308961,0.037284,0.020833,0.015759,0.000000,0.000000
language_symbolic_planner,mechanics_ood_shift,7,48,0.272268,0.020014,0.468628,0.016212,0.394486,0.015390,0.045139,0.025250,0.000000,0.000000,0.125000,0.044038,0.000000,0.000000,0.050753,0.001033,0.615922,0.032893,-0.304883,0.038606,0.006944,0.009522,0.000000,0.000000
language_symbolic_planner,mechanics_ood_shift,8,48,0.282939,0.018034,0.447877,0.015245,0.376496,0.015870,0.041667,0.024797,0.000000,0.000000,0.145833,0.030175,0.000000,0.000000,0.059418,0.002790,0.584399,0.030452,-0.272862,0.035849,0.086806,0.025714,0.038194,0.020027
language_symbolic_planner,mechanics_ood_shift,9,48,0.276537,0.019835,0.459656,0.016434,0.383826,0.014517,0.024306,0.016817,0.000000,0.000000,0.083333,0.023825,0.000000,0.000000,0.055274,0.002350,0.600229,0.032029,-0.289633,0.037613,0.048611,0.021658,0.010417,0.011534
language_symbolic_planner,nominal_abstraction,0,48,0.403778,0.019095,0.379875,0.015932,0.320176,0.015079,0.083333,0.032259,0.000000,0.000000,0.034722,0.019351,0.000000,0.000000,0.050000,0.000000,0.469279,0.031461,-0.068076,0.036835,0.000000,0.000000,0.000000,0.000000
language_symbolic_planner,nominal_abstraction,1,48,0.403126,0.018725,0.379987,0.015275,0.321084,0.015360,0.121528,0.043213,0.000000,0.000000,0.006944,0.009522,0.000000,0.000000,0.050000,0.000000,0.470210,0.031159,-0.069447,0.036470,0.000000,0.000000,0.003472,0.006806
language_symbolic_planner,nominal_abstraction,2,48,0.405463,0.018333,0.377197,0.015303,0.321654,0.014611,0.107639,0.034374,0.000000,0.000000,0.010417,0.011534,0.000000,0.000000,0.050000,0.000000,0.467528,0.030444,-0.065902,0.035504,0.000000,0.000000,0.000000,0.000000
language_symbolic_planner,nominal_abstraction,3,48,0.407853,0.018034,0.370326,0.014787,0.312932,0.015082,0.079861,0.032243,0.000000,0.000000,0.024306,0.016817,0.000000,0.000000,0.054010,0.002103,0.456639,0.030337,-0.054932,0.035157,0.038194,0.020027,0.038194,0.020027
language_symbolic_planner,nominal_abstraction,4,48,0.399607,0.018402,0.381549,0.015042,0.324450,0.015389,0.107639,0.034374,0.000000,0.000000,0.034722,0.019351,0.000000,0.000000,0.050000,0.000000,0.474977,0.030784,-0.076296,0.035868,0.000000,0.000000,0.000000,0.000000
language_symbolic_planner,nominal_abstraction,5,48,0.402304,0.018909,0.380203,0.015358,0.322108,0.015166,0.086806,0.036379,0.000000,0.000000,0.034722,0.019351,0.000000,0.000000,0.050000,0.000000,0.471356,0.031252,-0.071132,0.036684,0.000000,0.000000,0.000000,0.000000
language_symbolic_planner,nominal_abstraction,6,48,0.403385,0.019296,0.374534,0.015346,0.319192,0.015156,0.093750,0.034942,0.000000,0.000000,0.031250,0.018598,0.000000,0.000000,0.052552,0.001766,0.465384,0.031511,-0.065735,0.037145,0.024306,0.016817,0.024306,0.016817
language_symbolic_planner,nominal_abstraction,7,48,0.402901,0.018034,0.378281,0.014918,0.324190,0.014479,0.114583,0.032487,0.000000,0.000000,0.034722,0.023742,0.000000,0.000000,0.050000,0.000000,0.471030,0.030126,-0.070919,0.035056,0.000000,0.000000,0.000000,0.000000
language_symbolic_planner,nominal_abstraction,8,48,0.404193,0.018858,0.378463,0.015581,0.321745,0.014830,0.093750,0.039992,0.000000,0.000000,0.024306,0.021726,0.000000,0.000000,0.050000,0.000000,0.469045,0.031183,-0.067972,0.036425,0.000000,0.000000,0.000000,0.000000
language_symbolic_planner,nominal_abstraction,9,48,0.400830,0.018449,0.380485,0.015101,0.324113,0.015534,0.093750,0.030613,0.000000,0.000000,0.010417,0.011534,0.000000,0.000000,0.050000,0.000000,0.473498,0.030902,-0.074213,0.035995,0.000000,0.000000,0.000000,0.000000
language_symbolic_planner,object_affordance_transfer,0,48,0.302218,0.018442,0.454864,0.014633,0.363637,0.015540,0.086806,0.035055,0.000000,0.000000,0.062500,0.033162,0.000000,0.000000,0.051521,0.001442,0.571463,0.030527,-0.245060,0.035954,0.013889,0.013170,0.003472,0.006806
language_symbolic_planner,object_affordance_transfer,1,48,0.302758,0.020604,0.453344,0.016354,0.358815,0.017252,0.038194,0.020027,0.000000,0.000000,0.121528,0.042105,0.000000,0.000000,0.053042,0.001944,0.567643,0.034053,-0.240806,0.040463,0.027778,0.017758,0.017361,0.014556
language_symbolic_planner,object_affordance_transfer,2,48,0.309356,0.018954,0.443796,0.015720,0.351499,0.015097,0.052083,0.026019,0.000000,0.000000,0.111111,0.038086,0.000000,0.000000,0.056083,0.002460,0.552784,0.031248,-0.224681,0.036809,0.055556,0.022462,0.034722,0.019351
language_symbolic_planner,object_affordance_transfer,3,48,0.302082,0.019284,0.458418,0.015886,0.362462,0.014667,0.052083,0.024133,0.000000,0.000000,0.052083,0.022086,0.000000,0.000000,0.050380,0.000745,0.573524,0.031804,-0.245933,0.037102,0.003472,0.006806,0.000000,0.000000
language_symbolic_planner,object_affordance_transfer,4,48,0.305771,0.019680,0.456354,0.016179,0.361156,0.016066,0.027778,0.024477,0.000000,0.000000,0.107639,0.028340,0.000000,0.000000,0.050000,0.000000,0.569664,0.032304,-0.239947,0.038010,0.000000,0.000000,0.000000,0.000000
language_symbolic_planner,object_affordance_transfer,5,48,0.303659,0.018937,0.454607,0.015264,0.359986,0.015097,0.086806,0.037657,0.000000,0.000000,0.142361,0.035055,0.000000,0.000000,0.051901,0.001594,0.568293,0.030975,-0.241002,0.036506,0.017361,0.014556,0.003472,0.006806
language_symbolic_planner,object_affordance_transfer,6,48,0.306871,0.018786,0.447397,0.014410,0.358742,0.015001,0.059028,0.029962,0.000000,0.000000,0.059028,0.022789,0.000000,0.000000,0.053802,0.002119,0.560755,0.030465,-0.233511,0.035955,0.034722,0.019351,0.013889,0.013170
language_symbolic_planner,object_affordance_transfer,7,48,0.311101,0.019046,0.442662,0.016744,0.351473,0.015476,0.055556,0.024477,0.000000,0.000000,0.142361,0.063026,0.000000,0.000000,0.055703,0.003557,0.551305,0.032507,-0.222099,0.037136,0.052083,0.032487,0.027778,0.020247
language_symbolic_planner,object_affordance_transfer,8,48,0.309149,0.019606,0.448591,0.015164,0.356042,0.016037,0.065972,0.030354,0.000000,0.000000,0.059028,0.022789,0.000000,0.000000,0.053042,0.001944,0.558942,0.031809,-0.229661,0.037830,0.027778,0.017758,0.003472,0.006806
language_symbolic_planner,object_affordance_transfer,9,48,0.300190,0.018578,0.459474,0.015347,0.365465,0.015380,0.052083,0.029431,0.000000,0.000000,0.142361,0.044561,0.000000,0.000000,0.050000,0.000000,0.577066,0.030832,-0.250439,0.036063,0.000000,0.000000,0.000000,0.000000
language_symbolic_planner,predicate_noise_shift,0,48,0.337326,0.019046,0.436057,0.015386,0.341039,0.015325,0.055556,0.026339,0.000000,0.000000,0.072917,0.029027,0.000000,0.000000,0.050000,0.000000,0.535648,0.031669,-0.182135,0.037058,0.000000,0.000000,0.000000,0.000000
language_symbolic_planner,predicate_noise_shift,1,48,0.338776,0.019076,0.435986,0.015352,0.338735,0.014648,0.024306,0.021726,0.000000,0.000000,0.065972,0.025250,0.000000,0.000000,0.050000,0.000000,0.533505,0.031461,-0.178985,0.036862,0.000000,0.000000,0.000000,0.000000
language_symbolic_planner,predicate_noise_shift,2,48,0.346691,0.018023,0.423772,0.014694,0.333136,0.015583,0.038194,0.024296,0.000000,0.000000,0.052083,0.027778,0.000000,0.000000,0.052972,0.001900,0.517893,0.030021,-0.161203,0.035240,0.027778,0.017758,0.020833,0.015759
language_symbolic_planner,predicate_noise_shift,3,48,0.345296,0.019314,0.424204,0.015520,0.328949,0.015395,0.024306,0.016817,0.000000,0.000000,0.100694,0.044295,0.000000,0.000000,0.054458,0.002208,0.516064,0.031533,-0.160458,0.037348,0.041667,0.020633,0.034722,0.019351
language_symbolic_planner,predicate_noise_shift,4,48,0.336027,0.018872,0.436752,0.015332,0.342091,0.015186,0.045139,0.023302,0.000000,0.000000,0.048611,0.027439,0.000000,0.000000,0.050000,0.000000,0.537379,0.031511,-0.184594,0.036723,0.000000,0.000000,0.000000,0.000000
language_symbolic_planner,predicate_noise_shift,5,48,0.344399,0.020265,0.430421,0.016727,0.338269,0.014942,0.048611,0.033635,0.000000,0.000000,0.100694,0.033325,0.000000,0.000000,0.050000,0.000000,0.526766,0.033120,-0.169799,0.038901,0.000000,0.000000,0.000000,0.000000
language_symbolic_planner,predicate_noise_shift,6,48,0.339870,0.018491,0.430802,0.014762,0.337735,0.015226,0.045139,0.025250,0.000000,0.000000,0.107639,0.032969,0.000000,0.000000,0.051858,0.001557,0.528607,0.030520,-0.174945,0.035919,0.017361,0.014556,0.010417,0.011534
language_symbolic_planner,predicate_noise_shift,7,48,0.341249,0.018339,0.427799,0.015222,0.335783,0.015031,0.048611,0.021658,0.000000,0.000000,0.086806,0.023804,0.000000,0.000000,0.052972,0.001900,0.524960,0.030788,-0.170886,0.035799,0.027778,0.017758,0.024306,0.016817
language_symbolic_planner,predicate_noise_shift,8,48,0.344076,0.020385,0.430099,0.016081,0.336327,0.015529,0.034722,0.019351,0.000000,0.000000,0.052083,0.022086,0.000000,0.000000,0.050743,0.001019,0.525315,0.032890,-0.168849,0.039177,0.006944,0.009522,0.000000,0.000000
language_symbolic_planner,predicate_noise_shift,9,48,0.342320,0.019660,0.431225,0.015813,0.340446,0.015727,0.038194,0.022264,0.000000,0.000000,0.055556,0.029715,0.000000,0.000000,0.050000,0.000000,0.529629,0.032300,-0.173912,0.038166,0.000000,0.000000,0.000000,0.000000
language_symbolic_planner,recovery_cost_pressure,0,48,0.294928,0.019546,0.453031,0.016860,0.372547,0.014885,0.031250,0.020988,0.000000,0.000000,0.111111,0.029715,0.000000,0.000000,0.053389,0.002166,0.571559,0.032190,-0.258488,0.037442,0.027778,0.017758,0.013889,0.013170
language_symbolic_planner,recovery_cost_pressure,1,48,0.288234,0.019844,0.454224,0.016793,0.368906,0.016466,0.027778,0.020247,0.000000,0.000000,0.159722,0.050501,0.000000,0.000000,0.057201,0.003023,0.573020,0.033190,-0.264854,0.039106,0.059028,0.024778,0.027778,0.017758
language_symbolic_planner,recovery_cost_pressure,2,48,0.290061,0.019133,0.455363,0.016148,0.369388,0.014997,0.034722,0.023742,0.000000,0.000000,0.111111,0.032744,0.000000,0.000000,0.055507,0.002583,0.573548,0.031983,-0.263322,0.037134,0.045139,0.021175,0.027778,0.017758
language_symbolic_planner,recovery_cost_pressure,3,48,0.284706,0.019569,0.463681,0.016249,0.374061,0.015270,0.069444,0.030500,0.000000,0.000000,0.125000,0.031517,0.000000,0.000000,0.052965,0.002052,0.584901,0.032323,-0.275799,0.037949,0.024306,0.016817,0.017361,0.014556
language_symbolic_planner,recovery_cost_pressure,4,48,0.286333,0.019521,0.465135,0.015556,0.379502,0.015736,0.038194,0.022264,0.000000,0.000000,0.086806,0.048622,0.000000,0.000000,0.050000,0.000000,0.588414,0.032132,-0.277687,0.037889,0.000000,0.000000,0.000000,0.000000
language_symbolic_planner,recovery_cost_pressure,5,48,0.294504,0.018676,0.449130,0.015494,0.364868,0.015174,0.062500,0.028565,0.000000,0.000000,0.159722,0.036339,0.000000,0.000000,0.057625,0.003485,0.563492,0.030976,-0.252898,0.036359,0.062500,0.028565,0.017361,0.014556
language_symbolic_planner,recovery_cost_pressure,6,48,0.290569,0.019656,0.457353,0.015984,0.371330,0.014858,0.031250,0.020988,0.000000,0.000000,0.111111,0.029715,0.000000,0.000000,0.053813,0.002269,0.575666,0.032098,-0.264654,0.037612,0.031250,0.018598,0.013889,0.013170
language_symbolic_planner,recovery_cost_pressure,7,48,0.290493,0.018612,0.461293,0.015352,0.371246,0.015135,0.013889,0.013170,0.000000,0.000000,0.131944,0.029111,0.000000,0.000000,0.052118,0.001776,0.578164,0.030769,-0.266244,0.035777,0.017361,0.014556,0.000000,0.000000
language_symbolic_planner,recovery_cost_pressure,8,48,0.287551,0.019265,0.462471,0.015230,0.378733,0.015199,0.034722,0.023742,0.000000,0.000000,0.083333,0.023825,0.000000,0.000000,0.050847,0.001162,0.585414,0.031725,-0.274726,0.037225,0.006944,0.009522,0.003472,0.006806
language_symbolic_planner,recovery_cost_pressure,9,48,0.285809,0.019973,0.465346,0.015470,0.375651,0.015891,0.024306,0.016817,0.000000,0.000000,0.149306,0.036703,0.000000,0.000000,0.051271,0.001407,0.586090,0.032570,-0.276094,0.038631,0.010417,0.011534,0.000000,0.000000
learned_failure_classifier_tamp,combined_adversarial_abstraction,0,48,0.412079,0.033168,0.335779,0.029913,0.269998,0.023639,0.416667,0.058358,0.506944,0.096266,0.250000,0.049595,0.006944,0.013611,0.293024,0.025325,0.366906,0.056674,-0.100141,0.057383,0.513889,0.094217,0.388889,0.093461
learned_failure_classifier_tamp,combined_adversarial_abstraction,1,48,0.423852,0.035857,0.323132,0.031850,0.263446,0.027361,0.413194,0.052369,0.534722,0.107413,0.281250,0.063896,0.017361,0.022264,0.299418,0.026383,0.345765,0.062873,-0.079002,0.063466,0.552083,0.102546,0.378472,0.102814
learned_failure_classifier_tamp,combined_adversarial_abstraction,2,48,0.409402,0.035289,0.340672,0.031048,0.270751,0.026505,0.468750,0.058079,0.496528,0.097501,0.267361,0.069962,0.010417,0.011534,0.289822,0.026008,0.375015,0.059054,-0.104854,0.061900,0.506944,0.093777,0.385417,0.102083
learned_failure_classifier_tamp,combined_adversarial_abstraction,3,48,0.443025,0.027694,0.300869,0.025254,0.244742,0.020919,0.468750,0.052967,0.597222,0.093714,0.409722,0.077175,0.017361,0.014556,0.315216,0.022795,0.307979,0.047726,-0.040085,0.048021,0.614583,0.085435,0.468750,0.088428
learned_failure_classifier_tamp,combined_adversarial_abstraction,4,48,0.422027,0.027640,0.324387,0.023779,0.260143,0.020397,0.413194,0.058350,0.531250,0.085158,0.336806,0.057943,0.017361,0.022264,0.301267,0.021958,0.348079,0.045458,-0.079953,0.047258,0.548611,0.078992,0.416667,0.086995
learned_failure_classifier_tamp,combined_adversarial_abstraction,5,48,0.442049,0.029740,0.304978,0.026651,0.243969,0.021608,0.472222,0.061000,0.593750,0.093244,0.427083,0.067320,0.017361,0.020027,0.312433,0.023528,0.310414,0.049738,-0.041718,0.051215,0.611111,0.086084,0.437500,0.093608
learned_failure_classifier_tamp,combined_adversarial_abstraction,6,48,0.444676,0.025730,0.307642,0.022814,0.248181,0.019139,0.458333,0.059562,0.593750,0.088026,0.416667,0.059163,0.013889,0.013170,0.308756,0.022096,0.309266,0.043161,-0.042123,0.043930,0.607639,0.081079,0.416667,0.093798
learned_failure_classifier_tamp,combined_adversarial_abstraction,7,48,0.434539,0.026023,0.315250,0.023616,0.252217,0.020058,0.465278,0.054118,0.579861,0.088606,0.444444,0.069687,0.010417,0.011534,0.303249,0.021375,0.325619,0.044991,-0.057267,0.045440,0.590278,0.083646,0.399306,0.085204
learned_failure_classifier_tamp,combined_adversarial_abstraction,8,48,0.447974,0.025609,0.297886,0.021558,0.240747,0.017726,0.489583,0.054508,0.621528,0.084647,0.486111,0.054877,0.013889,0.016372,0.315969,0.021515,0.297093,0.041797,-0.030844,0.042162,0.635417,0.077602,0.475694,0.086444
learned_failure_classifier_tamp,combined_adversarial_abstraction,9,48,0.460291,0.022876,0.285983,0.020764,0.231826,0.017903,0.388889,0.058628,0.645833,0.087334,0.454861,0.054796,0.020833,0.020917,0.324731,0.021690,0.275116,0.039135,-0.008880,0.038586,0.666667,0.076585,0.503472,0.080494
learned_failure_classifier_tamp,geometry_tolerance_shift,0,48,0.470281,0.034440,0.304693,0.030208,0.244738,0.026390,0.520833,0.062752,0.440972,0.106320,0.135417,0.047307,0.003472,0.006806,0.276962,0.028619,0.339724,0.056402,0.001024,0.059729,0.444444,0.105356,0.423611,0.106972
learned_failure_classifier_tamp,geometry_tolerance_shift,1,48,0.460603,0.036121,0.313263,0.031706,0.253769,0.027660,0.500000,0.059957,0.406250,0.106948,0.079861,0.027492,0.000000,0.000000,0.269891,0.029226,0.359676,0.059254,-0.017157,0.062997,0.406250,0.106948,0.399306,0.107316
learned_failure_classifier_tamp,geometry_tolerance_shift,2,48,0.441841,0.038691,0.330821,0.034089,0.267397,0.029455,0.496528,0.065600,0.333333,0.114259,0.041667,0.020633,0.006944,0.009522,0.257472,0.030334,0.393923,0.063933,-0.050699,0.067695,0.340278,0.112993,0.336806,0.113215
learned_failure_classifier_tamp,geometry_tolerance_shift,3,48,0.458662,0.036162,0.315884,0.031899,0.254822,0.027998,0.534722,0.053236,0.402778,0.107358,0.111111,0.035516,0.000000,0.000000,0.267523,0.029427,0.363145,0.059022,-0.020382,0.063081,0.402778,0.107358,0.388889,0.108454
learned_failure_classifier_tamp,geometry_tolerance_shift,4,48,0.445608,0.038118,0.327604,0.034105,0.263574,0.028982,0.444444,0.066206,0.364583,0.112866,0.069444,0.027222,0.003472,0.006806,0.261992,0.030285,0.383984,0.063407,-0.044212,0.066779,0.368056,0.112152,0.354167,0.112853
learned_failure_classifier_tamp,geometry_tolerance_shift,5,48,0.448760,0.037043,0.326135,0.032711,0.262796,0.028400,0.493056,0.057508,0.361111,0.110184,0.083333,0.027510,0.000000,0.000000,0.259264,0.030064,0.381466,0.061146,-0.038502,0.064743,0.361111,0.110184,0.354167,0.111589
learned_failure_classifier_tamp,geometry_tolerance_shift,6,48,0.457391,0.036335,0.314719,0.031628,0.257851,0.028424,0.500000,0.059957,0.392361,0.108522,0.114583,0.036595,0.003472,0.006806,0.267082,0.029447,0.364966,0.059646,-0.022973,0.063497,0.395833,0.107706,0.385417,0.109246
learned_failure_classifier_tamp,geometry_tolerance_shift,7,48,0.457534,0.036608,0.314009,0.032167,0.255085,0.028739,0.475694,0.049585,0.392361,0.110680,0.118056,0.041218,0.017361,0.017506,0.270378,0.029095,0.363338,0.060473,-0.021811,0.064232,0.409722,0.106972,0.406250,0.107829
learned_failure_classifier_tamp,geometry_tolerance_shift,8,48,0.450446,0.037856,0.322397,0.032707,0.260768,0.029379,0.503472,0.063400,0.378472,0.108631,0.079861,0.029162,0.006944,0.009522,0.264642,0.029509,0.376747,0.061992,-0.035446,0.066407,0.385417,0.107059,0.371528,0.108848
learned_failure_classifier_tamp,geometry_tolerance_shift,9,48,0.465790,0.033174,0.308626,0.029504,0.247893,0.025514,0.475694,0.061507,0.427083,0.103806,0.170139,0.037024,0.010417,0.011534,0.273932,0.027929,0.346341,0.054746,-0.006747,0.057450,0.437500,0.100904,0.413194,0.103844
learned_failure_classifier_tamp,language_ambiguity_shift,0,48,0.468863,0.034544,0.311442,0.030368,0.259220,0.028328,0.503472,0.056287,0.333333,0.111747,0.090278,0.035013,0.000000,0.000000,0.251567,0.030284,0.367787,0.057538,-0.004070,0.060744,0.333333,0.111747,0.322917,0.112341
learned_failure_classifier_tamp,language_ambiguity_shift,1,48,0.464156,0.034217,0.317065,0.030551,0.261623,0.027785,0.506944,0.059130,0.309028,0.111743,0.059028,0.031501,0.003472,0.006806,0.247383,0.029918,0.376868,0.057214,-0.012012,0.060301,0.312500,0.111164,0.302083,0.112446
learned_failure_classifier_tamp,language_ambiguity_shift,2,48,0.463632,0.033085,0.317490,0.029207,0.260452,0.027081,0.569444,0.058223,0.322917,0.107169,0.069444,0.036175,0.000000,0.000000,0.248605,0.029098,0.375109,0.055236,-0.012451,0.058240,0.322917,0.107169,0.305556,0.107578
learned_failure_classifier_tamp,language_ambiguity_shift,3,48,0.470527,0.032859,0.308185,0.028585,0.256963,0.026614,0.513889,0.054877,0.347222,0.106028,0.121528,0.039794,0.003472,0.006806,0.253985,0.028461,0.362980,0.054178,0.000092,0.057569,0.350694,0.105314,0.340278,0.106083
learned_failure_classifier_tamp,language_ambiguity_shift,4,48,0.484069,0.030497,0.296413,0.027145,0.246339,0.025069,0.541667,0.061898,0.392361,0.104072,0.135417,0.045263,0.000000,0.000000,0.261491,0.028399,0.338078,0.050556,0.024959,0.053314,0.392361,0.104072,0.378472,0.104638
learned_failure_classifier_tamp,language_ambiguity_shift,5,48,0.488328,0.033536,0.293208,0.029794,0.240436,0.026226,0.524306,0.055012,0.413194,0.108739,0.163194,0.051915,0.006944,0.009522,0.266260,0.028878,0.328615,0.055279,0.033324,0.058506,0.420139,0.106985,0.406250,0.107390
learned_failure_classifier_tamp,language_ambiguity_shift,6,48,0.453090,0.037878,0.327331,0.033143,0.269473,0.030744,0.527778,0.054444,0.281250,0.117988,0.024306,0.019427,0.000000,0.000000,0.242355,0.031629,0.395870,0.063328,-0.032572,0.066987,0.281250,0.117988,0.281250,0.117988
learned_failure_classifier_tamp,language_ambiguity_shift,7,48,0.481804,0.031779,0.300483,0.028168,0.245724,0.025805,0.538194,0.053486,0.385417,0.103920,0.114583,0.036595,0.000000,0.000000,0.260706,0.028882,0.342695,0.052314,0.021106,0.055511,0.385417,0.103920,0.381944,0.104285
learned_failure_classifier_tamp,language_ambiguity_shift,8,48,0.464304,0.034221,0.317308,0.030493,0.259912,0.027432,0.513889,0.051314,0.315972,0.109714,0.072917,0.023638,0.003472,0.006806,0.247908,0.029664,0.375737,0.056857,-0.010993,0.060236,0.319444,0.109106,0.312500,0.109880
learned_failure_classifier_tamp,language_ambiguity_shift,9,48,0.467330,0.034458,0.313307,0.030226,0.259018,0.027951,0.510417,0.061826,0.329861,0.110251,0.090278,0.037618,0.003472,0.006806,0.250233,0.029578,0.369576,0.057591,-0.005979,0.061000,0.333333,0.109610,0.326389,0.110023
learned_failure_classifier_tamp,mechanics_ood_shift,0,48,0.406942,0.034739,0.346465,0.029585,0.300267,0.028049,0.434028,0.046381,0.364583,0.101386,0.142361,0.041254,0.006944,0.009522,0.256211,0.026920,0.425429,0.059394,-0.117809,0.061319,0.371528,0.099779,0.305556,0.106251
learned_failure_classifier_tamp,mechanics_ood_shift,1,48,0.413469,0.031191,0.340654,0.026211,0.291406,0.024198,0.489583,0.055369,0.381944,0.089651,0.145833,0.037196,0.000000,0.000000,0.260259,0.025051,0.414004,0.051380,-0.103232,0.054131,0.381944,0.089651,0.326389,0.096756
learned_failure_classifier_tamp,mechanics_ood_shift,2,48,0.437131,0.031994,0.321383,0.027640,0.277851,0.025391,0.538194,0.056913,0.437500,0.098532,0.204861,0.049823,0.000000,0.000000,0.269245,0.026824,0.374935,0.054556,-0.062407,0.055772,0.437500,0.098532,0.354167,0.103221
learned_failure_classifier_tamp,mechanics_ood_shift,3,48,0.416873,0.036326,0.339659,0.031467,0.294158,0.029242,0.461806,0.056076,0.375000,0.110256,0.138889,0.056155,0.000000,0.000000,0.256305,0.028378,0.411221,0.063398,-0.099571,0.064542,0.375000,0.110256,0.284722,0.110452
learned_failure_classifier_tamp,mechanics_ood_shift,4,48,0.395900,0.037359,0.357394,0.031606,0.310519,0.030406,0.420139,0.062271,0.319444,0.105581,0.065972,0.025250,0.000000,0.000000,0.246886,0.028568,0.449356,0.064002,-0.138654,0.066345,0.319444,0.105581,0.284722,0.108290
learned_failure_classifier_tamp,mechanics_ood_shift,5,48,0.428017,0.033278,0.329489,0.028702,0.281075,0.026331,0.524306,0.052369,0.420139,0.099661,0.180556,0.041074,0.003472,0.006806,0.266600,0.026482,0.388563,0.056935,-0.077433,0.058449,0.423611,0.098692,0.361111,0.098392
learned_failure_classifier_tamp,mechanics_ood_shift,6,48,0.420822,0.032720,0.335028,0.028274,0.287838,0.026331,0.506944,0.067357,0.399306,0.097137,0.180556,0.042210,0.006944,0.013611,0.264613,0.026403,0.400199,0.055726,-0.091876,0.057462,0.406250,0.095747,0.322917,0.105837
learned_failure_classifier_tamp,mechanics_ood_shift,7,48,0.430309,0.034341,0.325293,0.029064,0.284617,0.027393,0.510417,0.057052,0.420139,0.103388,0.184028,0.051687,0.003472,0.006806,0.266640,0.027482,0.386313,0.058380,-0.075273,0.060116,0.423611,0.102454,0.343750,0.108049
learned_failure_classifier_tamp,mechanics_ood_shift,8,48,0.420996,0.036032,0.333648,0.030208,0.291077,0.029163,0.489583,0.058687,0.399306,0.102353,0.170139,0.050060,0.000000,0.000000,0.262510,0.027304,0.403886,0.060952,-0.092349,0.063854,0.399306,0.102353,0.329861,0.107646
learned_failure_classifier_tamp,mechanics_ood_shift,9,48,0.433746,0.031284,0.320151,0.026390,0.279418,0.025579,0.420139,0.054145,0.434028,0.094671,0.225694,0.044027,0.003472,0.006806,0.271104,0.026061,0.377582,0.053254,-0.066986,0.054732,0.437500,0.093608,0.357639,0.102929
learned_failure_classifier_tamp,nominal_abstraction,0,48,0.499049,0.035056,0.290078,0.029872,0.255709,0.029105,0.555556,0.061000,0.295139,0.116001,0.031250,0.018598,0.000000,0.000000,0.243824,0.031211,0.356917,0.057408,0.044287,0.061320,0.295139,0.116001,0.295139,0.116001
learned_failure_classifier_tamp,nominal_abstraction,1,48,0.485294,0.037952,0.302845,0.032601,0.266114,0.031184,0.562500,0.053826,0.246528,0.122254,0.000000,0.000000,0.000000,0.000000,0.235331,0.032428,0.381561,0.062385,0.019203,0.066637,0.246528,0.122254,0.250000,0.121871
learned_failure_classifier_tamp,nominal_abstraction,2,48,0.489274,0.037735,0.298303,0.032416,0.265553,0.031171,0.562500,0.058053,0.253472,0.123410,0.000000,0.000000,0.000000,0.000000,0.236858,0.032756,0.376047,0.062092,0.025579,0.066204,0.253472,0.123410,0.250000,0.123796
learned_failure_classifier_tamp,nominal_abstraction,3,48,0.496003,0.035733,0.292634,0.030113,0.259487,0.030230,0.524306,0.052369,0.277778,0.118858,0.020833,0.015759,0.000000,0.000000,0.241178,0.031725,0.363558,0.059054,0.038150,0.062739,0.277778,0.118858,0.277778,0.118858
learned_failure_classifier_tamp,nominal_abstraction,4,48,0.486393,0.036974,0.300275,0.031344,0.266982,0.031061,0.618056,0.055838,0.256944,0.121466,0.003472,0.006806,0.000000,0.000000,0.237088,0.032161,0.378252,0.061300,0.020430,0.064973,0.256944,0.121466,0.256944,0.121466
learned_failure_classifier_tamp,nominal_abstraction,5,48,0.496000,0.036264,0.292373,0.030914,0.259126,0.030302,0.569444,0.048469,0.284722,0.120685,0.017361,0.017506,0.000000,0.000000,0.242326,0.032132,0.362148,0.059738,0.038076,0.063617,0.284722,0.120685,0.281250,0.120762
learned_failure_classifier_tamp,nominal_abstraction,6,48,0.498678,0.035454,0.289312,0.030086,0.257184,0.029229,0.545139,0.065057,0.298611,0.117104,0.041667,0.024797,0.000000,0.000000,0.244485,0.031358,0.356628,0.058106,0.043021,0.062045,0.298611,0.117104,0.295139,0.117218
learned_failure_classifier_tamp,nominal_abstraction,7,48,0.486160,0.037690,0.299785,0.032128,0.267967,0.031184,0.583333,0.058358,0.253472,0.121478,0.003472,0.006806,0.000000,0.000000,0.237260,0.032260,0.380412,0.061826,0.019699,0.066250,0.253472,0.121478,0.253472,0.121478
learned_failure_classifier_tamp,nominal_abstraction,8,48,0.495703,0.036419,0.292384,0.031071,0.259920,0.030258,0.635417,0.052967,0.281250,0.119976,0.020833,0.018518,0.000000,0.000000,0.241427,0.031842,0.363494,0.060032,0.037579,0.063927,0.281250,0.119976,0.281250,0.119976
learned_failure_classifier_tamp,nominal_abstraction,9,48,0.487055,0.037669,0.299597,0.032023,0.266627,0.031678,0.527778,0.057815,0.256944,0.123014,0.006944,0.009522,0.000000,0.000000,0.237790,0.032651,0.377839,0.062404,0.021446,0.066271,0.256944,0.123014,0.256944,0.123014
learned_failure_classifier_tamp,object_affordance_transfer,0,48,0.473770,0.030848,0.293597,0.027043,0.243358,0.023701,0.465278,0.065216,0.496528,0.098946,0.232639,0.050295,0.003472,0.006806,0.285314,0.027236,0.317970,0.050718,0.008433,0.052769,0.500000,0.097749,0.440972,0.102238
learned_failure_classifier_tamp,object_affordance_transfer,1,48,0.441871,0.035668,0.325454,0.031619,0.268277,0.028125,0.496528,0.061890,0.392361,0.107206,0.128472,0.042663,0.000000,0.000000,0.263515,0.029276,0.377565,0.059448,-0.050728,0.062863,0.392361,0.107206,0.371528,0.107537
learned_failure_classifier_tamp,object_affordance_transfer,2,48,0.444937,0.035648,0.320991,0.030758,0.265537,0.027911,0.493056,0.062247,0.399306,0.103730,0.142361,0.036379,0.003472,0.006806,0.266197,0.028785,0.372331,0.059060,-0.044227,0.062469,0.402778,0.102857,0.388889,0.104906
learned_failure_classifier_tamp,object_affordance_transfer,3,48,0.442760,0.033577,0.323789,0.029538,0.265638,0.026024,0.461806,0.065420,0.392361,0.102238,0.152778,0.034843,0.003472,0.006806,0.265591,0.028192,0.375436,0.056089,-0.047845,0.058406,0.395833,0.101371,0.371528,0.103958
learned_failure_classifier_tamp,object_affordance_transfer,4,48,0.468421,0.031677,0.301277,0.027875,0.249371,0.025618,0.503472,0.064875,0.465278,0.101060,0.211806,0.038588,0.000000,0.000000,0.276763,0.028363,0.331825,0.052897,-0.002107,0.055058,0.465278,0.101060,0.430556,0.105581
learned_failure_classifier_tamp,object_affordance_transfer,5,48,0.444319,0.036841,0.323079,0.032792,0.266584,0.028738,0.458333,0.060350,0.399306,0.112901,0.111111,0.046983,0.000000,0.000000,0.264396,0.030117,0.373345,0.062237,-0.046054,0.064666,0.399306,0.112901,0.364583,0.112866
learned_failure_classifier_tamp,object_affordance_transfer,6,48,0.441598,0.035891,0.323998,0.031822,0.269290,0.028315,0.520833,0.055555,0.392361,0.108522,0.131944,0.049555,0.000000,0.000000,0.264001,0.029567,0.378334,0.060317,-0.051090,0.063089,0.392361,0.108522,0.368056,0.110452
learned_failure_classifier_tamp,object_affordance_transfer,7,48,0.450872,0.035027,0.313815,0.030009,0.260450,0.026940,0.500000,0.063780,0.420139,0.102469,0.215278,0.047608,0.000000,0.000000,0.270681,0.028422,0.361557,0.057225,-0.032350,0.060885,0.420139,0.102469,0.406250,0.104261
learned_failure_classifier_tamp,object_affordance_transfer,8,48,0.461360,0.033030,0.305130,0.028872,0.252687,0.026388,0.534722,0.063003,0.454861,0.102814,0.225694,0.061121,0.000000,0.000000,0.275363,0.028004,0.342483,0.054672,-0.013202,0.057932,0.454861,0.102814,0.409722,0.107413
learned_failure_classifier_tamp,object_affordance_transfer,9,48,0.441806,0.033880,0.323491,0.029592,0.267521,0.026487,0.513889,0.061387,0.395833,0.100904,0.156250,0.036917,0.003472,0.006806,0.265581,0.027974,0.376604,0.056063,-0.049978,0.059017,0.399306,0.100016,0.375000,0.102242
learned_failure_classifier_tamp,predicate_noise_shift,0,48,0.466332,0.036518,0.311406,0.032488,0.252864,0.028201,0.531250,0.058079,0.371528,0.110144,0.069444,0.033458,0.006944,0.009522,0.263981,0.029606,0.360730,0.060048,-0.007217,0.063979,0.378472,0.108631,0.368056,0.110023
learned_failure_classifier_tamp,predicate_noise_shift,1,48,0.464189,0.036519,0.315588,0.032700,0.253707,0.027912,0.465278,0.056679,0.364583,0.112866,0.072917,0.032121,0.000000,0.000000,0.259281,0.030543,0.364939,0.060236,-0.010419,0.063664,0.364583,0.112866,0.357639,0.113006
learned_failure_classifier_tamp,predicate_noise_shift,2,48,0.493713,0.030648,0.286015,0.027516,0.233899,0.024203,0.493056,0.057508,0.447917,0.103464,0.138889,0.042766,0.006944,0.009522,0.277163,0.027983,0.313682,0.050504,0.043008,0.052888,0.454861,0.101425,0.430556,0.101934
learned_failure_classifier_tamp,predicate_noise_shift,3,48,0.471002,0.034934,0.307328,0.030804,0.247262,0.026677,0.493056,0.069432,0.388889,0.107137,0.111111,0.035516,0.000000,0.000000,0.264492,0.029268,0.351969,0.056810,0.003636,0.060629,0.388889,0.107137,0.378472,0.107756
learned_failure_classifier_tamp,predicate_noise_shift,4,48,0.467110,0.035276,0.310062,0.031432,0.253526,0.027768,0.513889,0.056575,0.368056,0.111730,0.076389,0.033635,0.010417,0.011534,0.264191,0.029771,0.359010,0.059273,-0.006225,0.061684,0.378472,0.109498,0.375000,0.109395
learned_failure_classifier_tamp,predicate_noise_shift,5,48,0.470008,0.035014,0.309636,0.031108,0.253956,0.027674,0.506944,0.055838,0.361111,0.111888,0.090278,0.030693,0.000000,0.000000,0.259754,0.030404,0.358492,0.058087,-0.001526,0.061333,0.361111,0.111888,0.354167,0.112853
learned_failure_classifier_tamp,predicate_noise_shift,6,48,0.475685,0.034702,0.302064,0.030869,0.246218,0.026997,0.496528,0.054580,0.406250,0.110001,0.138889,0.039309,0.006944,0.009522,0.268287,0.029139,0.343131,0.057501,0.010530,0.060518,0.413194,0.108304,0.395833,0.109880
learned_failure_classifier_tamp,predicate_noise_shift,7,48,0.479438,0.034627,0.299317,0.030901,0.244409,0.027080,0.520833,0.050187,0.413194,0.110037,0.097222,0.032013,0.000000,0.000000,0.270249,0.029900,0.337719,0.057028,0.016355,0.060332,0.413194,0.110037,0.402778,0.111252
learned_failure_classifier_tamp,predicate_noise_shift,8,48,0.488648,0.032017,0.288334,0.027993,0.234572,0.024637,0.506944,0.052340,0.437500,0.099962,0.156250,0.040579,0.013889,0.019043,0.278322,0.026986,0.320840,0.051374,0.035626,0.055540,0.451389,0.096756,0.440972,0.097985
learned_failure_classifier_tamp,predicate_noise_shift,9,48,0.482784,0.031606,0.295773,0.027974,0.243878,0.025192,0.513889,0.066562,0.413194,0.102929,0.125000,0.028357,0.003472,0.006806,0.269788,0.028287,0.333384,0.052090,0.022333,0.055007,0.416667,0.102011,0.409722,0.101992
learned_failure_classifier_tamp,recovery_cost_pressure,0,48,0.425052,0.033989,0.333049,0.028536,0.285789,0.027607,0.468750,0.048296,0.368056,0.098692,0.135417,0.040870,0.003472,0.006806,0.263373,0.028050,0.397572,0.056018,-0.084500,0.059700,0.371528,0.097865,0.336806,0.102238
learned_failure_classifier_tamp,recovery_cost_pressure,1,48,0.437995,0.032217,0.322024,0.028337,0.271770,0.026148,0.447917,0.060080,0.427083,0.100095,0.194444,0.053569,0.006944,0.009522,0.275564,0.027804,0.368357,0.054416,-0.060190,0.056636,0.434028,0.098106,0.368056,0.105637
learned_failure_classifier_tamp,recovery_cost_pressure,2,48,0.440918,0.031662,0.320334,0.027661,0.268665,0.024991,0.482639,0.056913,0.430556,0.098151,0.166667,0.032259,0.003472,0.006806,0.275456,0.027714,0.364232,0.052921,-0.054006,0.054886,0.434028,0.097137,0.375000,0.100375
learned_failure_classifier_tamp,recovery_cost_pressure,3,48,0.407261,0.032826,0.351691,0.028035,0.294246,0.026492,0.458333,0.057129,0.333333,0.094801,0.121528,0.037342,0.000000,0.000000,0.254142,0.027226,0.424419,0.054726,-0.115316,0.057664,0.333333,0.094801,0.312500,0.097567
learned_failure_classifier_tamp,recovery_cost_pressure,4,48,0.451963,0.025547,0.307603,0.021357,0.259754,0.020959,0.468750,0.050217,0.472222,0.083292,0.274306,0.051915,0.003472,0.006806,0.283940,0.023917,0.343450,0.041082,-0.032724,0.043918,0.475694,0.081950,0.423611,0.085878
learned_failure_classifier_tamp,recovery_cost_pressure,5,48,0.413887,0.032031,0.346131,0.027960,0.290266,0.025679,0.402778,0.051314,0.343750,0.095003,0.131944,0.035013,0.003472,0.006806,0.257125,0.027057,0.414447,0.053237,-0.103853,0.056259,0.347222,0.094217,0.305556,0.097426
learned_failure_classifier_tamp,recovery_cost_pressure,6,48,0.458457,0.029565,0.301193,0.025644,0.254890,0.023291,0.461806,0.054363,0.486111,0.095216,0.284722,0.065216,0.006944,0.009522,0.288074,0.026366,0.331759,0.049015,-0.020747,0.051087,0.493056,0.092762,0.454861,0.095169
learned_failure_classifier_tamp,recovery_cost_pressure,7,48,0.440841,0.033167,0.319967,0.029595,0.268846,0.027267,0.458333,0.067034,0.420139,0.104299,0.218750,0.056844,0.003472,0.006806,0.275406,0.029417,0.365901,0.056248,-0.053980,0.058257,0.423611,0.103374,0.395833,0.102300
learned_failure_classifier_tamp,recovery_cost_pressure,8,48,0.446409,0.030384,0.313410,0.026973,0.265138,0.023717,0.423611,0.067357,0.434028,0.099066,0.177083,0.048051,0.013889,0.013170,0.280838,0.026484,0.354909,0.051197,-0.044220,0.052634,0.447917,0.094879,0.385417,0.098307
learned_failure_classifier_tamp,recovery_cost_pressure,9,48,0.441985,0.032905,0.318095,0.028680,0.265984,0.025930,0.496528,0.062650,0.437500,0.103221,0.243056,0.063749,0.006944,0.009522,0.278473,0.027263,0.360973,0.055002,-0.050977,0.057607,0.444444,0.101235,0.399306,0.102353
llm_tamp_failure_reasoning,combined_adversarial_abstraction,0,48,0.547660,0.022846,0.222926,0.017908,0.182147,0.011991,0.406250,0.052293,0.788194,0.098587,0.368056,0.041218,0.048611,0.037618,0.355863,0.016767,0.141336,0.035551,0.137754,0.034476,0.836806,0.069793,0.586806,0.085343
llm_tamp_failure_reasoning,combined_adversarial_abstraction,1,48,0.549253,0.027656,0.226986,0.023160,0.186802,0.016734,0.333333,0.055874,0.791667,0.105431,0.340278,0.074683,0.031250,0.031751,0.348997,0.022288,0.142564,0.044287,0.136525,0.043480,0.822917,0.089887,0.569444,0.096204
llm_tamp_failure_reasoning,combined_adversarial_abstraction,2,48,0.557438,0.021203,0.208900,0.018158,0.168288,0.012320,0.322917,0.055369,0.819444,0.098151,0.350694,0.065420,0.055556,0.049912,0.364243,0.017750,0.119934,0.032611,0.162127,0.032380,0.875000,0.068431,0.680556,0.083575
llm_tamp_failure_reasoning,combined_adversarial_abstraction,3,48,0.550832,0.024083,0.220654,0.019395,0.182318,0.015016,0.378472,0.043213,0.784722,0.099170,0.319444,0.054877,0.052083,0.046804,0.356831,0.019037,0.139248,0.037751,0.141715,0.037720,0.836806,0.073103,0.642361,0.085895
llm_tamp_failure_reasoning,combined_adversarial_abstraction,4,48,0.552798,0.022190,0.210398,0.018014,0.172516,0.013310,0.371528,0.058552,0.802083,0.099026,0.402778,0.070698,0.069444,0.054877,0.365559,0.017040,0.127217,0.033532,0.153022,0.034497,0.871528,0.060927,0.625000,0.085071
llm_tamp_failure_reasoning,combined_adversarial_abstraction,5,48,0.559584,0.019574,0.206376,0.015332,0.169366,0.011565,0.420139,0.051457,0.815972,0.096893,0.444444,0.066917,0.062500,0.050187,0.367773,0.015732,0.117756,0.029837,0.163477,0.029338,0.878472,0.059752,0.649306,0.088739
llm_tamp_failure_reasoning,combined_adversarial_abstraction,6,48,0.555877,0.020853,0.205876,0.016902,0.171230,0.012910,0.375000,0.061129,0.809028,0.098707,0.486111,0.082435,0.059028,0.050996,0.367387,0.017335,0.120905,0.033166,0.158881,0.032348,0.868056,0.067357,0.680556,0.071363
llm_tamp_failure_reasoning,combined_adversarial_abstraction,7,48,0.543277,0.021908,0.217522,0.019080,0.177226,0.013443,0.364583,0.045263,0.788194,0.100957,0.402778,0.058223,0.052083,0.041444,0.358719,0.018611,0.140765,0.035733,0.138849,0.034166,0.840278,0.072105,0.638889,0.079217
llm_tamp_failure_reasoning,combined_adversarial_abstraction,8,48,0.551226,0.020873,0.215506,0.017796,0.176074,0.012645,0.343750,0.049981,0.802083,0.098547,0.395833,0.050187,0.055556,0.046983,0.361708,0.016969,0.130926,0.033759,0.147542,0.032381,0.857639,0.068077,0.642361,0.083096
llm_tamp_failure_reasoning,combined_adversarial_abstraction,9,48,0.539914,0.027697,0.232974,0.023699,0.190070,0.017123,0.322917,0.052744,0.784722,0.101060,0.270833,0.072541,0.020833,0.025035,0.347213,0.022437,0.156346,0.044905,0.122108,0.044030,0.805556,0.090373,0.586806,0.093287
llm_tamp_failure_reasoning,geometry_tolerance_shift,0,48,0.601336,0.029229,0.202626,0.023170,0.165139,0.018846,0.402778,0.056575,0.763889,0.115835,0.128472,0.032608,0.017361,0.020027,0.332698,0.025857,0.128531,0.045041,0.225180,0.045042,0.781250,0.107939,0.725694,0.104977
llm_tamp_failure_reasoning,geometry_tolerance_shift,1,48,0.610737,0.027021,0.192979,0.021049,0.158603,0.016509,0.423611,0.058324,0.781250,0.111390,0.229167,0.061226,0.027778,0.026339,0.340344,0.023812,0.114555,0.040387,0.241670,0.040758,0.809028,0.097744,0.767361,0.096649
llm_tamp_failure_reasoning,geometry_tolerance_shift,2,48,0.610060,0.026115,0.195372,0.020094,0.160163,0.016616,0.399306,0.058955,0.774306,0.113215,0.125000,0.046136,0.027778,0.024477,0.336250,0.023865,0.116196,0.040066,0.240202,0.039480,0.802083,0.099502,0.770833,0.098532
llm_tamp_failure_reasoning,geometry_tolerance_shift,3,48,0.605725,0.028785,0.197521,0.023554,0.161004,0.017889,0.444444,0.054444,0.770833,0.114930,0.138889,0.035516,0.020833,0.020917,0.337072,0.025389,0.122695,0.044181,0.233669,0.044423,0.791667,0.104982,0.732639,0.103730
llm_tamp_failure_reasoning,geometry_tolerance_shift,4,48,0.601703,0.029404,0.203682,0.023476,0.165258,0.017691,0.385417,0.046804,0.760417,0.115045,0.093750,0.032121,0.020833,0.020917,0.333141,0.025529,0.128497,0.044983,0.224662,0.044793,0.781250,0.105277,0.722222,0.101701
llm_tamp_failure_reasoning,geometry_tolerance_shift,5,48,0.606420,0.029429,0.199634,0.023219,0.162537,0.018476,0.381944,0.062247,0.767361,0.113736,0.163194,0.044027,0.013889,0.021383,0.335037,0.026562,0.123886,0.044736,0.232890,0.044919,0.781250,0.107939,0.750000,0.106547
llm_tamp_failure_reasoning,geometry_tolerance_shift,6,48,0.607644,0.027765,0.197121,0.021877,0.161884,0.017057,0.451389,0.056679,0.777778,0.112310,0.149306,0.031124,0.017361,0.017506,0.335690,0.025264,0.119508,0.041943,0.235767,0.041901,0.795139,0.103502,0.739583,0.104261
llm_tamp_failure_reasoning,geometry_tolerance_shift,7,48,0.608717,0.027721,0.196585,0.021468,0.161906,0.017695,0.420139,0.059155,0.777778,0.112731,0.121528,0.033325,0.020833,0.023068,0.336967,0.024856,0.118528,0.042198,0.236599,0.042143,0.798611,0.102915,0.729167,0.102762
llm_tamp_failure_reasoning,geometry_tolerance_shift,8,48,0.611385,0.027098,0.191030,0.021274,0.156561,0.017476,0.475694,0.052369,0.781250,0.112656,0.197917,0.065720,0.034722,0.036339,0.343750,0.024350,0.111837,0.041230,0.243489,0.041574,0.815972,0.097865,0.760417,0.100095
llm_tamp_failure_reasoning,geometry_tolerance_shift,9,48,0.609249,0.027066,0.196790,0.021403,0.159164,0.016218,0.399306,0.053926,0.777778,0.112310,0.180556,0.034843,0.031250,0.030224,0.339606,0.023769,0.115528,0.041151,0.237878,0.040808,0.809028,0.097744,0.746528,0.099185
llm_tamp_failure_reasoning,language_ambiguity_shift,0,48,0.618752,0.025705,0.189203,0.019743,0.159019,0.016829,0.437500,0.060448,0.760417,0.111708,0.111111,0.039309,0.013889,0.016372,0.328919,0.025280,0.119772,0.038151,0.256375,0.038333,0.774306,0.104977,0.743056,0.101992
llm_tamp_failure_reasoning,language_ambiguity_shift,1,48,0.616212,0.024438,0.188683,0.018891,0.156959,0.015593,0.420139,0.056705,0.746528,0.108304,0.145833,0.053826,0.027778,0.024477,0.333002,0.023520,0.124126,0.035589,0.253905,0.036429,0.774306,0.094546,0.746528,0.093287
llm_tamp_failure_reasoning,language_ambiguity_shift,2,48,0.623265,0.026051,0.185275,0.020663,0.154224,0.016590,0.375000,0.061898,0.767361,0.113319,0.125000,0.045099,0.020833,0.020917,0.336115,0.025109,0.112874,0.039245,0.263597,0.039360,0.788194,0.103273,0.753472,0.101074
llm_tamp_failure_reasoning,language_ambiguity_shift,3,48,0.615155,0.026948,0.189355,0.021104,0.159999,0.017650,0.402778,0.056575,0.750000,0.114259,0.128472,0.036703,0.020833,0.018518,0.330914,0.025109,0.124570,0.040390,0.251146,0.041149,0.770833,0.104133,0.736111,0.101934
llm_tamp_failure_reasoning,language_ambiguity_shift,4,48,0.619956,0.024356,0.183888,0.019825,0.154247,0.016281,0.434028,0.051227,0.767361,0.112481,0.156250,0.050918,0.024306,0.025714,0.335056,0.024510,0.114268,0.036996,0.261520,0.037006,0.791667,0.101313,0.767361,0.101425
llm_tamp_failure_reasoning,language_ambiguity_shift,5,48,0.610775,0.029387,0.198327,0.024357,0.162671,0.018134,0.402778,0.054877,0.746528,0.117922,0.107639,0.051915,0.000000,0.000000,0.323712,0.028314,0.131601,0.044676,0.242663,0.044631,0.746528,0.117922,0.718750,0.115558
llm_tamp_failure_reasoning,language_ambiguity_shift,6,48,0.610739,0.027563,0.195426,0.022025,0.161733,0.017572,0.454861,0.058147,0.736111,0.114603,0.100694,0.038588,0.013889,0.016372,0.325988,0.026576,0.131594,0.041357,0.244030,0.041622,0.750000,0.108308,0.725694,0.106764
llm_tamp_failure_reasoning,language_ambiguity_shift,7,48,0.615686,0.026416,0.189595,0.020368,0.156556,0.017183,0.409722,0.055838,0.756944,0.110880,0.135417,0.045263,0.017361,0.017506,0.331163,0.025100,0.122426,0.038780,0.253912,0.039828,0.774306,0.102238,0.753472,0.102469
llm_tamp_failure_reasoning,language_ambiguity_shift,8,48,0.618125,0.027433,0.191101,0.021475,0.158417,0.017402,0.413194,0.060733,0.753472,0.114668,0.107639,0.045088,0.013889,0.013170,0.328231,0.025961,0.122018,0.040832,0.255369,0.041437,0.767361,0.107756,0.750000,0.106990
llm_tamp_failure_reasoning,language_ambiguity_shift,9,48,0.616957,0.024275,0.187997,0.018870,0.157164,0.015932,0.357639,0.053264,0.750000,0.110470,0.138889,0.038086,0.020833,0.020917,0.332053,0.024158,0.121048,0.036453,0.255299,0.036406,0.770833,0.100434,0.750000,0.098231
llm_tamp_failure_reasoning,mechanics_ood_shift,0,48,0.578855,0.024150,0.199908,0.018114,0.177446,0.015445,0.434028,0.051227,0.798611,0.101992,0.309028,0.068769,0.031250,0.028616,0.342373,0.021294,0.127425,0.037306,0.191351,0.036262,0.829861,0.084507,0.645833,0.095112
llm_tamp_failure_reasoning,mechanics_ood_shift,1,48,0.557482,0.025170,0.219022,0.021057,0.190542,0.017057,0.430556,0.059826,0.746528,0.103844,0.152778,0.045448,0.020833,0.025035,0.326559,0.022941,0.164231,0.041188,0.156104,0.039454,0.767361,0.094170,0.586806,0.094295
llm_tamp_failure_reasoning,mechanics_ood_shift,2,48,0.567945,0.027246,0.217023,0.021835,0.189468,0.017684,0.357639,0.049585,0.753472,0.108304,0.152778,0.042210,0.020833,0.020917,0.327344,0.023793,0.155195,0.043879,0.168170,0.042509,0.774306,0.097985,0.607639,0.102238
llm_tamp_failure_reasoning,mechanics_ood_shift,3,48,0.578502,0.023085,0.201819,0.018476,0.177798,0.015175,0.420139,0.049585,0.791667,0.101779,0.291667,0.046136,0.027778,0.024477,0.339753,0.020912,0.132070,0.036736,0.190736,0.035387,0.819444,0.085809,0.635417,0.095624
llm_tamp_failure_reasoning,mechanics_ood_shift,4,48,0.576050,0.022134,0.201882,0.017573,0.178305,0.014177,0.416667,0.067386,0.784722,0.101992,0.253472,0.047639,0.041667,0.034388,0.339524,0.019680,0.133348,0.034940,0.187979,0.033882,0.826389,0.078992,0.673611,0.086973
llm_tamp_failure_reasoning,mechanics_ood_shift,5,48,0.578362,0.028570,0.212201,0.021695,0.185074,0.018428,0.427083,0.059883,0.763889,0.109106,0.204861,0.061699,0.031250,0.031751,0.333991,0.023356,0.141911,0.044751,0.181757,0.044475,0.795139,0.094920,0.628472,0.097865
llm_tamp_failure_reasoning,mechanics_ood_shift,6,48,0.573820,0.023321,0.206989,0.018419,0.181301,0.015896,0.378472,0.064326,0.777778,0.103545,0.267361,0.046381,0.045139,0.042105,0.337716,0.019672,0.137666,0.037439,0.181389,0.036910,0.822917,0.082190,0.611111,0.096450
llm_tamp_failure_reasoning,mechanics_ood_shift,7,48,0.565107,0.027603,0.211558,0.022501,0.187462,0.018138,0.371528,0.058552,0.767361,0.109498,0.218750,0.043667,0.017361,0.017506,0.330137,0.024311,0.151935,0.044473,0.168773,0.043227,0.784722,0.100591,0.600694,0.103730
llm_tamp_failure_reasoning,mechanics_ood_shift,8,48,0.574003,0.023344,0.203707,0.018879,0.181766,0.015403,0.350694,0.044825,0.774306,0.102699,0.305556,0.059429,0.031250,0.026913,0.339203,0.021298,0.140283,0.037226,0.182516,0.035960,0.805556,0.085533,0.614583,0.092863
llm_tamp_failure_reasoning,mechanics_ood_shift,9,48,0.566714,0.026805,0.219951,0.020003,0.194072,0.017710,0.364583,0.061250,0.746528,0.105651,0.131944,0.040054,0.024306,0.023804,0.324772,0.022871,0.158427,0.042403,0.163007,0.041493,0.770833,0.093608,0.593750,0.097218
llm_tamp_failure_reasoning,nominal_abstraction,0,48,0.645427,0.028384,0.174221,0.021028,0.156644,0.019850,0.458333,0.046136,0.746528,0.123410,0.017361,0.014556,0.000000,0.000000,0.319392,0.029482,0.115228,0.041988,0.297450,0.042443,0.746528,0.123410,0.739583,0.122609
llm_tamp_failure_reasoning,nominal_abstraction,1,48,0.644697,0.027861,0.175221,0.021197,0.156330,0.018450,0.406250,0.062964,0.746528,0.121478,0.027778,0.024477,0.000000,0.000000,0.319340,0.029002,0.115850,0.040800,0.296388,0.041065,0.746528,0.121478,0.729167,0.118974
llm_tamp_failure_reasoning,nominal_abstraction,2,48,0.645742,0.028165,0.172911,0.021125,0.156753,0.019635,0.486111,0.059826,0.750000,0.123796,0.013889,0.013170,0.000000,0.000000,0.319364,0.029307,0.114430,0.041868,0.298459,0.042144,0.750000,0.123796,0.739583,0.122994
llm_tamp_failure_reasoning,nominal_abstraction,3,48,0.645966,0.028526,0.173643,0.021915,0.154805,0.018893,0.465278,0.058324,0.753472,0.122254,0.013889,0.013170,0.000000,0.000000,0.320674,0.029004,0.114072,0.042148,0.299110,0.042663,0.753472,0.122254,0.736111,0.121806
llm_tamp_failure_reasoning,nominal_abstraction,4,48,0.642372,0.029102,0.175905,0.021971,0.158248,0.019643,0.479167,0.054697,0.746528,0.123410,0.020833,0.015759,0.003472,0.006806,0.319703,0.029154,0.117917,0.043148,0.292133,0.043667,0.750000,0.121871,0.729167,0.120946
llm_tamp_failure_reasoning,nominal_abstraction,5,48,0.649218,0.026765,0.170991,0.020297,0.152669,0.017573,0.531250,0.063525,0.760417,0.119482,0.065972,0.031875,0.006944,0.009522,0.324166,0.027635,0.108152,0.039178,0.303972,0.039507,0.767361,0.116204,0.753472,0.115080
llm_tamp_failure_reasoning,nominal_abstraction,6,48,0.646714,0.027964,0.172606,0.020961,0.155721,0.018645,0.479167,0.061994,0.756944,0.120685,0.038194,0.020027,0.000000,0.000000,0.321593,0.028824,0.111816,0.041068,0.299414,0.041537,0.756944,0.120685,0.746528,0.119515
llm_tamp_failure_reasoning,nominal_abstraction,7,48,0.644909,0.028098,0.173527,0.021461,0.157177,0.018748,0.489583,0.061057,0.750000,0.121871,0.020833,0.015759,0.003472,0.006806,0.320774,0.028444,0.115321,0.041524,0.296371,0.042003,0.753472,0.120304,0.746528,0.119910
llm_tamp_failure_reasoning,nominal_abstraction,8,48,0.646733,0.027805,0.172442,0.021163,0.155143,0.018540,0.451389,0.051429,0.753472,0.122254,0.020833,0.015759,0.003472,0.006806,0.321201,0.028760,0.112438,0.040950,0.300110,0.041203,0.756944,0.120685,0.746528,0.120697
llm_tamp_failure_reasoning,nominal_abstraction,9,48,0.645289,0.028429,0.174378,0.022152,0.155818,0.018347,0.479167,0.068517,0.753472,0.122254,0.013889,0.013170,0.000000,0.000000,0.321177,0.029133,0.113906,0.041960,0.297066,0.042129,0.753472,0.122254,0.739583,0.121446
llm_tamp_failure_reasoning,object_affordance_transfer,0,48,0.595646,0.026130,0.201045,0.020725,0.168992,0.015730,0.357639,0.048622,0.767361,0.109065,0.204861,0.039196,0.031250,0.026913,0.340388,0.022727,0.125813,0.039587,0.214402,0.039588,0.798611,0.093271,0.715278,0.090700
llm_tamp_failure_reasoning,object_affordance_transfer,1,48,0.594115,0.024530,0.198608,0.019338,0.165549,0.015085,0.388889,0.055306,0.781250,0.104827,0.315972,0.072941,0.024306,0.021726,0.340633,0.022392,0.123032,0.036951,0.216661,0.037030,0.805556,0.091414,0.701389,0.093777
llm_tamp_failure_reasoning,object_affordance_transfer,2,48,0.591813,0.029344,0.205417,0.023544,0.171019,0.018101,0.409722,0.065937,0.763889,0.113775,0.166667,0.061515,0.020833,0.025035,0.334308,0.025915,0.131832,0.044678,0.209127,0.045003,0.784722,0.104737,0.704861,0.107096
llm_tamp_failure_reasoning,object_affordance_transfer,3,48,0.587684,0.024240,0.200296,0.019871,0.166620,0.015952,0.406250,0.062208,0.770833,0.106380,0.260417,0.070746,0.027778,0.031266,0.339846,0.022814,0.130999,0.037919,0.208811,0.037333,0.798611,0.093777,0.736111,0.092187
llm_tamp_failure_reasoning,object_affordance_transfer,4,48,0.594305,0.026912,0.201817,0.021156,0.168088,0.016705,0.388889,0.057815,0.774306,0.108085,0.194444,0.043859,0.017361,0.017506,0.335808,0.024550,0.127279,0.040812,0.215188,0.040699,0.791667,0.098951,0.690972,0.102006
llm_tamp_failure_reasoning,object_affordance_transfer,5,48,0.586476,0.026969,0.201541,0.021620,0.169398,0.017956,0.392361,0.064142,0.763889,0.109106,0.163194,0.050060,0.024306,0.029162,0.338625,0.024690,0.134116,0.041086,0.205393,0.041589,0.788194,0.098587,0.697917,0.103235
llm_tamp_failure_reasoning,object_affordance_transfer,6,48,0.591333,0.026487,0.199738,0.021185,0.168266,0.016604,0.409722,0.058324,0.770833,0.111589,0.218750,0.053412,0.027778,0.026339,0.337397,0.024066,0.126729,0.040999,0.212628,0.040212,0.798611,0.098211,0.708333,0.096531
llm_tamp_failure_reasoning,object_affordance_transfer,7,48,0.601484,0.023413,0.193442,0.017822,0.162810,0.014403,0.364583,0.050217,0.788194,0.102814,0.236111,0.056575,0.031250,0.028616,0.344017,0.021122,0.115229,0.034678,0.227577,0.035058,0.819444,0.085809,0.756944,0.084769
llm_tamp_failure_reasoning,object_affordance_transfer,8,48,0.581717,0.030194,0.215345,0.024579,0.178518,0.019368,0.385417,0.063896,0.739583,0.116678,0.083333,0.029179,0.006944,0.009522,0.324074,0.027125,0.148902,0.047261,0.192172,0.046934,0.746528,0.113424,0.649306,0.108413
llm_tamp_failure_reasoning,object_affordance_transfer,9,48,0.589843,0.026210,0.200988,0.020389,0.168457,0.016609,0.371528,0.049823,0.777778,0.107578,0.243056,0.059924,0.024306,0.023804,0.337701,0.023415,0.128486,0.039462,0.210147,0.039825,0.802083,0.095128,0.697917,0.095128
llm_tamp_failure_reasoning,predicate_noise_shift,0,48,0.614631,0.025586,0.186239,0.020536,0.153228,0.016239,0.378472,0.051227,0.774306,0.113215,0.170139,0.035723,0.031250,0.025094,0.340211,0.023579,0.113075,0.038893,0.253400,0.038978,0.805556,0.097426,0.784722,0.096266
llm_tamp_failure_reasoning,predicate_noise_shift,1,48,0.620122,0.026284,0.188608,0.020947,0.153756,0.015862,0.416667,0.061515,0.781250,0.110537,0.156250,0.041729,0.020833,0.020917,0.338228,0.024219,0.110471,0.039051,0.257969,0.039575,0.802083,0.099976,0.777778,0.098392
llm_tamp_failure_reasoning,predicate_noise_shift,2,48,0.618688,0.025592,0.187911,0.019939,0.155247,0.015823,0.420139,0.059949,0.777778,0.108017,0.145833,0.035902,0.017361,0.014556,0.337049,0.023984,0.114035,0.037639,0.256361,0.038136,0.795139,0.098347,0.760417,0.098186
llm_tamp_failure_reasoning,predicate_noise_shift,3,48,0.616379,0.026486,0.190761,0.020776,0.155382,0.016276,0.430556,0.053125,0.774306,0.111106,0.142361,0.030741,0.017361,0.020027,0.334728,0.024771,0.115398,0.038996,0.253276,0.039572,0.791667,0.102704,0.753472,0.100605
llm_tamp_failure_reasoning,predicate_noise_shift,4,48,0.622776,0.022817,0.184926,0.017326,0.152380,0.013541,0.385417,0.062398,0.788194,0.104638,0.277778,0.052678,0.027778,0.024477,0.342120,0.021738,0.104908,0.033123,0.262115,0.033171,0.815972,0.089271,0.788194,0.087396
llm_tamp_failure_reasoning,predicate_noise_shift,5,48,0.615223,0.022359,0.178563,0.017080,0.148298,0.013747,0.402778,0.056575,0.777778,0.106695,0.225694,0.060342,0.038194,0.031124,0.345910,0.021196,0.110117,0.032986,0.259600,0.032843,0.815972,0.086581,0.795139,0.085481
llm_tamp_failure_reasoning,predicate_noise_shift,6,48,0.606169,0.030214,0.197619,0.025262,0.162109,0.019168,0.416667,0.059163,0.756944,0.120685,0.059028,0.024778,0.006944,0.009522,0.328589,0.028250,0.129163,0.046651,0.236824,0.046575,0.763889,0.117457,0.729167,0.114930
llm_tamp_failure_reasoning,predicate_noise_shift,7,48,0.620447,0.026138,0.186057,0.020132,0.153845,0.016140,0.371528,0.053486,0.781250,0.110964,0.177083,0.048051,0.027778,0.024477,0.339737,0.023585,0.108810,0.038425,0.259076,0.039313,0.809028,0.096771,0.784722,0.094780
llm_tamp_failure_reasoning,predicate_noise_shift,8,48,0.612756,0.028627,0.195779,0.023285,0.159637,0.017709,0.343750,0.057052,0.760417,0.117083,0.086806,0.025714,0.006944,0.009522,0.328015,0.027468,0.122611,0.043318,0.246499,0.043216,0.767361,0.113736,0.743056,0.112152
llm_tamp_failure_reasoning,predicate_noise_shift,9,48,0.617072,0.026444,0.191203,0.021158,0.158637,0.016662,0.423611,0.058324,0.774306,0.111531,0.104167,0.040833,0.006944,0.009522,0.332177,0.025845,0.116451,0.039778,0.252441,0.039683,0.781250,0.107939,0.743056,0.106528
llm_tamp_failure_reasoning,recovery_cost_pressure,0,48,0.586501,0.023567,0.198986,0.017656,0.174216,0.015811,0.385417,0.053412,0.788194,0.104638,0.211806,0.050295,0.027778,0.024477,0.348579,0.022647,0.125190,0.035866,0.199250,0.035559,0.815972,0.089271,0.701389,0.093777
llm_tamp_failure_reasoning,recovery_cost_pressure,1,48,0.577533,0.026310,0.205048,0.020749,0.175721,0.016559,0.388889,0.057815,0.774306,0.109390,0.204861,0.044825,0.034722,0.029111,0.348581,0.023886,0.133641,0.040739,0.185682,0.040031,0.809028,0.091753,0.677083,0.095003
llm_tamp_failure_reasoning,recovery_cost_pressure,2,48,0.582243,0.025407,0.204616,0.020277,0.174974,0.016369,0.392361,0.053706,0.784722,0.106083,0.152778,0.044395,0.020833,0.025035,0.346840,0.024637,0.129895,0.039234,0.191912,0.038378,0.805556,0.095958,0.694444,0.098871
llm_tamp_failure_reasoning,recovery_cost_pressure,3,48,0.568798,0.029053,0.215273,0.024232,0.181388,0.018631,0.413194,0.062271,0.760417,0.112551,0.145833,0.049236,0.020833,0.020917,0.340343,0.025341,0.149438,0.046135,0.170396,0.045863,0.781250,0.102546,0.663194,0.101774
llm_tamp_failure_reasoning,recovery_cost_pressure,4,48,0.592023,0.022829,0.195124,0.016936,0.168995,0.014987,0.406250,0.068711,0.798611,0.102915,0.263889,0.057405,0.038194,0.035391,0.355734,0.021205,0.115285,0.033928,0.207766,0.034109,0.836806,0.082811,0.701389,0.087515
llm_tamp_failure_reasoning,recovery_cost_pressure,5,48,0.583820,0.024700,0.201982,0.019760,0.173749,0.015712,0.378472,0.062838,0.774306,0.106320,0.201389,0.032198,0.034722,0.032198,0.350795,0.022936,0.128681,0.037974,0.194238,0.037584,0.809028,0.089138,0.697917,0.093118
llm_tamp_failure_reasoning,recovery_cost_pressure,6,48,0.583823,0.027579,0.204446,0.020977,0.175517,0.017615,0.399306,0.053042,0.774306,0.107646,0.215278,0.057508,0.034722,0.032198,0.348551,0.023497,0.130856,0.041464,0.192481,0.042551,0.809028,0.090716,0.701389,0.094280
llm_tamp_failure_reasoning,recovery_cost_pressure,7,48,0.586573,0.021372,0.190111,0.018404,0.161950,0.014052,0.375000,0.062658,0.802083,0.102776,0.375000,0.063408,0.045139,0.039794,0.362337,0.021126,0.115874,0.032732,0.207522,0.032740,0.847222,0.078917,0.756944,0.083078
llm_tamp_failure_reasoning,recovery_cost_pressure,8,48,0.577554,0.025484,0.205917,0.020842,0.176598,0.016544,0.343750,0.066968,0.767361,0.110359,0.211806,0.038588,0.031250,0.025094,0.345810,0.023703,0.136114,0.040607,0.185731,0.039451,0.798611,0.094280,0.684028,0.095417
llm_tamp_failure_reasoning,recovery_cost_pressure,9,48,0.582730,0.020524,0.193117,0.016146,0.164730,0.012785,0.409722,0.051429,0.802083,0.100448,0.347222,0.065848,0.041667,0.034388,0.358967,0.019696,0.119482,0.030739,0.201351,0.030452,0.843750,0.076218,0.725694,0.087261
neuro_symbolic_predicate_planner,combined_adversarial_abstraction,0,48,0.384846,0.019919,0.336022,0.020898,0.268373,0.016516,0.229167,0.048266,0.517361,0.090846,0.267361,0.052142,0.031250,0.028616,0.217251,0.014131,0.361286,0.038423,-0.094521,0.038513,0.590278,0.080181,0.229167,0.050187
neuro_symbolic_predicate_planner,combined_adversarial_abstraction,1,48,0.368146,0.020972,0.347752,0.020429,0.279493,0.016892,0.225694,0.046125,0.475694,0.090193,0.270833,0.048266,0.024306,0.023804,0.207253,0.014100,0.388595,0.037503,-0.121832,0.039570,0.559028,0.077500,0.187500,0.050187
neuro_symbolic_predicate_planner,combined_adversarial_abstraction,2,48,0.385343,0.018805,0.330685,0.020073,0.258863,0.017503,0.274306,0.047140,0.479167,0.082888,0.388889,0.061000,0.027778,0.026339,0.218878,0.013627,0.354926,0.036110,-0.084764,0.037777,0.607639,0.076270,0.263889,0.048469
neuro_symbolic_predicate_planner,combined_adversarial_abstraction,3,48,0.384067,0.018025,0.332679,0.019830,0.265910,0.016576,0.250000,0.054154,0.482639,0.083805,0.423611,0.053236,0.027778,0.024477,0.219554,0.014847,0.360449,0.036039,-0.092555,0.035688,0.593750,0.079558,0.267361,0.057327
neuro_symbolic_predicate_planner,combined_adversarial_abstraction,4,48,0.372652,0.020226,0.343641,0.021558,0.269824,0.017144,0.274306,0.053706,0.458333,0.082817,0.305556,0.052678,0.024306,0.025714,0.211774,0.013848,0.378004,0.037955,-0.109878,0.039769,0.576389,0.079589,0.222222,0.045965
neuro_symbolic_predicate_planner,combined_adversarial_abstraction,5,48,0.372980,0.019592,0.340980,0.019131,0.268144,0.015851,0.243056,0.048591,0.420139,0.081950,0.357639,0.081950,0.027778,0.024477,0.212904,0.014239,0.375967,0.035086,-0.107272,0.036148,0.572917,0.068711,0.229167,0.053826
neuro_symbolic_predicate_planner,combined_adversarial_abstraction,6,48,0.395978,0.019756,0.322824,0.020020,0.259490,0.016175,0.239583,0.046551,0.527778,0.092443,0.381944,0.064487,0.020833,0.025035,0.224636,0.016451,0.339583,0.037537,-0.072440,0.036635,0.618056,0.081932,0.253472,0.055012
neuro_symbolic_predicate_planner,combined_adversarial_abstraction,7,48,0.380200,0.018821,0.340145,0.018287,0.268070,0.015589,0.201389,0.037618,0.475694,0.084227,0.343750,0.066258,0.031250,0.028616,0.215831,0.013810,0.369094,0.034286,-0.100743,0.035030,0.572917,0.070075,0.250000,0.053273
neuro_symbolic_predicate_planner,combined_adversarial_abstraction,8,48,0.380584,0.021631,0.346104,0.021883,0.276593,0.017893,0.270833,0.045230,0.531250,0.090018,0.277778,0.049912,0.013889,0.013170,0.212728,0.015810,0.374898,0.040123,-0.108649,0.041298,0.548611,0.084769,0.229167,0.049236
neuro_symbolic_predicate_planner,combined_adversarial_abstraction,9,48,0.370557,0.017687,0.345226,0.019167,0.274305,0.016570,0.284722,0.059130,0.458333,0.083386,0.336806,0.045088,0.031250,0.026913,0.210471,0.013074,0.381808,0.034463,-0.115572,0.035611,0.569444,0.077709,0.211806,0.045350
neuro_symbolic_predicate_planner,geometry_tolerance_shift,0,48,0.423987,0.020084,0.327038,0.021833,0.260200,0.020535,0.291667,0.050069,0.409722,0.101060,0.114583,0.037866,0.006944,0.009522,0.183656,0.015350,0.370923,0.040008,-0.030175,0.041878,0.437500,0.100904,0.378472,0.092651
neuro_symbolic_predicate_planner,geometry_tolerance_shift,1,48,0.410022,0.025491,0.342088,0.026687,0.274052,0.024552,0.319444,0.053125,0.375000,0.109395,0.031250,0.020988,0.010417,0.011534,0.171964,0.016245,0.400450,0.049247,-0.057932,0.052391,0.385417,0.107059,0.375000,0.104077
neuro_symbolic_predicate_planner,geometry_tolerance_shift,2,48,0.424060,0.022801,0.328997,0.024036,0.262384,0.022007,0.357639,0.052369,0.406250,0.107829,0.079861,0.037657,0.006944,0.009522,0.179792,0.016732,0.374411,0.044511,-0.031187,0.046272,0.423611,0.104285,0.381944,0.099646
neuro_symbolic_predicate_planner,geometry_tolerance_shift,3,48,0.427691,0.023168,0.325166,0.024652,0.260763,0.023653,0.322917,0.059487,0.430556,0.110399,0.125000,0.044038,0.003472,0.006806,0.182975,0.016988,0.368268,0.045638,-0.025505,0.048093,0.434028,0.109498,0.392361,0.104072
neuro_symbolic_predicate_planner,geometry_tolerance_shift,4,48,0.424984,0.021532,0.326832,0.023181,0.261181,0.021643,0.305556,0.050851,0.430556,0.106473,0.086806,0.025714,0.006944,0.009522,0.184055,0.015531,0.369704,0.042413,-0.029932,0.045065,0.440972,0.104072,0.388889,0.095958
neuro_symbolic_predicate_planner,geometry_tolerance_shift,5,48,0.406779,0.021987,0.347369,0.022632,0.275639,0.021980,0.309028,0.052369,0.350694,0.098826,0.052083,0.022086,0.017361,0.017506,0.168667,0.013958,0.406959,0.042501,-0.063995,0.045772,0.368056,0.095278,0.319444,0.087447
neuro_symbolic_predicate_planner,geometry_tolerance_shift,6,48,0.434948,0.018937,0.317026,0.020361,0.255778,0.019867,0.312500,0.052038,0.447917,0.098307,0.156250,0.038177,0.010417,0.011534,0.190361,0.014664,0.355033,0.037687,-0.013039,0.040010,0.458333,0.095050,0.409722,0.091737
neuro_symbolic_predicate_planner,geometry_tolerance_shift,7,48,0.414808,0.021221,0.338368,0.022110,0.270014,0.021323,0.329861,0.050060,0.385417,0.095871,0.100694,0.036053,0.013889,0.013170,0.176536,0.013912,0.391528,0.041686,-0.050001,0.044119,0.399306,0.092139,0.357639,0.083663
neuro_symbolic_predicate_planner,geometry_tolerance_shift,8,48,0.431380,0.020342,0.323055,0.021949,0.255759,0.020122,0.357639,0.057533,0.430556,0.101001,0.142361,0.038893,0.017361,0.020027,0.188848,0.014881,0.360756,0.040040,-0.019455,0.042411,0.447917,0.096852,0.420139,0.091753
neuro_symbolic_predicate_planner,geometry_tolerance_shift,9,48,0.416371,0.023790,0.336074,0.025151,0.266989,0.023821,0.322917,0.061057,0.406250,0.110430,0.104167,0.040833,0.010417,0.015088,0.178260,0.016346,0.385246,0.046765,-0.045652,0.049314,0.416667,0.108308,0.368056,0.097729
neuro_symbolic_predicate_planner,language_ambiguity_shift,0,48,0.470542,0.017608,0.283000,0.019597,0.232186,0.019310,0.288194,0.058955,0.489583,0.104034,0.142361,0.046635,0.017361,0.017506,0.195162,0.015379,0.306456,0.035050,0.057260,0.037443,0.517361,0.098826,0.468750,0.104601
neuro_symbolic_predicate_planner,language_ambiguity_shift,1,48,0.464574,0.019687,0.290481,0.022972,0.235064,0.019055,0.333333,0.056714,0.475694,0.106985,0.118056,0.049555,0.017361,0.017506,0.190599,0.016146,0.318059,0.039382,0.046797,0.040536,0.496528,0.101774,0.447917,0.100213
neuro_symbolic_predicate_planner,language_ambiguity_shift,2,48,0.460722,0.018423,0.293650,0.020553,0.239772,0.019943,0.302083,0.048296,0.447917,0.102546,0.138889,0.041646,0.027778,0.024477,0.191584,0.014591,0.325354,0.036725,0.037304,0.039497,0.482639,0.094920,0.461806,0.094920
neuro_symbolic_predicate_planner,language_ambiguity_shift,3,48,0.452880,0.020790,0.300410,0.021618,0.249221,0.022254,0.336806,0.052818,0.447917,0.101152,0.072917,0.030613,0.010417,0.011534,0.182790,0.014252,0.340641,0.039964,0.022431,0.044054,0.458333,0.097990,0.437500,0.097567
neuro_symbolic_predicate_planner,language_ambiguity_shift,4,48,0.458929,0.019398,0.297126,0.019854,0.244255,0.020718,0.399306,0.053042,0.447917,0.101152,0.128472,0.031124,0.006944,0.009522,0.187365,0.014706,0.330998,0.037154,0.032039,0.040867,0.461806,0.097380,0.451389,0.097729
neuro_symbolic_predicate_planner,language_ambiguity_shift,5,48,0.465523,0.020347,0.289986,0.021838,0.236184,0.020835,0.315972,0.054363,0.493056,0.104285,0.107639,0.040676,0.006944,0.013611,0.194900,0.015553,0.316519,0.039185,0.045420,0.042850,0.500000,0.102474,0.468750,0.100918
neuro_symbolic_predicate_planner,language_ambiguity_shift,6,48,0.455241,0.022190,0.297767,0.024643,0.241439,0.021941,0.305556,0.046983,0.458333,0.110684,0.059028,0.024778,0.027778,0.026339,0.185107,0.015079,0.332343,0.043403,0.030955,0.046591,0.486111,0.104228,0.458333,0.102242
neuro_symbolic_predicate_planner,language_ambiguity_shift,7,48,0.459273,0.019863,0.297132,0.021867,0.240045,0.021491,0.302083,0.040870,0.468750,0.106394,0.069444,0.027222,0.006944,0.009522,0.187134,0.015268,0.328292,0.039314,0.035508,0.042716,0.475694,0.104299,0.461806,0.103502
neuro_symbolic_predicate_planner,language_ambiguity_shift,8,48,0.464713,0.019022,0.287671,0.020827,0.233748,0.018776,0.277778,0.059429,0.493056,0.101527,0.086806,0.029162,0.020833,0.020917,0.191565,0.014112,0.315637,0.036266,0.049107,0.039619,0.513889,0.095216,0.479167,0.098051
neuro_symbolic_predicate_planner,language_ambiguity_shift,9,48,0.452722,0.023899,0.302932,0.026133,0.245808,0.022395,0.298611,0.056679,0.437500,0.110737,0.079861,0.029162,0.020833,0.023068,0.182840,0.015360,0.340350,0.045910,0.023247,0.049537,0.458333,0.106325,0.409722,0.099646
neuro_symbolic_predicate_planner,mechanics_ood_shift,0,48,0.391023,0.021601,0.336098,0.021617,0.288485,0.021285,0.291667,0.057129,0.447917,0.093371,0.159722,0.033635,0.020833,0.025035,0.188928,0.013298,0.398592,0.042062,-0.090973,0.044464,0.486111,0.089055,0.253472,0.059949
neuro_symbolic_predicate_planner,mechanics_ood_shift,1,48,0.401393,0.021526,0.329796,0.021282,0.281161,0.020754,0.291667,0.061898,0.451389,0.088589,0.145833,0.052038,0.017361,0.017506,0.193959,0.014453,0.384560,0.041447,-0.073788,0.043750,0.489583,0.085573,0.291667,0.059562
neuro_symbolic_predicate_planner,mechanics_ood_shift,2,48,0.403264,0.020090,0.333492,0.020460,0.285645,0.019585,0.312500,0.053826,0.458333,0.094551,0.190972,0.041254,0.000000,0.000000,0.188622,0.015675,0.387575,0.038815,-0.075047,0.040723,0.458333,0.094551,0.236111,0.070025
neuro_symbolic_predicate_planner,mechanics_ood_shift,3,48,0.410091,0.016817,0.322960,0.016922,0.278446,0.017743,0.315972,0.048864,0.468750,0.084039,0.159722,0.051429,0.013889,0.013170,0.195792,0.013517,0.371590,0.032432,-0.059939,0.035273,0.493056,0.079589,0.298611,0.057508
neuro_symbolic_predicate_planner,mechanics_ood_shift,4,48,0.398115,0.021889,0.336068,0.021644,0.288808,0.021442,0.281250,0.054290,0.454861,0.097623,0.135417,0.053853,0.003472,0.006806,0.187124,0.016019,0.394040,0.042445,-0.083338,0.044060,0.458333,0.096531,0.274306,0.079310
neuro_symbolic_predicate_planner,mechanics_ood_shift,5,48,0.404064,0.019665,0.329905,0.020135,0.280223,0.019979,0.368056,0.054118,0.461806,0.092906,0.142361,0.042385,0.027778,0.031266,0.193339,0.012958,0.381375,0.038648,-0.070244,0.041259,0.489583,0.086672,0.315972,0.063214
neuro_symbolic_predicate_planner,mechanics_ood_shift,6,48,0.385215,0.022909,0.347698,0.022681,0.295967,0.021592,0.329861,0.050060,0.416667,0.094301,0.131944,0.047608,0.006944,0.009522,0.183343,0.015735,0.414873,0.043843,-0.106550,0.045872,0.434028,0.092651,0.260417,0.074014
neuro_symbolic_predicate_planner,mechanics_ood_shift,7,48,0.406520,0.019907,0.324658,0.020830,0.279616,0.018407,0.239583,0.046551,0.472222,0.095464,0.118056,0.035013,0.013889,0.016372,0.192839,0.013893,0.375136,0.038692,-0.064097,0.040265,0.500000,0.090721,0.267361,0.067903
neuro_symbolic_predicate_planner,mechanics_ood_shift,8,48,0.396024,0.022699,0.336370,0.023281,0.289565,0.021395,0.277778,0.049912,0.437500,0.099011,0.125000,0.047150,0.017361,0.017506,0.186105,0.014479,0.397258,0.044047,-0.085721,0.046100,0.461806,0.093413,0.250000,0.069460
neuro_symbolic_predicate_planner,mechanics_ood_shift,9,48,0.397383,0.023234,0.336024,0.023772,0.289525,0.021736,0.298611,0.048591,0.447917,0.098787,0.138889,0.047979,0.010417,0.015088,0.187790,0.015721,0.395436,0.045502,-0.084840,0.047035,0.458333,0.096040,0.277778,0.074286
neuro_symbolic_predicate_planner,nominal_abstraction,0,48,0.476917,0.025087,0.289245,0.025229,0.253379,0.026536,0.375000,0.064883,0.378472,0.120990,0.003472,0.006806,0.003472,0.006806,0.166160,0.017361,0.344269,0.047774,0.056934,0.052199,0.381944,0.120292,0.381944,0.120292
neuro_symbolic_predicate_planner,nominal_abstraction,1,48,0.480169,0.024164,0.287498,0.024759,0.250479,0.025161,0.395833,0.055555,0.388889,0.119255,0.020833,0.015759,0.000000,0.000000,0.168722,0.017068,0.338551,0.046497,0.062213,0.050212,0.388889,0.119255,0.381944,0.120292
neuro_symbolic_predicate_planner,nominal_abstraction,2,48,0.479372,0.025135,0.287527,0.026149,0.254009,0.026435,0.385417,0.052519,0.375000,0.125880,0.006944,0.009522,0.003472,0.006806,0.166324,0.018132,0.341762,0.049321,0.059864,0.052367,0.378472,0.125217,0.375000,0.125880
neuro_symbolic_predicate_planner,nominal_abstraction,3,48,0.480093,0.025492,0.286634,0.026771,0.250532,0.026251,0.388889,0.068316,0.385417,0.124996,0.013889,0.013170,0.006944,0.009522,0.168138,0.017835,0.338863,0.049368,0.062844,0.052941,0.392361,0.123601,0.392361,0.123601
neuro_symbolic_predicate_planner,nominal_abstraction,4,48,0.477539,0.024445,0.287941,0.025266,0.253401,0.026163,0.430556,0.057405,0.388889,0.122387,0.017361,0.017506,0.003472,0.006806,0.168983,0.017550,0.341570,0.047877,0.057111,0.051216,0.392361,0.121673,0.385417,0.122705
neuro_symbolic_predicate_planner,nominal_abstraction,5,48,0.478740,0.024395,0.288157,0.025037,0.251455,0.024970,0.368056,0.054118,0.385417,0.117184,0.013889,0.013170,0.003472,0.006806,0.169022,0.016704,0.340652,0.046446,0.059572,0.050618,0.388889,0.116446,0.381944,0.117909
neuro_symbolic_predicate_planner,nominal_abstraction,6,48,0.478755,0.023610,0.287241,0.023889,0.252968,0.023919,0.357639,0.053264,0.385417,0.112656,0.024306,0.016817,0.003472,0.006806,0.168401,0.016077,0.340359,0.044863,0.059290,0.048814,0.388889,0.111888,0.381944,0.111306
neuro_symbolic_predicate_planner,nominal_abstraction,7,48,0.476979,0.027633,0.287637,0.028942,0.255442,0.028415,0.437500,0.063501,0.385417,0.133062,0.000000,0.000000,0.003472,0.006806,0.166389,0.019200,0.343763,0.053657,0.056348,0.057272,0.388889,0.132412,0.388889,0.132412
neuro_symbolic_predicate_planner,nominal_abstraction,8,48,0.481275,0.024975,0.284399,0.026102,0.250123,0.025898,0.427083,0.046551,0.388889,0.124685,0.006944,0.009522,0.010417,0.011534,0.169574,0.017624,0.336059,0.048631,0.065014,0.051921,0.399306,0.122544,0.399306,0.122544
neuro_symbolic_predicate_planner,nominal_abstraction,9,48,0.478061,0.023050,0.288264,0.024062,0.252999,0.024370,0.375000,0.059562,0.381944,0.115067,0.024306,0.016817,0.006944,0.009522,0.168599,0.016384,0.341388,0.045222,0.057897,0.048156,0.388889,0.113567,0.385417,0.113909
neuro_symbolic_predicate_planner,object_affordance_transfer,0,48,0.439770,0.020988,0.298070,0.022772,0.244461,0.020029,0.319444,0.058223,0.496528,0.104525,0.215278,0.052340,0.010417,0.011534,0.206135,0.018055,0.322102,0.040570,0.004301,0.041628,0.548611,0.101992,0.416667,0.086995
neuro_symbolic_predicate_planner,object_affordance_transfer,1,48,0.422895,0.021254,0.317042,0.022765,0.256728,0.020820,0.315972,0.053486,0.461806,0.102584,0.135417,0.040870,0.013889,0.016372,0.192717,0.015408,0.353611,0.041446,-0.026774,0.043989,0.500000,0.100139,0.399306,0.086853
neuro_symbolic_predicate_planner,object_affordance_transfer,2,48,0.440939,0.016524,0.294724,0.018368,0.240802,0.017189,0.319444,0.050383,0.493056,0.094780,0.246528,0.046635,0.020833,0.018518,0.207133,0.013545,0.318477,0.033373,0.009626,0.035105,0.569444,0.086359,0.458333,0.080500
neuro_symbolic_predicate_planner,object_affordance_transfer,3,48,0.419793,0.020418,0.324804,0.022021,0.264567,0.020904,0.329861,0.050996,0.454861,0.103730,0.100694,0.031875,0.010417,0.015088,0.187422,0.015197,0.365390,0.040835,-0.037799,0.042908,0.465278,0.101060,0.347222,0.083575
neuro_symbolic_predicate_planner,object_affordance_transfer,4,48,0.424917,0.018329,0.320282,0.020669,0.259400,0.018439,0.270833,0.056400,0.454861,0.100488,0.128472,0.037970,0.010417,0.015088,0.190517,0.014659,0.357348,0.036883,-0.027631,0.038280,0.472222,0.096450,0.381944,0.089651
neuro_symbolic_predicate_planner,object_affordance_transfer,5,48,0.412340,0.018796,0.329790,0.019393,0.267700,0.019637,0.302083,0.050217,0.406250,0.089623,0.131944,0.040054,0.017361,0.017506,0.185818,0.014185,0.377017,0.037057,-0.049726,0.039103,0.447917,0.088160,0.357639,0.080787
neuro_symbolic_predicate_planner,object_affordance_transfer,6,48,0.426510,0.019962,0.315212,0.022306,0.258748,0.019853,0.256944,0.053236,0.447917,0.100684,0.152778,0.047483,0.013889,0.016372,0.194361,0.016820,0.351487,0.040595,-0.024243,0.041096,0.489583,0.098906,0.375000,0.080500
neuro_symbolic_predicate_planner,object_affordance_transfer,7,48,0.424972,0.019060,0.316743,0.020306,0.260229,0.019490,0.298611,0.050501,0.454861,0.100016,0.156250,0.031376,0.010417,0.015088,0.191961,0.014360,0.355935,0.036421,-0.026728,0.039923,0.482639,0.094920,0.388889,0.085533
neuro_symbolic_predicate_planner,object_affordance_transfer,8,48,0.437954,0.015593,0.304234,0.017853,0.246483,0.016157,0.277778,0.055306,0.510417,0.090411,0.149306,0.048864,0.013889,0.021383,0.202461,0.014496,0.330283,0.032329,-0.001003,0.032770,0.531250,0.087351,0.409722,0.082507
neuro_symbolic_predicate_planner,object_affordance_transfer,9,48,0.418274,0.020778,0.320140,0.021927,0.261921,0.021631,0.298611,0.054985,0.447917,0.100213,0.135417,0.035943,0.000000,0.000000,0.189876,0.015810,0.362365,0.040442,-0.035739,0.043123,0.486111,0.101468,0.381944,0.094280
neuro_symbolic_predicate_planner,predicate_noise_shift,0,48,0.456055,0.020125,0.295325,0.021915,0.239300,0.021252,0.326389,0.054118,0.489583,0.109786,0.062500,0.031704,0.024306,0.021726,0.194296,0.016144,0.322646,0.040530,0.030867,0.042380,0.513889,0.102857,0.475694,0.102469
neuro_symbolic_predicate_planner,predicate_noise_shift,1,48,0.438835,0.024750,0.312232,0.027039,0.249832,0.023973,0.333333,0.057542,0.447917,0.116780,0.038194,0.020027,0.024306,0.021726,0.182056,0.016056,0.353122,0.048112,0.001399,0.051479,0.472222,0.111040,0.437500,0.112433
neuro_symbolic_predicate_planner,predicate_noise_shift,2,48,0.445594,0.023203,0.304620,0.024590,0.247604,0.023792,0.329861,0.057121,0.454861,0.109065,0.048611,0.025657,0.024306,0.025714,0.185658,0.015675,0.344026,0.044382,0.012664,0.048500,0.479167,0.103678,0.465278,0.104285
neuro_symbolic_predicate_planner,predicate_noise_shift,3,48,0.452184,0.021197,0.297593,0.023034,0.237877,0.021218,0.298611,0.047608,0.461806,0.105763,0.125000,0.039509,0.013889,0.021383,0.191431,0.016319,0.327698,0.041529,0.027908,0.043780,0.506944,0.103830,0.454861,0.106875
neuro_symbolic_predicate_planner,predicate_noise_shift,4,48,0.446535,0.019934,0.303786,0.021944,0.243675,0.019724,0.260417,0.050452,0.472222,0.099824,0.090278,0.033635,0.027778,0.024477,0.189668,0.013536,0.337553,0.038906,0.015232,0.041854,0.500000,0.091758,0.447917,0.090280
neuro_symbolic_predicate_planner,predicate_noise_shift,5,48,0.466772,0.019885,0.282588,0.022460,0.229748,0.020018,0.298611,0.057508,0.520833,0.109016,0.149306,0.045868,0.024306,0.027492,0.198987,0.015415,0.303089,0.038935,0.053878,0.041810,0.552083,0.103464,0.510417,0.103121
neuro_symbolic_predicate_planner,predicate_noise_shift,6,48,0.453234,0.019535,0.298606,0.022407,0.240363,0.019888,0.312500,0.048266,0.482639,0.102122,0.104167,0.041976,0.020833,0.028565,0.193676,0.014838,0.328025,0.039017,0.025637,0.041540,0.506944,0.097729,0.465278,0.094280
neuro_symbolic_predicate_planner,predicate_noise_shift,7,48,0.451192,0.021053,0.297330,0.024048,0.240189,0.021303,0.340278,0.059130,0.472222,0.111040,0.107639,0.039496,0.027778,0.026339,0.191731,0.015539,0.328797,0.042259,0.025278,0.044406,0.513889,0.104681,0.458333,0.102704
neuro_symbolic_predicate_planner,predicate_noise_shift,8,48,0.455574,0.020835,0.292825,0.022548,0.235399,0.020488,0.274306,0.051915,0.489583,0.111071,0.079861,0.030741,0.024306,0.023804,0.190472,0.015249,0.320217,0.040676,0.036250,0.043084,0.527778,0.104001,0.479167,0.105038
neuro_symbolic_predicate_planner,predicate_noise_shift,9,48,0.464948,0.021539,0.286311,0.022697,0.233761,0.021474,0.319444,0.066562,0.520833,0.107266,0.125000,0.049116,0.013889,0.013170,0.199296,0.016247,0.308842,0.041300,0.046875,0.044414,0.534722,0.102454,0.482639,0.104412
neuro_symbolic_predicate_planner,recovery_cost_pressure,0,48,0.427725,0.023887,0.305529,0.023968,0.261289,0.023655,0.288194,0.052142,0.486111,0.106028,0.232639,0.057327,0.017361,0.020027,0.210308,0.019356,0.339011,0.045689,-0.025939,0.047557,0.527778,0.104001,0.402778,0.090634
neuro_symbolic_predicate_planner,recovery_cost_pressure,1,48,0.397283,0.022028,0.339574,0.023454,0.283776,0.021745,0.281250,0.050686,0.427083,0.101035,0.086806,0.030741,0.013889,0.019043,0.189713,0.015989,0.391835,0.043212,-0.083668,0.045546,0.440972,0.097985,0.302083,0.072562
neuro_symbolic_predicate_planner,recovery_cost_pressure,2,48,0.414076,0.020569,0.312343,0.021050,0.258685,0.019863,0.315972,0.056913,0.451389,0.097243,0.204861,0.050763,0.013889,0.013170,0.204878,0.015901,0.349611,0.038869,-0.039385,0.040935,0.541667,0.095050,0.336806,0.076270
neuro_symbolic_predicate_planner,recovery_cost_pressure,3,48,0.402488,0.020836,0.334687,0.022162,0.276585,0.019419,0.281250,0.059288,0.444444,0.098392,0.114583,0.024133,0.006944,0.009522,0.193443,0.015329,0.381120,0.039305,-0.072017,0.042126,0.458333,0.094551,0.302083,0.069906
neuro_symbolic_predicate_planner,recovery_cost_pressure,4,48,0.402567,0.023920,0.333289,0.024987,0.279744,0.023505,0.326389,0.057508,0.434028,0.105986,0.135417,0.050217,0.006944,0.009522,0.191496,0.018345,0.383310,0.046803,-0.072584,0.048558,0.451389,0.105188,0.302083,0.078811
neuro_symbolic_predicate_planner,recovery_cost_pressure,5,48,0.412674,0.022252,0.322678,0.023425,0.269662,0.021401,0.291667,0.051005,0.461806,0.100252,0.142361,0.050530,0.010417,0.011534,0.198781,0.016931,0.362718,0.042942,-0.052124,0.045196,0.489583,0.098906,0.347222,0.081860
neuro_symbolic_predicate_planner,recovery_cost_pressure,6,48,0.433910,0.021086,0.303691,0.020836,0.254737,0.019662,0.305556,0.054444,0.510417,0.095500,0.208333,0.061898,0.010417,0.011534,0.217324,0.018480,0.327930,0.038802,-0.016918,0.040925,0.534722,0.090700,0.430556,0.082435
neuro_symbolic_predicate_planner,recovery_cost_pressure,7,48,0.399855,0.024185,0.339723,0.024898,0.280410,0.023611,0.298611,0.057508,0.420139,0.103388,0.072917,0.034942,0.013889,0.013170,0.188958,0.017405,0.390363,0.046266,-0.078442,0.048847,0.434028,0.099542,0.322917,0.076836
neuro_symbolic_predicate_planner,recovery_cost_pressure,8,48,0.397760,0.021184,0.327569,0.020935,0.274402,0.021045,0.336806,0.057121,0.375000,0.096040,0.187500,0.045230,0.010417,0.015088,0.191085,0.015038,0.380744,0.040022,-0.070056,0.042988,0.482639,0.092395,0.295139,0.062461
neuro_symbolic_predicate_planner,recovery_cost_pressure,9,48,0.384547,0.024803,0.354046,0.024460,0.291759,0.023455,0.288194,0.049346,0.378472,0.094170,0.118056,0.033635,0.020833,0.020917,0.182540,0.015019,0.417529,0.045870,-0.107533,0.050341,0.399306,0.089535,0.277778,0.073002
oracle_mechanics_preserving_planner,combined_adversarial_abstraction,0,48,0.490964,0.017561,0.217316,0.007535,0.179235,0.009029,1.000000,0.000000,0.875000,0.094551,0.003472,0.006806,0.000000,0.000000,0.255025,0.012607,0.138003,0.017696,0.128762,0.020753,1.000000,0.000000,0.430556,0.128974
oracle_mechanics_preserving_planner,combined_adversarial_abstraction,1,48,0.491099,0.017709,0.216833,0.008164,0.179929,0.009269,1.000000,0.000000,0.875000,0.094551,0.003472,0.006806,0.000000,0.000000,0.255025,0.012607,0.138087,0.017701,0.128676,0.021436,1.000000,0.000000,0.413194,0.126812
oracle_mechanics_preserving_planner,combined_adversarial_abstraction,2,48,0.492544,0.017459,0.217187,0.007666,0.175625,0.009487,1.000000,0.000000,0.875000,0.094551,0.000000,0.000000,0.000000,0.000000,0.255025,0.012607,0.137146,0.017528,0.133015,0.020638,1.000000,0.000000,0.447917,0.124237
oracle_mechanics_preserving_planner,combined_adversarial_abstraction,3,48,0.491667,0.017593,0.216482,0.007509,0.178779,0.008738,1.000000,0.000000,0.875000,0.094551,0.000000,0.000000,0.000000,0.000000,0.255025,0.012607,0.137619,0.017668,0.130276,0.020560,1.000000,0.000000,0.440972,0.125500
oracle_mechanics_preserving_planner,combined_adversarial_abstraction,4,48,0.491761,0.017153,0.217021,0.007468,0.177703,0.009228,1.000000,0.000000,0.875000,0.094551,0.003472,0.006806,0.000000,0.000000,0.255025,0.012607,0.137294,0.017547,0.130832,0.020072,1.000000,0.000000,0.451389,0.123398
oracle_mechanics_preserving_planner,combined_adversarial_abstraction,5,48,0.491978,0.017143,0.217080,0.007549,0.176975,0.008825,1.000000,0.000000,0.875000,0.094551,0.003472,0.006806,0.000000,0.000000,0.255025,0.012607,0.137157,0.017530,0.131539,0.019897,1.000000,0.000000,0.416667,0.125692
oracle_mechanics_preserving_planner,combined_adversarial_abstraction,6,48,0.491434,0.017340,0.216672,0.007934,0.179430,0.009443,1.000000,0.000000,0.875000,0.094551,0.006944,0.009522,0.000000,0.000000,0.255025,0.012607,0.137679,0.017567,0.129464,0.021019,1.000000,0.000000,0.416667,0.126068
oracle_mechanics_preserving_planner,combined_adversarial_abstraction,7,48,0.491901,0.017166,0.216850,0.007269,0.177592,0.009390,1.000000,0.000000,0.875000,0.094551,0.000000,0.000000,0.000000,0.000000,0.255025,0.012607,0.137199,0.017638,0.131152,0.019993,1.000000,0.000000,0.427083,0.124523
oracle_mechanics_preserving_planner,combined_adversarial_abstraction,8,48,0.490593,0.017455,0.217809,0.007224,0.179131,0.009037,1.000000,0.000000,0.875000,0.094551,0.000000,0.000000,0.000000,0.000000,0.255025,0.012607,0.138069,0.017686,0.128180,0.020421,1.000000,0.000000,0.458333,0.122065
oracle_mechanics_preserving_planner,combined_adversarial_abstraction,9,48,0.490596,0.017459,0.217697,0.007534,0.179266,0.009043,1.000000,0.000000,0.875000,0.094551,0.000000,0.000000,0.000000,0.000000,0.255025,0.012607,0.138086,0.017719,0.128150,0.020355,1.000000,0.000000,0.440972,0.126626
oracle_mechanics_preserving_planner,geometry_tolerance_shift,0,48,0.541859,0.016873,0.183986,0.007575,0.149525,0.008044,1.000000,0.000000,0.875000,0.094551,0.000000,0.000000,0.000000,0.000000,0.246312,0.012583,0.116710,0.015410,0.224038,0.018994,1.000000,0.000000,0.798611,0.083646
oracle_mechanics_preserving_planner,geometry_tolerance_shift,1,48,0.543251,0.016693,0.182201,0.007193,0.149298,0.008145,1.000000,0.000000,0.875000,0.094551,0.000000,0.000000,0.000000,0.000000,0.246312,0.012583,0.115890,0.015297,0.226628,0.018795,1.000000,0.000000,0.819444,0.089585
oracle_mechanics_preserving_planner,geometry_tolerance_shift,2,48,0.543589,0.016717,0.182207,0.008018,0.148531,0.007862,1.000000,0.000000,0.875000,0.094551,0.000000,0.000000,0.000000,0.000000,0.246312,0.012583,0.115709,0.015363,0.227515,0.019059,1.000000,0.000000,0.812500,0.083457
oracle_mechanics_preserving_planner,geometry_tolerance_shift,3,48,0.543339,0.016683,0.182264,0.007061,0.149041,0.008430,1.000000,0.000000,0.875000,0.094551,0.000000,0.000000,0.000000,0.000000,0.246312,0.012583,0.115898,0.015275,0.226866,0.018668,1.000000,0.000000,0.798611,0.094280
oracle_mechanics_preserving_planner,geometry_tolerance_shift,4,48,0.541576,0.016627,0.183908,0.007157,0.150540,0.008335,1.000000,0.000000,0.875000,0.094551,0.000000,0.000000,0.000000,0.000000,0.246312,0.012583,0.116702,0.015401,0.223069,0.018854,1.000000,0.000000,0.798611,0.086973
oracle_mechanics_preserving_planner,geometry_tolerance_shift,5,48,0.543408,0.016601,0.182551,0.007493,0.148409,0.008184,1.000000,0.000000,0.875000,0.094551,0.000000,0.000000,0.000000,0.000000,0.246312,0.012583,0.115742,0.015288,0.227222,0.018892,1.000000,0.000000,0.798611,0.085325
oracle_mechanics_preserving_planner,geometry_tolerance_shift,6,48,0.543192,0.016556,0.181856,0.007242,0.150113,0.008545,1.000000,0.000000,0.875000,0.094551,0.000000,0.000000,0.000000,0.000000,0.246312,0.012583,0.115811,0.015339,0.226183,0.018804,1.000000,0.000000,0.791667,0.091500
oracle_mechanics_preserving_planner,geometry_tolerance_shift,7,48,0.542580,0.016888,0.182878,0.007414,0.149808,0.008631,1.000000,0.000000,0.875000,0.094551,0.000000,0.000000,0.000000,0.000000,0.246312,0.012583,0.116329,0.015419,0.225198,0.019331,1.000000,0.000000,0.788194,0.093160
oracle_mechanics_preserving_planner,geometry_tolerance_shift,8,48,0.542384,0.016727,0.183493,0.007339,0.149341,0.008661,1.000000,0.000000,0.875000,0.094551,0.000000,0.000000,0.000000,0.000000,0.246312,0.012583,0.116320,0.015384,0.224981,0.019333,1.000000,0.000000,0.819444,0.085256
oracle_mechanics_preserving_planner,geometry_tolerance_shift,9,48,0.541266,0.016702,0.184617,0.007305,0.150148,0.008709,1.000000,0.000000,0.875000,0.094551,0.000000,0.000000,0.000000,0.000000,0.246312,0.012583,0.116964,0.015455,0.222630,0.018977,1.000000,0.000000,0.795139,0.088204
oracle_mechanics_preserving_planner,language_ambiguity_shift,0,48,0.558602,0.015807,0.168644,0.006696,0.141981,0.008189,1.000000,0.000000,0.875000,0.094551,0.000000,0.000000,0.000000,0.000000,0.245800,0.012582,0.108390,0.014498,0.255326,0.017214,1.000000,0.000000,0.878472,0.067903
oracle_mechanics_preserving_planner,language_ambiguity_shift,1,48,0.559098,0.016126,0.168553,0.006534,0.140968,0.007949,1.000000,0.000000,0.875000,0.094551,0.000000,0.000000,0.000000,0.000000,0.245800,0.012582,0.108252,0.014602,0.256604,0.017669,1.000000,0.000000,0.885417,0.066791
oracle_mechanics_preserving_planner,language_ambiguity_shift,2,48,0.557769,0.015726,0.170037,0.006444,0.141638,0.008224,1.000000,0.000000,0.875000,0.094551,0.000000,0.000000,0.000000,0.000000,0.245800,0.012582,0.108725,0.014477,0.253933,0.017148,1.000000,0.000000,0.878472,0.071962
oracle_mechanics_preserving_planner,language_ambiguity_shift,3,48,0.558220,0.016087,0.168775,0.006517,0.142785,0.008092,1.000000,0.000000,0.875000,0.094551,0.000000,0.000000,0.000000,0.000000,0.245800,0.012582,0.108783,0.014508,0.254289,0.017607,1.000000,0.000000,0.864583,0.078209
oracle_mechanics_preserving_planner,language_ambiguity_shift,4,48,0.558223,0.015707,0.168975,0.006422,0.142199,0.007907,1.000000,0.000000,0.875000,0.094551,0.000000,0.000000,0.000000,0.000000,0.245800,0.012582,0.108439,0.014486,0.254598,0.016895,1.000000,0.000000,0.878472,0.071301
oracle_mechanics_preserving_planner,language_ambiguity_shift,5,48,0.557171,0.015933,0.170831,0.006775,0.141775,0.008096,1.000000,0.000000,0.875000,0.094551,0.000000,0.000000,0.000000,0.000000,0.245800,0.012582,0.109164,0.014523,0.252775,0.017589,1.000000,0.000000,0.875000,0.068431
oracle_mechanics_preserving_planner,language_ambiguity_shift,6,48,0.558095,0.015986,0.169753,0.006357,0.141398,0.007974,1.000000,0.000000,0.875000,0.094551,0.000000,0.000000,0.000000,0.000000,0.245800,0.012582,0.108703,0.014569,0.254595,0.017434,1.000000,0.000000,0.881944,0.066651
oracle_mechanics_preserving_planner,language_ambiguity_shift,7,48,0.558182,0.015711,0.170335,0.006660,0.140018,0.007685,1.000000,0.000000,0.875000,0.094551,0.000000,0.000000,0.000000,0.000000,0.245800,0.012582,0.108461,0.014469,0.255339,0.016855,1.000000,0.000000,0.916667,0.054154
oracle_mechanics_preserving_planner,language_ambiguity_shift,8,48,0.559012,0.015805,0.168951,0.006439,0.140488,0.007622,1.000000,0.000000,0.875000,0.094551,0.000000,0.000000,0.000000,0.000000,0.245800,0.012582,0.108110,0.014418,0.256633,0.017117,1.000000,0.000000,0.878472,0.074545
oracle_mechanics_preserving_planner,language_ambiguity_shift,9,48,0.558594,0.015455,0.169076,0.006561,0.141418,0.008050,1.000000,0.000000,0.875000,0.094551,0.000000,0.000000,0.000000,0.000000,0.245800,0.012582,0.108124,0.014406,0.255473,0.017080,1.000000,0.000000,0.864583,0.066436
oracle_mechanics_preserving_planner,mechanics_ood_shift,0,48,0.522006,0.016472,0.193719,0.007046,0.171688,0.008398,1.000000,0.000000,0.875000,0.094551,0.000000,0.000000,0.000000,0.000000,0.247337,0.012586,0.125468,0.016354,0.182152,0.018409,1.000000,0.000000,0.552083,0.114737
oracle_mechanics_preserving_planner,mechanics_ood_shift,1,48,0.523676,0.016933,0.192744,0.007420,0.169582,0.008838,1.000000,0.000000,0.875000,0.094551,0.000000,0.000000,0.000000,0.000000,0.247337,0.012586,0.124869,0.016369,0.185903,0.019800,1.000000,0.000000,0.548611,0.115067
oracle_mechanics_preserving_planner,mechanics_ood_shift,2,48,0.525090,0.016405,0.190962,0.007143,0.169046,0.008653,1.000000,0.000000,0.875000,0.094551,0.000000,0.000000,0.000000,0.000000,0.247337,0.012586,0.123791,0.016160,0.188737,0.018833,1.000000,0.000000,0.579861,0.117520
oracle_mechanics_preserving_planner,mechanics_ood_shift,3,48,0.524643,0.016568,0.191180,0.007253,0.169892,0.008976,1.000000,0.000000,0.875000,0.094551,0.000000,0.000000,0.000000,0.000000,0.247337,0.012586,0.124095,0.016219,0.187555,0.019429,1.000000,0.000000,0.569444,0.113775
oracle_mechanics_preserving_planner,mechanics_ood_shift,4,48,0.524001,0.016284,0.191923,0.007226,0.169978,0.008414,1.000000,0.000000,0.875000,0.094551,0.000000,0.000000,0.000000,0.000000,0.247337,0.012586,0.124282,0.016234,0.186420,0.018386,1.000000,0.000000,0.597222,0.122194
oracle_mechanics_preserving_planner,mechanics_ood_shift,5,48,0.523834,0.016504,0.192982,0.007270,0.168564,0.008565,1.000000,0.000000,0.875000,0.094551,0.003472,0.006806,0.000000,0.000000,0.247337,0.012586,0.124474,0.016240,0.186657,0.018831,1.000000,0.000000,0.625000,0.108961
oracle_mechanics_preserving_planner,mechanics_ood_shift,6,48,0.522372,0.016218,0.193808,0.006759,0.170521,0.008676,1.000000,0.000000,0.875000,0.094551,0.000000,0.000000,0.000000,0.000000,0.247337,0.012586,0.125017,0.016282,0.183306,0.018136,1.000000,0.000000,0.593750,0.116678
oracle_mechanics_preserving_planner,mechanics_ood_shift,7,48,0.524411,0.016589,0.190914,0.007049,0.170990,0.008842,1.000000,0.000000,0.875000,0.094551,0.000000,0.000000,0.000000,0.000000,0.247337,0.012586,0.124353,0.016237,0.186687,0.019233,1.000000,0.000000,0.559028,0.120501
oracle_mechanics_preserving_planner,mechanics_ood_shift,8,48,0.524607,0.016699,0.190746,0.007008,0.170772,0.009031,1.000000,0.000000,0.875000,0.094551,0.000000,0.000000,0.000000,0.000000,0.247337,0.012586,0.124401,0.016191,0.187136,0.019204,1.000000,0.000000,0.604167,0.110737
oracle_mechanics_preserving_planner,mechanics_ood_shift,9,48,0.523979,0.016474,0.191714,0.007427,0.170374,0.008562,1.000000,0.000000,0.875000,0.094551,0.000000,0.000000,0.000000,0.000000,0.247337,0.012586,0.124362,0.016265,0.186235,0.018964,1.000000,0.000000,0.579861,0.115899
oracle_mechanics_preserving_planner,nominal_abstraction,0,48,0.590506,0.015463,0.151149,0.006524,0.134895,0.007733,1.000000,0.000000,0.875000,0.094551,0.000000,0.000000,0.000000,0.000000,0.243750,0.012576,0.097862,0.013487,0.303341,0.016502,1.000000,0.000000,0.940972,0.042939
oracle_mechanics_preserving_planner,nominal_abstraction,1,48,0.590310,0.015480,0.151205,0.006247,0.135258,0.007775,1.000000,0.000000,0.875000,0.094551,0.000000,0.000000,0.000000,0.000000,0.243750,0.012576,0.097913,0.013534,0.302851,0.016533,1.000000,0.000000,0.923611,0.052340
oracle_mechanics_preserving_planner,nominal_abstraction,2,48,0.590916,0.015655,0.150185,0.006611,0.135634,0.007611,1.000000,0.000000,0.875000,0.094551,0.000000,0.000000,0.000000,0.000000,0.243750,0.012576,0.097848,0.013452,0.303778,0.016661,1.000000,0.000000,0.937500,0.045230
oracle_mechanics_preserving_planner,nominal_abstraction,3,48,0.590994,0.015249,0.150442,0.005768,0.134993,0.007764,1.000000,0.000000,0.875000,0.094551,0.000000,0.000000,0.000000,0.000000,0.243750,0.012576,0.097540,0.013379,0.304167,0.015898,1.000000,0.000000,0.937500,0.049236
oracle_mechanics_preserving_planner,nominal_abstraction,4,48,0.589169,0.015353,0.151879,0.006113,0.136884,0.007886,1.000000,0.000000,0.875000,0.094551,0.000000,0.000000,0.000000,0.000000,0.243750,0.012576,0.098533,0.013481,0.300148,0.016133,1.000000,0.000000,0.906250,0.068019
oracle_mechanics_preserving_planner,nominal_abstraction,5,48,0.590086,0.015421,0.151241,0.006166,0.135897,0.007884,1.000000,0.000000,0.875000,0.094551,0.000000,0.000000,0.000000,0.000000,0.243750,0.012576,0.098079,0.013439,0.302145,0.016450,1.000000,0.000000,0.909722,0.061483
oracle_mechanics_preserving_planner,nominal_abstraction,6,48,0.589845,0.015412,0.151118,0.006392,0.136736,0.007934,1.000000,0.000000,0.875000,0.094551,0.000000,0.000000,0.000000,0.000000,0.243750,0.012576,0.098276,0.013483,0.301372,0.016681,1.000000,0.000000,0.913194,0.057533
oracle_mechanics_preserving_planner,nominal_abstraction,7,48,0.590203,0.015492,0.150517,0.006212,0.136893,0.007653,1.000000,0.000000,0.875000,0.094551,0.000000,0.000000,0.000000,0.000000,0.243750,0.012576,0.098145,0.013414,0.301966,0.016440,1.000000,0.000000,0.916667,0.048632
oracle_mechanics_preserving_planner,nominal_abstraction,8,48,0.590686,0.015445,0.150455,0.006197,0.135706,0.007746,1.000000,0.000000,0.875000,0.094551,0.000000,0.000000,0.000000,0.000000,0.243750,0.012576,0.097734,0.013471,0.303338,0.016476,1.000000,0.000000,0.944444,0.053569
oracle_mechanics_preserving_planner,nominal_abstraction,9,48,0.589646,0.015340,0.151324,0.005946,0.136883,0.008103,1.000000,0.000000,0.875000,0.094551,0.000000,0.000000,0.000000,0.000000,0.243750,0.012576,0.098338,0.013498,0.300947,0.016265,1.000000,0.000000,0.902778,0.067269
oracle_mechanics_preserving_planner,object_affordance_transfer,0,48,0.531865,0.016632,0.185724,0.006620,0.157164,0.008809,1.000000,0.000000,0.875000,0.094551,0.000000,0.000000,0.000000,0.000000,0.248363,0.012588,0.119727,0.015723,0.206675,0.018941,1.000000,0.000000,0.708333,0.104077
oracle_mechanics_preserving_planner,object_affordance_transfer,1,48,0.531960,0.016500,0.186325,0.007109,0.155839,0.008984,1.000000,0.000000,0.875000,0.094551,0.000000,0.000000,0.000000,0.000000,0.248363,0.012588,0.119462,0.015708,0.207375,0.019178,1.000000,0.000000,0.736111,0.100532
oracle_mechanics_preserving_planner,object_affordance_transfer,2,48,0.532815,0.016298,0.185361,0.006713,0.155299,0.008294,1.000000,0.000000,0.875000,0.094551,0.000000,0.000000,0.000000,0.000000,0.248363,0.012588,0.118925,0.015576,0.209178,0.018322,1.000000,0.000000,0.736111,0.099586
oracle_mechanics_preserving_planner,object_affordance_transfer,3,48,0.532257,0.016610,0.186151,0.007241,0.155267,0.008098,1.000000,0.000000,0.875000,0.094551,0.000000,0.000000,0.000000,0.000000,0.248363,0.012588,0.119406,0.015719,0.208185,0.018718,1.000000,0.000000,0.739583,0.093750
oracle_mechanics_preserving_planner,object_affordance_transfer,4,48,0.533760,0.016426,0.184602,0.006903,0.154464,0.008789,1.000000,0.000000,0.875000,0.094551,0.000000,0.000000,0.000000,0.000000,0.248363,0.012588,0.118553,0.015581,0.211165,0.018663,1.000000,0.000000,0.746528,0.095293
oracle_mechanics_preserving_planner,object_affordance_transfer,5,48,0.532071,0.016631,0.186250,0.007321,0.155594,0.008355,1.000000,0.000000,0.875000,0.094551,0.000000,0.000000,0.000000,0.000000,0.248363,0.012588,0.119584,0.015665,0.207707,0.018872,1.000000,0.000000,0.750000,0.097264
oracle_mechanics_preserving_planner,object_affordance_transfer,6,48,0.532479,0.016614,0.184924,0.006987,0.156963,0.008601,1.000000,0.000000,0.875000,0.094551,0.000000,0.000000,0.000000,0.000000,0.248363,0.012588,0.119347,0.015736,0.207897,0.018981,1.000000,0.000000,0.704861,0.102584
oracle_mechanics_preserving_planner,object_affordance_transfer,7,48,0.533753,0.015879,0.184233,0.006640,0.155197,0.008428,1.000000,0.000000,0.875000,0.094551,0.000000,0.000000,0.000000,0.000000,0.248363,0.012588,0.118363,0.015294,0.210844,0.017744,1.000000,0.000000,0.725694,0.100370
oracle_mechanics_preserving_planner,object_affordance_transfer,8,48,0.533516,0.016399,0.184641,0.007067,0.154837,0.008700,1.000000,0.000000,0.875000,0.094551,0.000000,0.000000,0.000000,0.000000,0.248363,0.012588,0.118651,0.015533,0.210629,0.018693,1.000000,0.000000,0.746528,0.098707
oracle_mechanics_preserving_planner,object_affordance_transfer,9,48,0.531726,0.016712,0.186246,0.007080,0.156323,0.008401,1.000000,0.000000,0.875000,0.094551,0.000000,0.000000,0.000000,0.000000,0.248363,0.012588,0.119788,0.015730,0.206839,0.018724,1.000000,0.000000,0.736111,0.099110
oracle_mechanics_preserving_planner,predicate_noise_shift,0,48,0.551017,0.015936,0.175806,0.006622,0.144710,0.007976,1.000000,0.000000,0.875000,0.094551,0.000000,0.000000,0.000000,0.000000,0.245800,0.012582,0.111890,0.014803,0.241623,0.017321,1.000000,0.000000,0.854167,0.075104
oracle_mechanics_preserving_planner,predicate_noise_shift,1,48,0.551541,0.015891,0.175684,0.006447,0.143654,0.007749,1.000000,0.000000,0.875000,0.094551,0.000000,0.000000,0.000000,0.000000,0.245800,0.012582,0.111543,0.014719,0.242977,0.017289,1.000000,0.000000,0.868056,0.072758
oracle_mechanics_preserving_planner,predicate_noise_shift,2,48,0.553068,0.016089,0.173493,0.006453,0.143648,0.008148,1.000000,0.000000,0.875000,0.094551,0.000000,0.000000,0.000000,0.000000,0.245800,0.012582,0.110910,0.014701,0.245780,0.017464,1.000000,0.000000,0.861111,0.076173
oracle_mechanics_preserving_planner,predicate_noise_shift,3,48,0.552129,0.016191,0.175181,0.006701,0.143126,0.008196,1.000000,0.000000,0.875000,0.094551,0.000000,0.000000,0.000000,0.000000,0.245800,0.012582,0.111368,0.014808,0.244238,0.018052,1.000000,0.000000,0.857639,0.080199
oracle_mechanics_preserving_planner,predicate_noise_shift,4,48,0.550697,0.015751,0.175924,0.006190,0.145190,0.007899,1.000000,0.000000,0.875000,0.094551,0.000000,0.000000,0.000000,0.000000,0.245800,0.012582,0.111898,0.014793,0.240888,0.016885,1.000000,0.000000,0.843750,0.085573
oracle_mechanics_preserving_planner,predicate_noise_shift,5,48,0.553515,0.015626,0.173029,0.006566,0.143446,0.007819,1.000000,0.000000,0.875000,0.094551,0.000000,0.000000,0.000000,0.000000,0.245800,0.012582,0.110325,0.014645,0.246641,0.017179,1.000000,0.000000,0.881944,0.056679
oracle_mechanics_preserving_planner,predicate_noise_shift,6,48,0.551183,0.016009,0.175436,0.006365,0.144900,0.008097,1.000000,0.000000,0.875000,0.094551,0.000000,0.000000,0.000000,0.000000,0.245800,0.012582,0.111795,0.014821,0.241867,0.017459,1.000000,0.000000,0.840278,0.082507
oracle_mechanics_preserving_planner,predicate_noise_shift,7,48,0.551473,0.016139,0.175045,0.006362,0.145034,0.008109,1.000000,0.000000,0.875000,0.094551,0.000000,0.000000,0.000000,0.000000,0.245800,0.012582,0.111788,0.014837,0.242286,0.017739,1.000000,0.000000,0.833333,0.075340
oracle_mechanics_preserving_planner,predicate_noise_shift,8,48,0.552947,0.015910,0.173969,0.006925,0.143248,0.008142,1.000000,0.000000,0.875000,0.094551,0.000000,0.000000,0.000000,0.000000,0.245800,0.012582,0.110796,0.014701,0.245670,0.017851,1.000000,0.000000,0.861111,0.079811
oracle_mechanics_preserving_planner,predicate_noise_shift,9,48,0.552697,0.015863,0.173594,0.006586,0.144512,0.008251,1.000000,0.000000,0.875000,0.094551,0.000000,0.000000,0.000000,0.000000,0.245800,0.012582,0.110989,0.014660,0.244728,0.017506,1.000000,0.000000,0.847222,0.080107
oracle_mechanics_preserving_planner,recovery_cost_pressure,0,48,0.526300,0.016290,0.186363,0.007403,0.162570,0.008315,1.000000,0.000000,0.875000,0.094551,0.000000,0.000000,0.000000,0.000000,0.261175,0.012625,0.121605,0.015720,0.191466,0.018467,1.000000,0.000000,0.687500,0.102762
oracle_mechanics_preserving_planner,recovery_cost_pressure,1,48,0.522952,0.016477,0.190206,0.007153,0.163953,0.008581,1.000000,0.000000,0.875000,0.094551,0.000000,0.000000,0.000000,0.000000,0.261175,0.012625,0.123274,0.016057,0.184893,0.018763,1.000000,0.000000,0.635417,0.109462
oracle_mechanics_preserving_planner,recovery_cost_pressure,2,48,0.524148,0.016296,0.189295,0.007017,0.162585,0.008064,1.000000,0.000000,0.875000,0.094551,0.000000,0.000000,0.000000,0.000000,0.261175,0.012625,0.122624,0.015915,0.187602,0.018145,1.000000,0.000000,0.684028,0.098347
oracle_mechanics_preserving_planner,recovery_cost_pressure,3,48,0.523318,0.016373,0.190447,0.006710,0.162595,0.008186,1.000000,0.000000,0.875000,0.094551,0.000000,0.000000,0.000000,0.000000,0.261175,0.012625,0.123006,0.015921,0.186096,0.018253,1.000000,0.000000,0.656250,0.104939
oracle_mechanics_preserving_planner,recovery_cost_pressure,4,48,0.524504,0.016395,0.188701,0.007176,0.162846,0.008490,1.000000,0.000000,0.875000,0.094551,0.000000,0.000000,0.000000,0.000000,0.261175,0.012625,0.122611,0.015782,0.188115,0.018442,1.000000,0.000000,0.670139,0.103159
oracle_mechanics_preserving_planner,recovery_cost_pressure,5,48,0.524422,0.016421,0.188910,0.007134,0.162661,0.008536,1.000000,0.000000,0.875000,0.094551,0.000000,0.000000,0.000000,0.000000,0.261175,0.012625,0.122550,0.015874,0.188044,0.018630,1.000000,0.000000,0.666667,0.104304
oracle_mechanics_preserving_planner,recovery_cost_pressure,6,48,0.524724,0.016172,0.188673,0.007211,0.162181,0.008129,1.000000,0.000000,0.875000,0.094551,0.000000,0.000000,0.000000,0.000000,0.261175,0.012625,0.122182,0.015806,0.188830,0.018134,1.000000,0.000000,0.704861,0.102122
oracle_mechanics_preserving_planner,recovery_cost_pressure,7,48,0.525073,0.016259,0.188955,0.006803,0.161217,0.008760,1.000000,0.000000,0.875000,0.094551,0.000000,0.000000,0.000000,0.000000,0.261175,0.012625,0.122211,0.015780,0.189710,0.018205,1.000000,0.000000,0.656250,0.102661
oracle_mechanics_preserving_planner,recovery_cost_pressure,8,48,0.524615,0.016508,0.188314,0.007050,0.163248,0.008324,1.000000,0.000000,0.875000,0.094551,0.000000,0.000000,0.000000,0.000000,0.261175,0.012625,0.122528,0.015908,0.188161,0.018659,1.000000,0.000000,0.649306,0.105314
oracle_mechanics_preserving_planner,recovery_cost_pressure,9,48,0.523906,0.016363,0.189901,0.006916,0.162289,0.008804,1.000000,0.000000,0.875000,0.094551,0.000000,0.000000,0.000000,0.000000,0.261175,0.012625,0.122774,0.015897,0.187222,0.018684,1.000000,0.000000,0.656250,0.105837
physics_aware_tamp,combined_adversarial_abstraction,0,48,0.645156,0.027020,0.179845,0.016763,0.147577,0.011879,0.312500,0.055555,0.861111,0.093966,0.281250,0.060080,0.052083,0.042570,0.412046,0.017106,0.078129,0.029782,0.261531,0.037845,0.913194,0.057533,0.815972,0.071632
physics_aware_tamp,combined_adversarial_abstraction,1,48,0.658686,0.025659,0.172103,0.014379,0.143219,0.010967,0.399306,0.047390,0.868056,0.094280,0.312500,0.067122,0.062500,0.051121,0.417630,0.015897,0.063186,0.026577,0.280344,0.034837,0.930556,0.051314,0.822917,0.070411
physics_aware_tamp,combined_adversarial_abstraction,2,48,0.662153,0.028161,0.174495,0.017679,0.140353,0.011774,0.319444,0.051314,0.871528,0.094421,0.246528,0.051457,0.045139,0.038588,0.416165,0.018517,0.063701,0.030908,0.285103,0.038700,0.916667,0.063034,0.854167,0.071225
physics_aware_tamp,combined_adversarial_abstraction,3,48,0.637406,0.027104,0.173820,0.018058,0.143906,0.013284,0.378472,0.051227,0.871528,0.094421,0.329861,0.049106,0.041667,0.037037,0.416074,0.018818,0.079892,0.031339,0.258227,0.038457,0.913194,0.065960,0.833333,0.074710
physics_aware_tamp,combined_adversarial_abstraction,4,48,0.640992,0.024071,0.174199,0.015493,0.142787,0.011171,0.302083,0.051150,0.857639,0.094295,0.267361,0.065057,0.052083,0.041444,0.417958,0.016561,0.079779,0.027623,0.261607,0.033357,0.909722,0.057508,0.833333,0.068085
physics_aware_tamp,combined_adversarial_abstraction,5,48,0.644270,0.024300,0.173936,0.014704,0.142559,0.010946,0.340278,0.059130,0.857639,0.093792,0.347222,0.075235,0.059028,0.047140,0.417156,0.015527,0.076375,0.026633,0.265539,0.033649,0.916667,0.052378,0.826389,0.065937
physics_aware_tamp,combined_adversarial_abstraction,6,48,0.648018,0.031638,0.184601,0.020931,0.151500,0.014906,0.340278,0.070781,0.861111,0.093966,0.291667,0.060350,0.027778,0.035516,0.407031,0.022110,0.081153,0.036717,0.260916,0.045010,0.888889,0.078617,0.781250,0.089755
physics_aware_tamp,combined_adversarial_abstraction,7,48,0.659175,0.027338,0.176265,0.017107,0.143436,0.011738,0.329861,0.052818,0.861111,0.094468,0.364583,0.075751,0.055556,0.049912,0.414583,0.018153,0.066384,0.029867,0.279543,0.037641,0.916667,0.059957,0.815972,0.077347
physics_aware_tamp,combined_adversarial_abstraction,8,48,0.656704,0.025425,0.174838,0.016440,0.143851,0.012133,0.305556,0.051772,0.854167,0.093608,0.232639,0.065057,0.062500,0.054697,0.418601,0.016503,0.070503,0.029033,0.275913,0.036374,0.916667,0.055021,0.840278,0.065216
physics_aware_tamp,combined_adversarial_abstraction,9,48,0.654115,0.026039,0.172805,0.017061,0.141659,0.011517,0.347222,0.064395,0.871528,0.094421,0.270833,0.044172,0.045139,0.036053,0.419020,0.017386,0.068672,0.030094,0.275905,0.036264,0.916667,0.061515,0.854167,0.067122
physics_aware_tamp,geometry_tolerance_shift,0,48,0.693093,0.032189,0.159626,0.020483,0.128647,0.014205,0.368056,0.063749,0.871528,0.094421,0.034722,0.019351,0.006944,0.013611,0.394797,0.024284,0.068577,0.033560,0.342070,0.043582,0.878472,0.090062,0.864583,0.091581
physics_aware_tamp,geometry_tolerance_shift,1,48,0.697947,0.030299,0.155012,0.018591,0.126683,0.013882,0.409722,0.053236,0.875000,0.094551,0.076389,0.045577,0.013889,0.016372,0.397418,0.022873,0.063507,0.031350,0.349913,0.040946,0.888889,0.084978,0.878472,0.085204
physics_aware_tamp,geometry_tolerance_shift,2,48,0.704690,0.028356,0.151227,0.016856,0.123806,0.012930,0.361111,0.053569,0.875000,0.094551,0.100694,0.039794,0.020833,0.020917,0.401360,0.021836,0.057761,0.028687,0.359266,0.037853,0.895833,0.079984,0.892361,0.079904
physics_aware_tamp,geometry_tolerance_shift,3,48,0.695688,0.032521,0.158169,0.021059,0.127944,0.014773,0.368056,0.050501,0.875000,0.094551,0.041667,0.022810,0.000000,0.000000,0.394965,0.025184,0.067423,0.034478,0.345945,0.044236,0.875000,0.094551,0.864583,0.094629
physics_aware_tamp,geometry_tolerance_shift,4,48,0.700189,0.029947,0.155298,0.018642,0.126232,0.013468,0.381944,0.053236,0.871528,0.094421,0.083333,0.027510,0.017361,0.022264,0.399731,0.022573,0.062027,0.031046,0.351342,0.040471,0.888889,0.083292,0.875000,0.083951
physics_aware_tamp,geometry_tolerance_shift,5,48,0.695712,0.031085,0.156809,0.019122,0.127302,0.014219,0.375000,0.058762,0.875000,0.094551,0.020833,0.015759,0.006944,0.013611,0.395117,0.024058,0.065244,0.032102,0.347156,0.041763,0.881944,0.090177,0.871528,0.090324
physics_aware_tamp,geometry_tolerance_shift,6,48,0.697113,0.030143,0.155360,0.018743,0.127267,0.013438,0.364583,0.055582,0.875000,0.094551,0.083333,0.032259,0.010417,0.011534,0.396409,0.023492,0.063396,0.031026,0.348880,0.040298,0.885417,0.087080,0.875000,0.086723
physics_aware_tamp,geometry_tolerance_shift,7,48,0.695225,0.031577,0.156910,0.019446,0.127704,0.014143,0.406250,0.063710,0.875000,0.094551,0.013889,0.013170,0.010417,0.015088,0.395925,0.023756,0.065405,0.032384,0.345982,0.042461,0.885417,0.087622,0.868056,0.088589
physics_aware_tamp,geometry_tolerance_shift,8,48,0.693270,0.031683,0.159945,0.020011,0.129416,0.014594,0.385417,0.057670,0.868056,0.094280,0.041667,0.024797,0.003472,0.006806,0.393743,0.024499,0.069616,0.033386,0.341950,0.043063,0.871528,0.091882,0.861111,0.091930
physics_aware_tamp,geometry_tolerance_shift,9,48,0.692209,0.031806,0.159591,0.020105,0.128583,0.014269,0.343750,0.056217,0.875000,0.094551,0.003472,0.006806,0.006944,0.013611,0.394758,0.024253,0.067522,0.033354,0.341268,0.042949,0.881944,0.090177,0.864583,0.092608
physics_aware_tamp,language_ambiguity_shift,0,48,0.694233,0.028938,0.155846,0.018246,0.128446,0.012601,0.343750,0.052744,0.850694,0.093918,0.072917,0.025561,0.003472,0.006806,0.384519,0.023957,0.076896,0.028971,0.349863,0.037814,0.854167,0.091565,0.840278,0.090700
physics_aware_tamp,language_ambiguity_shift,1,48,0.689227,0.029025,0.157701,0.017816,0.129846,0.013229,0.347222,0.054877,0.847222,0.093714,0.041667,0.020633,0.006944,0.009522,0.382601,0.023481,0.081647,0.029381,0.343579,0.038350,0.854167,0.088944,0.843750,0.088828
physics_aware_tamp,language_ambiguity_shift,2,48,0.690893,0.029530,0.160286,0.017393,0.132397,0.013372,0.357639,0.046635,0.826389,0.092251,0.038194,0.024296,0.010417,0.011534,0.383117,0.023825,0.085531,0.029185,0.341692,0.038895,0.836806,0.085065,0.829861,0.085065
physics_aware_tamp,language_ambiguity_shift,3,48,0.695780,0.029221,0.154478,0.017738,0.129110,0.013322,0.368056,0.060709,0.850694,0.093918,0.065972,0.028754,0.006944,0.009522,0.386016,0.023813,0.075727,0.029088,0.351096,0.038431,0.857639,0.089138,0.850694,0.088739
physics_aware_tamp,language_ambiguity_shift,4,48,0.689520,0.030176,0.159686,0.018388,0.132598,0.013615,0.368056,0.061483,0.836806,0.092523,0.062500,0.041976,0.003472,0.006806,0.382419,0.024481,0.085259,0.030029,0.340815,0.039949,0.840278,0.090177,0.829861,0.089930
physics_aware_tamp,language_ambiguity_shift,5,48,0.696223,0.029686,0.154317,0.017208,0.127582,0.012950,0.357639,0.063026,0.850694,0.093918,0.041667,0.024797,0.013889,0.019043,0.387248,0.023550,0.073523,0.028361,0.352216,0.038663,0.864583,0.085158,0.857639,0.085343
physics_aware_tamp,language_ambiguity_shift,6,48,0.696766,0.031105,0.155036,0.019363,0.127049,0.013893,0.364583,0.056427,0.857639,0.093792,0.090278,0.033635,0.000000,0.000000,0.386148,0.025118,0.074212,0.030844,0.353188,0.041375,0.857639,0.093792,0.854167,0.093608
physics_aware_tamp,language_ambiguity_shift,7,48,0.696320,0.030457,0.154848,0.018281,0.126489,0.014042,0.315972,0.057739,0.854167,0.094614,0.034722,0.019351,0.006944,0.009522,0.386418,0.024236,0.074398,0.030151,0.353141,0.040538,0.861111,0.089848,0.857639,0.089667
physics_aware_tamp,language_ambiguity_shift,8,48,0.697172,0.029862,0.155164,0.017363,0.128259,0.013399,0.368056,0.069432,0.843750,0.092990,0.045139,0.021175,0.006944,0.009522,0.385652,0.024198,0.076702,0.028709,0.352857,0.039063,0.850694,0.088204,0.850694,0.088204
physics_aware_tamp,language_ambiguity_shift,9,48,0.698542,0.028642,0.152819,0.016962,0.127311,0.013091,0.392361,0.067027,0.854167,0.093608,0.003472,0.006806,0.003472,0.006806,0.386312,0.024536,0.071760,0.027639,0.355992,0.037099,0.857639,0.091236,0.854167,0.091047
physics_aware_tamp,mechanics_ood_shift,0,48,0.680725,0.030247,0.162227,0.018185,0.143680,0.014363,0.385417,0.047804,0.871528,0.094421,0.121528,0.025250,0.024306,0.021726,0.402047,0.021171,0.068080,0.033182,0.314325,0.041766,0.895833,0.076970,0.843750,0.086124
physics_aware_tamp,mechanics_ood_shift,1,48,0.682247,0.030082,0.160822,0.019317,0.140670,0.014291,0.378472,0.056496,0.875000,0.094551,0.131944,0.054118,0.017361,0.017506,0.402683,0.021982,0.067252,0.034045,0.318561,0.041859,0.892361,0.082238,0.836806,0.085065
physics_aware_tamp,mechanics_ood_shift,2,48,0.685023,0.030069,0.161102,0.019207,0.141837,0.014615,0.364583,0.058888,0.871528,0.094421,0.190972,0.050530,0.013889,0.013170,0.401237,0.022558,0.067714,0.034170,0.320942,0.041869,0.885417,0.084320,0.840278,0.086973
physics_aware_tamp,mechanics_ood_shift,3,48,0.690549,0.028287,0.156627,0.017448,0.138653,0.013048,0.343750,0.054508,0.875000,0.094551,0.159722,0.036339,0.024306,0.021726,0.405210,0.021241,0.059693,0.031059,0.329687,0.038540,0.899306,0.077041,0.854167,0.078793
physics_aware_tamp,mechanics_ood_shift,4,48,0.693359,0.026199,0.154091,0.015350,0.136992,0.012375,0.375000,0.046136,0.875000,0.094551,0.125000,0.038293,0.038194,0.034028,0.408465,0.018900,0.056000,0.028184,0.333797,0.035687,0.913194,0.068077,0.854167,0.074472
physics_aware_tamp,mechanics_ood_shift,5,48,0.682632,0.030304,0.162078,0.018737,0.141286,0.014676,0.364583,0.061250,0.875000,0.094551,0.107639,0.039496,0.017361,0.020027,0.401146,0.022215,0.066958,0.033611,0.318419,0.041915,0.892361,0.082811,0.840278,0.086427
physics_aware_tamp,mechanics_ood_shift,6,48,0.682260,0.029906,0.162797,0.019058,0.141713,0.013724,0.399306,0.059752,0.871528,0.094421,0.097222,0.027222,0.020833,0.023068,0.401897,0.021779,0.066875,0.033477,0.317007,0.041214,0.892361,0.080494,0.833333,0.085348
physics_aware_tamp,mechanics_ood_shift,7,48,0.688912,0.029119,0.157001,0.017731,0.140416,0.013956,0.361111,0.059429,0.875000,0.094551,0.131944,0.048591,0.024306,0.025714,0.404824,0.021336,0.061622,0.032210,0.326726,0.040066,0.899306,0.078259,0.840278,0.084209
physics_aware_tamp,mechanics_ood_shift,8,48,0.691798,0.029401,0.155766,0.018135,0.138678,0.013856,0.357639,0.056705,0.875000,0.094551,0.121528,0.045350,0.027778,0.031266,0.406615,0.021034,0.059812,0.032313,0.330828,0.040600,0.902778,0.077098,0.833333,0.090721
physics_aware_tamp,mechanics_ood_shift,9,48,0.689015,0.029896,0.158635,0.018907,0.141248,0.015208,0.354167,0.059661,0.875000,0.094551,0.125000,0.029979,0.013889,0.016372,0.403606,0.022831,0.063292,0.034310,0.325794,0.041859,0.888889,0.084978,0.836806,0.087801
physics_aware_tamp,nominal_abstraction,0,48,0.736611,0.028582,0.131421,0.015351,0.116629,0.012370,0.416667,0.045621,0.871528,0.094421,0.000000,0.000000,0.006944,0.009522,0.390305,0.024293,0.054687,0.024935,0.412486,0.035665,0.878472,0.089535,0.878472,0.089535
physics_aware_tamp,nominal_abstraction,1,48,0.735365,0.029746,0.132157,0.016250,0.117848,0.013559,0.430556,0.055732,0.875000,0.094551,0.000000,0.000000,0.000000,0.000000,0.389375,0.025196,0.056054,0.026766,0.410326,0.037703,0.875000,0.094551,0.878472,0.092139
physics_aware_tamp,nominal_abstraction,2,48,0.737006,0.029281,0.130735,0.015960,0.117134,0.012740,0.381944,0.059130,0.875000,0.094551,0.000000,0.000000,0.003472,0.006806,0.390360,0.024594,0.054673,0.025848,0.412892,0.036802,0.878472,0.092139,0.878472,0.092139
physics_aware_tamp,nominal_abstraction,3,48,0.736651,0.029359,0.131518,0.016341,0.116821,0.012861,0.447917,0.056006,0.875000,0.094551,0.003472,0.006806,0.000000,0.000000,0.389672,0.025170,0.055098,0.026466,0.412597,0.036936,0.875000,0.094551,0.875000,0.094551
physics_aware_tamp,nominal_abstraction,4,48,0.734696,0.029599,0.132692,0.016511,0.118620,0.013179,0.447917,0.054290,0.875000,0.094551,0.000000,0.000000,0.000000,0.000000,0.389686,0.025169,0.056119,0.027037,0.408660,0.037452,0.875000,0.094551,0.875000,0.094551
physics_aware_tamp,nominal_abstraction,5,48,0.738028,0.028630,0.130951,0.015833,0.116601,0.012401,0.375000,0.057129,0.875000,0.094551,0.017361,0.014556,0.003472,0.006806,0.391269,0.024533,0.053542,0.025608,0.413791,0.035937,0.878472,0.092139,0.878472,0.092139
physics_aware_tamp,nominal_abstraction,6,48,0.736109,0.029009,0.131514,0.015959,0.118000,0.012675,0.440972,0.050996,0.875000,0.094551,0.027778,0.022462,0.000000,0.000000,0.389647,0.025171,0.054522,0.026012,0.411219,0.036328,0.875000,0.094551,0.875000,0.094551
physics_aware_tamp,nominal_abstraction,7,48,0.735268,0.029708,0.131280,0.015957,0.119367,0.013751,0.420139,0.055012,0.875000,0.094551,0.000000,0.000000,0.000000,0.000000,0.389375,0.025196,0.056107,0.026764,0.409644,0.037702,0.875000,0.094551,0.875000,0.094551
physics_aware_tamp,nominal_abstraction,8,48,0.736139,0.028947,0.130708,0.015424,0.117986,0.013263,0.406250,0.064449,0.871528,0.094421,0.000000,0.000000,0.006944,0.013611,0.390380,0.024333,0.055626,0.025894,0.411419,0.036672,0.878472,0.090062,0.878472,0.090062
physics_aware_tamp,nominal_abstraction,9,48,0.735828,0.029315,0.132040,0.016400,0.118268,0.012940,0.423611,0.061483,0.875000,0.094551,0.000000,0.000000,0.000000,0.000000,0.390078,0.025136,0.055445,0.026649,0.410259,0.037028,0.875000,0.094551,0.875000,0.094551
physics_aware_tamp,object_affordance_transfer,0,48,0.683861,0.031444,0.160687,0.019773,0.134704,0.014555,0.347222,0.056575,0.871528,0.094421,0.114583,0.032487,0.010417,0.011534,0.397324,0.023565,0.069850,0.033525,0.326800,0.042936,0.881944,0.086973,0.854167,0.087874
physics_aware_tamp,object_affordance_transfer,1,48,0.680626,0.030762,0.163073,0.019071,0.134530,0.013285,0.350694,0.062461,0.864583,0.094128,0.111111,0.049912,0.013889,0.013170,0.395027,0.023118,0.071949,0.031613,0.323271,0.041339,0.878472,0.084086,0.847222,0.085809
physics_aware_tamp,object_affordance_transfer,2,48,0.687022,0.030061,0.158522,0.018775,0.132065,0.014069,0.302083,0.053853,0.875000,0.094551,0.114583,0.032487,0.010417,0.011534,0.398286,0.023593,0.065991,0.031888,0.332712,0.040650,0.885417,0.087080,0.854167,0.087874
physics_aware_tamp,object_affordance_transfer,3,48,0.678588,0.027341,0.161892,0.016079,0.134418,0.011612,0.302083,0.054724,0.854167,0.093608,0.131944,0.046604,0.027778,0.024477,0.396711,0.020239,0.074557,0.027341,0.321291,0.036055,0.881944,0.074047,0.864583,0.073854
physics_aware_tamp,object_affordance_transfer,4,48,0.683806,0.031299,0.161521,0.019550,0.133263,0.014016,0.371528,0.044825,0.864583,0.094128,0.097222,0.045448,0.013889,0.016372,0.396236,0.023476,0.071681,0.032408,0.327756,0.042442,0.878472,0.084647,0.847222,0.086905
physics_aware_tamp,object_affordance_transfer,5,48,0.681232,0.030684,0.162875,0.019384,0.135109,0.014151,0.305556,0.061000,0.864583,0.094128,0.138889,0.041646,0.010417,0.015088,0.395091,0.023736,0.072891,0.032488,0.323547,0.041658,0.875000,0.087267,0.843750,0.088828
physics_aware_tamp,object_affordance_transfer,6,48,0.680784,0.030776,0.162998,0.019473,0.137043,0.014476,0.409722,0.056679,0.861111,0.093966,0.138889,0.044924,0.010417,0.015088,0.394570,0.023365,0.074860,0.032828,0.321855,0.042259,0.871528,0.087125,0.843750,0.090411
physics_aware_tamp,object_affordance_transfer,7,48,0.679251,0.028478,0.164210,0.017576,0.137001,0.013077,0.322917,0.054508,0.850694,0.093413,0.111111,0.036823,0.013889,0.016372,0.393015,0.022796,0.077613,0.029920,0.320302,0.037999,0.864583,0.084039,0.843750,0.083899
physics_aware_tamp,object_affordance_transfer,8,48,0.688401,0.030697,0.158558,0.018968,0.131715,0.013504,0.402778,0.059030,0.868056,0.094280,0.114583,0.033912,0.013889,0.016372,0.398239,0.023579,0.066226,0.031245,0.334342,0.041141,0.881944,0.084769,0.861111,0.086084
physics_aware_tamp,object_affordance_transfer,9,48,0.683292,0.031197,0.161375,0.019517,0.134431,0.014074,0.364583,0.057259,0.864583,0.094629,0.135417,0.044205,0.017361,0.020027,0.397559,0.023072,0.071337,0.033008,0.325930,0.042416,0.881944,0.083078,0.850694,0.084367
physics_aware_tamp,predicate_noise_shift,0,48,0.703258,0.030349,0.151998,0.019340,0.123645,0.013193,0.392361,0.054580,0.875000,0.094551,0.013889,0.013170,0.003472,0.006806,0.394480,0.024542,0.062678,0.030846,0.360394,0.040216,0.878472,0.092139,0.878472,0.092139
physics_aware_tamp,predicate_noise_shift,1,48,0.708522,0.028878,0.148618,0.017411,0.121213,0.012956,0.385417,0.060863,0.875000,0.094551,0.055556,0.024477,0.013889,0.019043,0.397953,0.022960,0.058275,0.028885,0.367910,0.038136,0.888889,0.085533,0.881944,0.085878
physics_aware_tamp,predicate_noise_shift,2,48,0.705470,0.030089,0.149616,0.018712,0.122700,0.013292,0.378472,0.057327,0.875000,0.094551,0.048611,0.029111,0.006944,0.009522,0.395096,0.023961,0.061714,0.030261,0.364409,0.039813,0.881944,0.089651,0.875000,0.089408
physics_aware_tamp,predicate_noise_shift,3,48,0.703325,0.030157,0.151895,0.018440,0.123086,0.013280,0.354167,0.063501,0.868056,0.094280,0.069444,0.027222,0.010417,0.015088,0.394017,0.023928,0.063586,0.029884,0.361117,0.039866,0.878472,0.087396,0.875000,0.087267
physics_aware_tamp,predicate_noise_shift,4,48,0.702760,0.029089,0.151802,0.018033,0.123888,0.012456,0.340278,0.065216,0.871528,0.094421,0.076389,0.036339,0.010417,0.011534,0.394976,0.023249,0.062757,0.029369,0.359626,0.038133,0.881944,0.086973,0.871528,0.086581
physics_aware_tamp,predicate_noise_shift,5,48,0.705453,0.029562,0.148775,0.016977,0.123393,0.013315,0.399306,0.058955,0.871528,0.094421,0.059028,0.024778,0.010417,0.011534,0.394349,0.023761,0.060940,0.028373,0.364694,0.038536,0.881944,0.086973,0.878472,0.086853
physics_aware_tamp,predicate_noise_shift,6,48,0.705400,0.029295,0.149240,0.017665,0.122430,0.012415,0.385417,0.060080,0.875000,0.094551,0.052083,0.024133,0.017361,0.020027,0.397037,0.022397,0.059564,0.028641,0.363936,0.038453,0.892361,0.082811,0.878472,0.082954
physics_aware_tamp,predicate_noise_shift,7,48,0.696254,0.028731,0.156187,0.017252,0.128773,0.012797,0.343750,0.051839,0.850694,0.093413,0.045139,0.025250,0.013889,0.013170,0.390777,0.022391,0.073234,0.028788,0.348823,0.038116,0.864583,0.083475,0.854167,0.083457
physics_aware_tamp,predicate_noise_shift,8,48,0.703159,0.029775,0.150976,0.017923,0.123563,0.013076,0.368056,0.045577,0.871528,0.094421,0.100694,0.036053,0.006944,0.013611,0.392930,0.024186,0.062808,0.028781,0.361597,0.038871,0.878472,0.090062,0.871528,0.090324
physics_aware_tamp,predicate_noise_shift,9,48,0.705403,0.028944,0.148729,0.017214,0.123092,0.012421,0.381944,0.046604,0.871528,0.094421,0.010417,0.011534,0.013889,0.016372,0.395230,0.023058,0.060333,0.028130,0.364517,0.037639,0.885417,0.084880,0.875000,0.085071
physics_aware_tamp,recovery_cost_pressure,0,48,0.675116,0.028994,0.160389,0.016902,0.139742,0.013723,0.354167,0.058053,0.868056,0.094280,0.118056,0.037618,0.024306,0.023804,0.408459,0.022627,0.070622,0.029688,0.309924,0.038880,0.892361,0.077500,0.861111,0.079217
physics_aware_tamp,recovery_cost_pressure,1,48,0.669093,0.029950,0.166073,0.019654,0.141588,0.014074,0.315972,0.072941,0.871528,0.094421,0.135417,0.045263,0.013889,0.016372,0.406448,0.023814,0.074999,0.032923,0.300119,0.041084,0.885417,0.084880,0.843750,0.084461
physics_aware_tamp,recovery_cost_pressure,2,48,0.664890,0.027080,0.161305,0.016346,0.137353,0.011735,0.336806,0.050060,0.871528,0.094421,0.145833,0.044172,0.034722,0.029111,0.410598,0.020557,0.074028,0.027697,0.299988,0.036005,0.906250,0.069396,0.871528,0.070299
physics_aware_tamp,recovery_cost_pressure,3,48,0.665504,0.029048,0.165644,0.016701,0.141886,0.013909,0.364583,0.056427,0.864583,0.094128,0.156250,0.049981,0.034722,0.035013,0.406690,0.021117,0.076062,0.029807,0.296463,0.039452,0.899306,0.071962,0.847222,0.075861
physics_aware_tamp,recovery_cost_pressure,4,48,0.672593,0.027489,0.160386,0.016426,0.137510,0.011777,0.347222,0.056575,0.875000,0.094551,0.190972,0.054145,0.031250,0.028616,0.409416,0.021380,0.067497,0.027377,0.308607,0.036193,0.906250,0.072724,0.871528,0.074227
physics_aware_tamp,recovery_cost_pressure,5,48,0.675221,0.028926,0.161560,0.018473,0.138319,0.013393,0.336806,0.064142,0.871528,0.094421,0.114583,0.047804,0.024306,0.029162,0.410013,0.022616,0.069557,0.030943,0.309721,0.039449,0.895833,0.079391,0.850694,0.081516
physics_aware_tamp,recovery_cost_pressure,6,48,0.668570,0.028859,0.159339,0.017838,0.136575,0.013462,0.385417,0.054290,0.875000,0.094551,0.142361,0.032243,0.020833,0.020917,0.411113,0.023158,0.071641,0.030210,0.305151,0.038567,0.895833,0.079984,0.878472,0.080641
physics_aware_tamp,recovery_cost_pressure,7,48,0.670322,0.029610,0.163946,0.018575,0.138155,0.013301,0.354167,0.053826,0.871528,0.094421,0.083333,0.030757,0.024306,0.029162,0.407419,0.022909,0.072520,0.030808,0.304645,0.039906,0.895833,0.079391,0.861111,0.079217
physics_aware_tamp,recovery_cost_pressure,8,48,0.675957,0.027348,0.158980,0.015497,0.137616,0.012161,0.340278,0.054985,0.871528,0.094421,0.104167,0.031704,0.034722,0.029111,0.411018,0.020906,0.065864,0.026947,0.312037,0.035948,0.906250,0.069396,0.868056,0.072105
physics_aware_tamp,recovery_cost_pressure,9,48,0.667601,0.026501,0.158562,0.015521,0.134811,0.011114,0.305556,0.050851,0.875000,0.094551,0.118056,0.035013,0.041667,0.039509,0.412556,0.020320,0.067821,0.025628,0.305298,0.034446,0.916667,0.067386,0.868056,0.074683
proposed_abstraction_failure_audit_v4,combined_adversarial_abstraction,0,48,0.521038,0.007921,0.217438,0.006037,0.180336,0.007493,0.493056,0.056679,0.871528,0.094421,0.385417,0.068883,0.055556,0.046983,0.339467,0.008249,0.144259,0.006968,0.122506,0.009818,1.000000,0.000000,0.392361,0.106764
proposed_abstraction_failure_audit_v4,combined_adversarial_abstraction,1,48,0.521263,0.008972,0.211582,0.006536,0.176922,0.007897,0.479167,0.052038,0.871528,0.094421,0.472222,0.079811,0.065972,0.053042,0.345954,0.009046,0.140903,0.007249,0.125861,0.011253,1.000000,0.000000,0.430556,0.104681
proposed_abstraction_failure_audit_v4,combined_adversarial_abstraction,2,48,0.519123,0.007975,0.212596,0.006026,0.172643,0.007542,0.510417,0.069055,0.868056,0.094280,0.395833,0.061226,0.059028,0.048133,0.344862,0.008206,0.143489,0.006423,0.126672,0.010050,1.000000,0.000000,0.461806,0.101658
proposed_abstraction_failure_audit_v4,combined_adversarial_abstraction,3,48,0.522184,0.008233,0.215577,0.005496,0.178493,0.006873,0.472222,0.059429,0.868056,0.094280,0.399306,0.063587,0.052083,0.045782,0.341472,0.007560,0.142677,0.006455,0.125217,0.008497,1.000000,0.000000,0.420139,0.099661
proposed_abstraction_failure_audit_v4,combined_adversarial_abstraction,4,48,0.518198,0.008239,0.215077,0.005487,0.176832,0.007580,0.486111,0.054008,0.868056,0.094280,0.357639,0.070131,0.052083,0.042570,0.342201,0.007438,0.145717,0.006518,0.122409,0.009343,1.000000,0.000000,0.420139,0.096281
proposed_abstraction_failure_audit_v4,combined_adversarial_abstraction,5,48,0.515608,0.007232,0.211936,0.005201,0.173596,0.006512,0.506944,0.068747,0.875000,0.094551,0.451389,0.048591,0.059028,0.049106,0.345726,0.007366,0.146205,0.005334,0.122491,0.007996,1.000000,0.000000,0.430556,0.090634
proposed_abstraction_failure_audit_v4,combined_adversarial_abstraction,6,48,0.519425,0.008254,0.214500,0.005623,0.178150,0.007196,0.545139,0.053926,0.868056,0.094280,0.420139,0.062271,0.055556,0.048955,0.342388,0.007492,0.144198,0.006860,0.122945,0.009944,1.000000,0.000000,0.395833,0.095112
proposed_abstraction_failure_audit_v4,combined_adversarial_abstraction,7,48,0.515963,0.007559,0.211619,0.005397,0.174040,0.007506,0.503472,0.061121,0.871528,0.094421,0.555556,0.071694,0.065972,0.053042,0.346531,0.007012,0.145980,0.006319,0.122372,0.010203,1.000000,0.000000,0.440972,0.096035
proposed_abstraction_failure_audit_v4,combined_adversarial_abstraction,8,48,0.520072,0.007757,0.218136,0.005714,0.180077,0.006899,0.437500,0.055555,0.871528,0.094421,0.343750,0.071080,0.065972,0.057327,0.339644,0.006418,0.145002,0.006175,0.121247,0.009580,1.000000,0.000000,0.420139,0.097744
proposed_abstraction_failure_audit_v4,combined_adversarial_abstraction,9,48,0.522078,0.007976,0.212000,0.005144,0.175789,0.007262,0.500000,0.057542,0.871528,0.094421,0.479167,0.065698,0.069444,0.055732,0.346888,0.008083,0.139379,0.005930,0.126857,0.009650,1.000000,0.000000,0.458333,0.096531
proposed_abstraction_failure_audit_v4,geometry_tolerance_shift,0,48,0.579994,0.009783,0.184872,0.006946,0.150919,0.007456,0.583333,0.044572,0.875000,0.094551,0.138889,0.043859,0.052083,0.043667,0.330865,0.009923,0.115605,0.007627,0.225143,0.011073,1.000000,0.000000,0.788194,0.082382
proposed_abstraction_failure_audit_v4,geometry_tolerance_shift,1,48,0.577915,0.008700,0.183915,0.006317,0.151222,0.007347,0.600694,0.051227,0.871528,0.094421,0.038194,0.022264,0.048611,0.037618,0.329585,0.007678,0.118580,0.006734,0.223939,0.010096,1.000000,0.000000,0.812500,0.086244
proposed_abstraction_failure_audit_v4,geometry_tolerance_shift,2,48,0.580008,0.008806,0.183191,0.007003,0.149856,0.007062,0.597222,0.058223,0.875000,0.094551,0.163194,0.049106,0.045139,0.038588,0.330886,0.008651,0.116334,0.006551,0.226889,0.009635,1.000000,0.000000,0.812500,0.079984
proposed_abstraction_failure_audit_v4,geometry_tolerance_shift,3,48,0.581114,0.008212,0.183024,0.005798,0.150463,0.007407,0.604167,0.055555,0.875000,0.094551,0.079861,0.030741,0.059028,0.047140,0.331418,0.008944,0.115333,0.006514,0.227431,0.009253,1.000000,0.000000,0.795139,0.089271
proposed_abstraction_failure_audit_v4,geometry_tolerance_shift,4,48,0.578741,0.009962,0.184650,0.006395,0.151671,0.007672,0.604167,0.060448,0.875000,0.094551,0.090278,0.029111,0.045139,0.040966,0.331390,0.009800,0.116515,0.007792,0.223257,0.010802,1.000000,0.000000,0.791667,0.085071
proposed_abstraction_failure_audit_v4,geometry_tolerance_shift,5,48,0.582465,0.008220,0.182712,0.006589,0.149308,0.007266,0.527778,0.050851,0.875000,0.094551,0.118056,0.040054,0.062500,0.052038,0.332622,0.008858,0.113675,0.006570,0.229289,0.010185,1.000000,0.000000,0.809028,0.081950
proposed_abstraction_failure_audit_v4,geometry_tolerance_shift,6,48,0.580035,0.008538,0.182392,0.005772,0.151314,0.007487,0.541667,0.064150,0.875000,0.094551,0.097222,0.032013,0.048611,0.041218,0.331523,0.008760,0.115932,0.006320,0.226061,0.009158,1.000000,0.000000,0.788194,0.086853
proposed_abstraction_failure_audit_v4,geometry_tolerance_shift,7,48,0.573842,0.009537,0.183700,0.005440,0.150677,0.007056,0.576389,0.054985,0.875000,0.094551,0.135417,0.038485,0.031250,0.028616,0.329977,0.007925,0.121309,0.006771,0.220218,0.008732,1.000000,0.000000,0.798611,0.082507
proposed_abstraction_failure_audit_v4,geometry_tolerance_shift,8,48,0.579389,0.009370,0.180748,0.006020,0.147900,0.007460,0.600694,0.053042,0.875000,0.094551,0.135417,0.044205,0.052083,0.043667,0.336182,0.009583,0.114430,0.007237,0.226871,0.010626,1.000000,0.000000,0.840278,0.075939
proposed_abstraction_failure_audit_v4,geometry_tolerance_shift,9,48,0.577475,0.009063,0.185422,0.006403,0.151198,0.007456,0.569444,0.051314,0.875000,0.094551,0.138889,0.034158,0.052083,0.045782,0.331285,0.008867,0.117666,0.007311,0.221928,0.009896,1.000000,0.000000,0.788194,0.083522
proposed_abstraction_failure_audit_v4,language_ambiguity_shift,0,48,0.591833,0.009327,0.170945,0.005872,0.144304,0.007610,0.569444,0.068661,0.864583,0.094128,0.076389,0.029111,0.038194,0.035391,0.326951,0.009768,0.112250,0.007100,0.251467,0.009037,1.000000,0.000000,0.875000,0.067736
proposed_abstraction_failure_audit_v4,language_ambiguity_shift,1,48,0.589189,0.009558,0.170127,0.005953,0.142492,0.007143,0.572917,0.058282,0.864583,0.094128,0.118056,0.044528,0.045139,0.043213,0.328131,0.008894,0.114750,0.007486,0.250106,0.010280,1.000000,0.000000,0.881944,0.066651
proposed_abstraction_failure_audit_v4,language_ambiguity_shift,2,48,0.589630,0.008934,0.173082,0.005797,0.144203,0.007562,0.607639,0.057943,0.864583,0.094629,0.163194,0.053706,0.045139,0.040966,0.326249,0.009172,0.114266,0.007028,0.248392,0.009376,1.000000,0.000000,0.875000,0.071804
proposed_abstraction_failure_audit_v4,language_ambiguity_shift,3,48,0.589096,0.007289,0.171750,0.005569,0.145580,0.007101,0.600694,0.065057,0.861111,0.093966,0.114583,0.033912,0.055556,0.043859,0.325944,0.007358,0.115306,0.004812,0.247766,0.008276,1.000000,0.000000,0.857639,0.077805
proposed_abstraction_failure_audit_v4,language_ambiguity_shift,4,48,0.589889,0.008773,0.172762,0.005539,0.145489,0.007210,0.631944,0.053236,0.864583,0.094128,0.142361,0.032243,0.041667,0.037037,0.324694,0.007970,0.114474,0.006450,0.248563,0.008665,1.000000,0.000000,0.878472,0.071301
proposed_abstraction_failure_audit_v4,language_ambiguity_shift,5,48,0.587368,0.008829,0.174691,0.005862,0.145047,0.007303,0.545139,0.053926,0.854167,0.093608,0.062500,0.030175,0.045139,0.040966,0.324310,0.008230,0.116536,0.006592,0.245403,0.009706,1.000000,0.000000,0.875000,0.068431
proposed_abstraction_failure_audit_v4,language_ambiguity_shift,6,48,0.585488,0.009685,0.172699,0.005352,0.143559,0.006822,0.576389,0.057508,0.857639,0.093792,0.125000,0.047150,0.034722,0.029111,0.325842,0.008305,0.118192,0.006531,0.245107,0.009631,1.000000,0.000000,0.888889,0.061000
proposed_abstraction_failure_audit_v4,language_ambiguity_shift,7,48,0.586919,0.009406,0.171858,0.005849,0.141430,0.006560,0.548611,0.054118,0.871528,0.094421,0.163194,0.049106,0.041667,0.035737,0.327838,0.008957,0.116080,0.007302,0.247720,0.009484,1.000000,0.000000,0.916667,0.049595
proposed_abstraction_failure_audit_v4,language_ambiguity_shift,8,48,0.587199,0.008603,0.174147,0.005559,0.144525,0.006745,0.600694,0.057327,0.861111,0.093966,0.100694,0.037342,0.034722,0.033635,0.322242,0.007260,0.117949,0.006270,0.246795,0.008156,1.000000,0.000000,0.875000,0.074392
proposed_abstraction_failure_audit_v4,language_ambiguity_shift,9,48,0.589425,0.008421,0.172865,0.006112,0.144649,0.007439,0.604167,0.056400,0.854167,0.094112,0.114583,0.049744,0.048611,0.037618,0.324753,0.008842,0.114977,0.007027,0.248620,0.009934,1.000000,0.000000,0.857639,0.065960
proposed_abstraction_failure_audit_v4,mechanics_ood_shift,0,48,0.556465,0.008966,0.196532,0.006058,0.174895,0.007519,0.548611,0.045577,0.875000,0.094551,0.204861,0.060927,0.048611,0.041218,0.328649,0.008432,0.129100,0.007539,0.178520,0.009701,1.000000,0.000000,0.513889,0.104228
proposed_abstraction_failure_audit_v4,mechanics_ood_shift,1,48,0.552303,0.008841,0.197626,0.005665,0.174105,0.007259,0.541667,0.056295,0.875000,0.094551,0.177083,0.048051,0.034722,0.032198,0.324894,0.006286,0.134904,0.006281,0.175869,0.009091,1.000000,0.000000,0.496528,0.101774
proposed_abstraction_failure_audit_v4,mechanics_ood_shift,2,48,0.558982,0.008442,0.193659,0.005905,0.171942,0.007465,0.576389,0.055838,0.875000,0.094551,0.187500,0.046264,0.045139,0.036053,0.328808,0.008598,0.127766,0.006905,0.184762,0.009094,1.000000,0.000000,0.562500,0.107266
proposed_abstraction_failure_audit_v4,mechanics_ood_shift,3,48,0.558981,0.008709,0.191515,0.006103,0.170628,0.007740,0.562500,0.054697,0.875000,0.094551,0.201389,0.035013,0.048611,0.040054,0.332094,0.009173,0.126079,0.007116,0.185571,0.010339,1.000000,0.000000,0.565972,0.103730
proposed_abstraction_failure_audit_v4,mechanics_ood_shift,4,48,0.555553,0.007767,0.196801,0.005942,0.174374,0.006982,0.527778,0.049912,0.875000,0.094551,0.128472,0.035391,0.048611,0.041218,0.325874,0.006573,0.131710,0.006116,0.178992,0.008221,1.000000,0.000000,0.538194,0.112691
proposed_abstraction_failure_audit_v4,mechanics_ood_shift,5,48,0.554674,0.008934,0.194473,0.006118,0.170403,0.007187,0.579861,0.056705,0.875000,0.094551,0.256944,0.054985,0.038194,0.031124,0.329798,0.008475,0.130456,0.007113,0.180675,0.009361,1.000000,0.000000,0.597222,0.101468
proposed_abstraction_failure_audit_v4,mechanics_ood_shift,6,48,0.554363,0.007887,0.198034,0.005650,0.174478,0.007246,0.520833,0.063501,0.875000,0.094551,0.250000,0.068776,0.048611,0.041218,0.326916,0.007453,0.131749,0.006337,0.176575,0.008341,1.000000,0.000000,0.545139,0.103730
proposed_abstraction_failure_audit_v4,mechanics_ood_shift,7,48,0.559422,0.010233,0.192031,0.006644,0.172534,0.008048,0.545139,0.061314,0.875000,0.094551,0.163194,0.044027,0.041667,0.037037,0.330661,0.009881,0.126097,0.008852,0.184942,0.011435,1.000000,0.000000,0.531250,0.112025
proposed_abstraction_failure_audit_v4,mechanics_ood_shift,8,48,0.554766,0.008444,0.192336,0.005529,0.172629,0.007532,0.545139,0.058147,0.875000,0.094551,0.194444,0.056155,0.045139,0.037342,0.329720,0.008302,0.131101,0.006448,0.180436,0.008968,1.000000,0.000000,0.579861,0.100134
proposed_abstraction_failure_audit_v4,mechanics_ood_shift,9,48,0.558348,0.007187,0.195990,0.006151,0.174896,0.007316,0.552083,0.066079,0.875000,0.094551,0.135417,0.038485,0.062500,0.052038,0.326908,0.007117,0.129149,0.005613,0.181447,0.009440,1.000000,0.000000,0.534722,0.106972
proposed_abstraction_failure_audit_v4,nominal_abstraction,0,48,0.623814,0.008948,0.154148,0.005831,0.137638,0.007098,0.642361,0.059949,0.875000,0.094551,0.013889,0.013170,0.034722,0.029111,0.323489,0.008503,0.101760,0.006055,0.299443,0.008303,1.000000,0.000000,0.940972,0.042939
proposed_abstraction_failure_audit_v4,nominal_abstraction,1,48,0.621933,0.010941,0.154128,0.005740,0.137915,0.007270,0.694444,0.055306,0.875000,0.094551,0.000000,0.000000,0.020833,0.025035,0.323414,0.009683,0.103358,0.008263,0.297406,0.009565,1.000000,0.000000,0.923611,0.052340
proposed_abstraction_failure_audit_v4,nominal_abstraction,2,48,0.624596,0.009954,0.152825,0.006043,0.138261,0.007022,0.715278,0.059924,0.875000,0.094551,0.031250,0.018598,0.034722,0.033635,0.324072,0.009059,0.101326,0.007014,0.300300,0.009284,1.000000,0.000000,0.934028,0.045350
proposed_abstraction_failure_audit_v4,nominal_abstraction,3,48,0.627897,0.007730,0.152679,0.005358,0.137456,0.007069,0.642361,0.054145,0.875000,0.094551,0.013889,0.013170,0.062500,0.052038,0.325722,0.008634,0.098135,0.005626,0.303572,0.008500,1.000000,0.000000,0.937500,0.049236
proposed_abstraction_failure_audit_v4,nominal_abstraction,4,48,0.625319,0.010246,0.153016,0.005776,0.138206,0.007566,0.687500,0.052939,0.875000,0.094551,0.020833,0.015759,0.034722,0.030693,0.327162,0.010591,0.099029,0.007545,0.299653,0.009306,1.000000,0.000000,0.906250,0.068019
proposed_abstraction_failure_audit_v4,nominal_abstraction,5,48,0.623268,0.008305,0.154607,0.005500,0.138996,0.007090,0.656250,0.049981,0.875000,0.094551,0.020833,0.015759,0.041667,0.035737,0.323275,0.008456,0.102481,0.005893,0.297743,0.007867,1.000000,0.000000,0.909722,0.061483
proposed_abstraction_failure_audit_v4,nominal_abstraction,6,48,0.623534,0.010036,0.153384,0.005967,0.138892,0.007426,0.684028,0.050763,0.875000,0.094551,0.027778,0.017758,0.031250,0.028616,0.324735,0.009226,0.101468,0.007353,0.298180,0.009573,1.000000,0.000000,0.913194,0.057533
proposed_abstraction_failure_audit_v4,nominal_abstraction,7,48,0.622849,0.008797,0.153619,0.005424,0.139682,0.006828,0.645833,0.058863,0.875000,0.094551,0.003472,0.006806,0.034722,0.029111,0.323442,0.008101,0.102777,0.005781,0.297334,0.007610,1.000000,0.000000,0.916667,0.048632
proposed_abstraction_failure_audit_v4,nominal_abstraction,8,48,0.625977,0.008582,0.152987,0.005755,0.138301,0.007086,0.670139,0.052818,0.875000,0.094551,0.010417,0.011534,0.048611,0.040054,0.324990,0.009040,0.099901,0.006039,0.301172,0.008822,1.000000,0.000000,0.940972,0.053706
proposed_abstraction_failure_audit_v4,nominal_abstraction,9,48,0.624211,0.009509,0.153403,0.005468,0.138920,0.007535,0.704861,0.056076,0.875000,0.094551,0.020833,0.018518,0.034722,0.032198,0.325726,0.009799,0.100875,0.007028,0.298410,0.008455,1.000000,0.000000,0.902778,0.067269
proposed_abstraction_failure_audit_v4,object_affordance_transfer,0,48,0.563379,0.009959,0.189102,0.005419,0.159912,0.007786,0.565972,0.056496,0.868056,0.094280,0.111111,0.032744,0.034722,0.030693,0.328729,0.008838,0.125906,0.007657,0.200497,0.009884,1.000000,0.000000,0.704861,0.100723
proposed_abstraction_failure_audit_v4,object_affordance_transfer,1,48,0.565793,0.009285,0.189293,0.006062,0.158713,0.008208,0.520833,0.061226,0.875000,0.094551,0.156250,0.046040,0.041667,0.038293,0.329288,0.008654,0.123408,0.007510,0.203429,0.010739,1.000000,0.000000,0.718750,0.098787
proposed_abstraction_failure_audit_v4,object_affordance_transfer,2,48,0.564673,0.008465,0.189723,0.005729,0.159066,0.007232,0.545139,0.058147,0.871528,0.094421,0.229167,0.057233,0.048611,0.041218,0.327309,0.007411,0.125467,0.006449,0.202636,0.009504,1.000000,0.000000,0.715278,0.095773
proposed_abstraction_failure_audit_v4,object_affordance_transfer,3,48,0.561819,0.008000,0.186791,0.005643,0.156412,0.006554,0.565972,0.063587,0.875000,0.094551,0.163194,0.035723,0.059028,0.049106,0.331927,0.007389,0.126137,0.005547,0.201454,0.009542,1.000000,0.000000,0.743056,0.084209
proposed_abstraction_failure_audit_v4,object_affordance_transfer,4,48,0.566716,0.008868,0.186055,0.006152,0.155964,0.007784,0.638889,0.053569,0.868056,0.094280,0.256944,0.053236,0.055556,0.046983,0.331397,0.008614,0.122394,0.006679,0.207323,0.010306,1.000000,0.000000,0.750000,0.090721
proposed_abstraction_failure_audit_v4,object_affordance_transfer,5,48,0.562512,0.009757,0.187129,0.006151,0.156608,0.007331,0.607639,0.056287,0.868056,0.094280,0.288194,0.057327,0.038194,0.035391,0.332118,0.008654,0.125561,0.007088,0.201730,0.009973,1.000000,0.000000,0.739583,0.091193
proposed_abstraction_failure_audit_v4,object_affordance_transfer,6,48,0.564973,0.008538,0.189182,0.005808,0.160701,0.007511,0.572917,0.055794,0.871528,0.094421,0.232639,0.060538,0.048611,0.043452,0.327502,0.007680,0.125253,0.006327,0.201991,0.009640,1.000000,0.000000,0.680556,0.100060
proposed_abstraction_failure_audit_v4,object_affordance_transfer,7,48,0.567405,0.008875,0.184141,0.005885,0.155714,0.007487,0.517361,0.064693,0.875000,0.094551,0.225694,0.061890,0.052083,0.044737,0.333804,0.009150,0.120915,0.007137,0.208292,0.009302,1.000000,0.000000,0.729167,0.095608
proposed_abstraction_failure_audit_v4,object_affordance_transfer,8,48,0.562124,0.008906,0.183824,0.005772,0.154789,0.007823,0.569444,0.051314,0.868056,0.094280,0.270833,0.057233,0.045139,0.037342,0.333836,0.009471,0.125433,0.007056,0.203847,0.009941,1.000000,0.000000,0.732639,0.093160
proposed_abstraction_failure_audit_v4,object_affordance_transfer,9,48,0.563378,0.008423,0.190453,0.005775,0.159988,0.007358,0.586806,0.065239,0.864583,0.094128,0.097222,0.028908,0.048611,0.040054,0.327388,0.007694,0.126406,0.006267,0.200221,0.009292,1.000000,0.000000,0.708333,0.095546
proposed_abstraction_failure_audit_v4,predicate_noise_shift,0,48,0.583252,0.008686,0.179257,0.005598,0.147558,0.007194,0.618056,0.059924,0.871528,0.094421,0.131944,0.048591,0.038194,0.031124,0.325804,0.008128,0.117310,0.006183,0.236203,0.008203,1.000000,0.000000,0.854167,0.075104
proposed_abstraction_failure_audit_v4,predicate_noise_shift,1,48,0.584769,0.009885,0.178373,0.005765,0.145914,0.007040,0.579861,0.052369,0.871528,0.094421,0.083333,0.030757,0.034722,0.027439,0.326876,0.009293,0.115554,0.007608,0.238967,0.009629,1.000000,0.000000,0.864583,0.072562
proposed_abstraction_failure_audit_v4,predicate_noise_shift,2,48,0.585067,0.008486,0.177712,0.005390,0.147266,0.007224,0.590278,0.059130,0.875000,0.094551,0.093750,0.034942,0.041667,0.035737,0.324600,0.007819,0.117059,0.006138,0.239631,0.008275,1.000000,0.000000,0.854167,0.075731
proposed_abstraction_failure_audit_v4,predicate_noise_shift,3,48,0.588009,0.009281,0.177916,0.005958,0.145691,0.007461,0.576389,0.056679,0.875000,0.094551,0.138889,0.044924,0.055556,0.051772,0.327368,0.008832,0.113180,0.007250,0.242425,0.010529,1.000000,0.000000,0.854167,0.079984
proposed_abstraction_failure_audit_v4,predicate_noise_shift,4,48,0.585263,0.008349,0.179249,0.005430,0.148245,0.007167,0.541667,0.049116,0.871528,0.094421,0.076389,0.030693,0.055556,0.051772,0.326450,0.008234,0.115332,0.006471,0.237454,0.008938,1.000000,0.000000,0.829861,0.085065
proposed_abstraction_failure_audit_v4,predicate_noise_shift,5,48,0.584318,0.007833,0.176231,0.005755,0.146218,0.006800,0.611111,0.056991,0.875000,0.094551,0.045139,0.030354,0.041667,0.038293,0.325921,0.007600,0.117026,0.005297,0.239941,0.008082,1.000000,0.000000,0.871528,0.055226
proposed_abstraction_failure_audit_v4,predicate_noise_shift,6,48,0.582310,0.008554,0.179971,0.005102,0.148954,0.007228,0.552083,0.064632,0.871528,0.094421,0.062500,0.028565,0.045139,0.042105,0.323989,0.007468,0.119057,0.006189,0.234605,0.008567,1.000000,0.000000,0.833333,0.081956
proposed_abstraction_failure_audit_v4,predicate_noise_shift,7,48,0.584254,0.008078,0.178278,0.005338,0.147962,0.007251,0.565972,0.058147,0.871528,0.094421,0.076389,0.035013,0.045139,0.042105,0.325932,0.008242,0.116645,0.005837,0.237429,0.008012,1.000000,0.000000,0.829861,0.075019
proposed_abstraction_failure_audit_v4,predicate_noise_shift,8,48,0.584676,0.006262,0.177733,0.005838,0.146526,0.006850,0.635417,0.052967,0.871528,0.094421,0.072917,0.030613,0.062500,0.050187,0.325317,0.006347,0.117007,0.004194,0.239459,0.008910,1.000000,0.000000,0.864583,0.074492
proposed_abstraction_failure_audit_v4,predicate_noise_shift,9,48,0.586018,0.007792,0.177246,0.005632,0.147863,0.007415,0.628472,0.063214,0.868056,0.094280,0.131944,0.051429,0.052083,0.042570,0.325460,0.008145,0.115656,0.005522,0.240061,0.008773,1.000000,0.000000,0.843750,0.079855
proposed_abstraction_failure_audit_v4,recovery_cost_pressure,0,48,0.557993,0.006576,0.187895,0.006206,0.164589,0.007133,0.510417,0.049981,0.871528,0.094421,0.173611,0.044528,0.062500,0.050187,0.344184,0.007901,0.127119,0.004915,0.185953,0.008515,1.000000,0.000000,0.656250,0.094504
proposed_abstraction_failure_audit_v4,recovery_cost_pressure,1,48,0.549775,0.008923,0.192031,0.005617,0.165877,0.007166,0.513889,0.059030,0.868056,0.094280,0.180556,0.038702,0.048611,0.045577,0.343397,0.007206,0.133428,0.006424,0.174739,0.009974,1.000000,0.000000,0.593750,0.094754
proposed_abstraction_failure_audit_v4,recovery_cost_pressure,2,48,0.556398,0.008104,0.191006,0.006029,0.164432,0.006698,0.559028,0.050996,0.875000,0.094551,0.201389,0.060709,0.052083,0.042570,0.344275,0.008035,0.127599,0.006268,0.182627,0.008672,1.000000,0.000000,0.656250,0.087756
proposed_abstraction_failure_audit_v4,recovery_cost_pressure,3,48,0.553996,0.009665,0.195401,0.005836,0.167029,0.007176,0.510417,0.058687,0.875000,0.094551,0.222222,0.048955,0.038194,0.037970,0.338617,0.007942,0.130919,0.008150,0.178183,0.009902,1.000000,0.000000,0.618056,0.100119
proposed_abstraction_failure_audit_v4,recovery_cost_pressure,4,48,0.559874,0.006511,0.191545,0.006258,0.166241,0.007533,0.527778,0.067620,0.871528,0.094421,0.177083,0.038177,0.072917,0.056636,0.342629,0.008114,0.125546,0.005680,0.185180,0.009441,1.000000,0.000000,0.628472,0.096404
proposed_abstraction_failure_audit_v4,recovery_cost_pressure,5,48,0.559521,0.009433,0.191551,0.006194,0.165547,0.007739,0.538194,0.065420,0.875000,0.094551,0.194444,0.062532,0.048611,0.043452,0.342904,0.009400,0.125386,0.007729,0.185207,0.010271,1.000000,0.000000,0.638889,0.098871
proposed_abstraction_failure_audit_v4,recovery_cost_pressure,6,48,0.555964,0.007357,0.192725,0.005964,0.166244,0.007134,0.531250,0.058888,0.875000,0.094551,0.288194,0.054796,0.048611,0.037618,0.340218,0.007516,0.129416,0.005709,0.181596,0.008497,1.000000,0.000000,0.663194,0.096035
proposed_abstraction_failure_audit_v4,recovery_cost_pressure,7,48,0.553419,0.008463,0.188436,0.005448,0.161198,0.007208,0.538194,0.047886,0.875000,0.094551,0.256944,0.051429,0.048611,0.040054,0.346887,0.008558,0.129550,0.006535,0.182371,0.009337,1.000000,0.000000,0.659722,0.089121
proposed_abstraction_failure_audit_v4,recovery_cost_pressure,8,48,0.558282,0.008845,0.191583,0.005938,0.166577,0.007360,0.538194,0.050763,0.871528,0.094421,0.114583,0.030997,0.045139,0.036053,0.341378,0.008754,0.126838,0.007153,0.183850,0.009261,1.000000,0.000000,0.611111,0.098392
proposed_abstraction_failure_audit_v4,recovery_cost_pressure,9,48,0.556137,0.007693,0.193152,0.005390,0.165411,0.007630,0.517361,0.063957,0.871528,0.094421,0.149306,0.051687,0.052083,0.044737,0.342005,0.007178,0.128624,0.005694,0.181371,0.009059,1.000000,0.000000,0.628472,0.100723
risk_bounded_abstraction_failure_audit_v5,combined_adversarial_abstraction,0,48,0.247047,0.020179,0.483884,0.017511,0.379525,0.015977,0.555556,0.055306,0.125000,0.038293,0.180556,0.042210,0.000000,0.000000,0.223631,0.009156,0.667555,0.034338,-0.400790,0.038843,0.128472,0.037970,0.079861,0.032243
risk_bounded_abstraction_failure_audit_v5,combined_adversarial_abstraction,1,48,0.230659,0.019195,0.501671,0.016243,0.394610,0.015674,0.545139,0.051227,0.072917,0.032121,0.197917,0.048296,0.000000,0.000000,0.210758,0.007455,0.699711,0.032861,-0.432948,0.037261,0.072917,0.032121,0.041667,0.024797
risk_bounded_abstraction_failure_audit_v5,combined_adversarial_abstraction,2,48,0.251737,0.018470,0.487703,0.015932,0.374348,0.015863,0.600694,0.056496,0.118056,0.038855,0.222222,0.056991,0.000000,0.000000,0.220283,0.008915,0.663341,0.031929,-0.393180,0.035885,0.118056,0.038855,0.076389,0.033635
risk_bounded_abstraction_failure_audit_v5,combined_adversarial_abstraction,3,48,0.256510,0.020022,0.468503,0.021078,0.368476,0.018383,0.524306,0.070131,0.149306,0.051687,0.281250,0.046804,0.003472,0.006806,0.232943,0.013892,0.646254,0.036965,-0.378360,0.040306,0.156250,0.051839,0.118056,0.050501
risk_bounded_abstraction_failure_audit_v5,combined_adversarial_abstraction,4,48,0.236454,0.017566,0.496700,0.015658,0.386432,0.014271,0.524306,0.072779,0.079861,0.029162,0.211806,0.053042,0.003472,0.006806,0.215081,0.007271,0.688324,0.030204,-0.420198,0.034065,0.083333,0.029179,0.062500,0.026858
risk_bounded_abstraction_failure_audit_v5,combined_adversarial_abstraction,5,48,0.246993,0.017108,0.482549,0.014772,0.373327,0.014408,0.472222,0.066917,0.121528,0.036053,0.256944,0.047608,0.000000,0.000000,0.223617,0.008476,0.665129,0.028941,-0.396433,0.032994,0.125000,0.035737,0.083333,0.029179
risk_bounded_abstraction_failure_audit_v5,combined_adversarial_abstraction,6,48,0.270883,0.017555,0.461162,0.014322,0.362926,0.014426,0.552083,0.057670,0.180556,0.043316,0.326389,0.065937,0.000000,0.000000,0.235350,0.009117,0.623887,0.029923,-0.356745,0.033901,0.184028,0.042663,0.107639,0.034374
risk_bounded_abstraction_failure_audit_v5,combined_adversarial_abstraction,7,48,0.259386,0.016217,0.473688,0.014919,0.368870,0.014916,0.552083,0.061635,0.142361,0.036379,0.326389,0.052340,0.000000,0.000000,0.228002,0.008960,0.645052,0.027991,-0.376701,0.032096,0.145833,0.035902,0.086806,0.032243
risk_bounded_abstraction_failure_audit_v5,combined_adversarial_abstraction,8,48,0.231922,0.017257,0.502221,0.013722,0.392286,0.015182,0.541667,0.062658,0.076389,0.030693,0.229167,0.038447,0.000000,0.000000,0.211390,0.006959,0.696845,0.029850,-0.430596,0.034132,0.076389,0.030693,0.041667,0.024797
risk_bounded_abstraction_failure_audit_v5,combined_adversarial_abstraction,9,48,0.255295,0.023215,0.472045,0.025550,0.369045,0.020525,0.552083,0.056844,0.149306,0.059354,0.302083,0.062776,0.003472,0.006806,0.231680,0.015689,0.647744,0.044597,-0.381509,0.046498,0.156250,0.059487,0.107639,0.052818
risk_bounded_abstraction_failure_audit_v5,geometry_tolerance_shift,0,48,0.323400,0.018184,0.445000,0.015968,0.344168,0.014119,0.618056,0.054985,0.027778,0.020247,0.059028,0.029962,0.000000,0.000000,0.200709,0.004528,0.607546,0.030256,-0.266798,0.035213,0.027778,0.020247,0.024306,0.019427
risk_bounded_abstraction_failure_audit_v5,geometry_tolerance_shift,1,48,0.320527,0.018157,0.447897,0.014823,0.348861,0.014815,0.579861,0.056705,0.006944,0.009522,0.059028,0.022789,0.000000,0.000000,0.196024,0.001404,0.615282,0.030080,-0.272763,0.035381,0.006944,0.009522,0.003472,0.006806
risk_bounded_abstraction_failure_audit_v5,geometry_tolerance_shift,2,48,0.327560,0.019829,0.441231,0.016978,0.342905,0.014562,0.621528,0.052142,0.027778,0.017758,0.086806,0.035055,0.000000,0.000000,0.200792,0.003850,0.602802,0.032372,-0.259579,0.037682,0.027778,0.017758,0.027778,0.017758
risk_bounded_abstraction_failure_audit_v5,geometry_tolerance_shift,3,48,0.329373,0.016554,0.439753,0.013932,0.342006,0.014415,0.600694,0.058955,0.031250,0.018598,0.055556,0.026339,0.000000,0.000000,0.201819,0.004229,0.599455,0.028157,-0.256692,0.032659,0.031250,0.018598,0.031250,0.018598
risk_bounded_abstraction_failure_audit_v5,geometry_tolerance_shift,4,48,0.324564,0.019090,0.442004,0.015576,0.343761,0.015199,0.635417,0.056427,0.038194,0.020027,0.065972,0.023302,0.000000,0.000000,0.203227,0.004506,0.604434,0.031291,-0.264662,0.036825,0.038194,0.020027,0.034722,0.019351
risk_bounded_abstraction_failure_audit_v5,geometry_tolerance_shift,5,48,0.323170,0.019060,0.446439,0.016190,0.345011,0.014563,0.638889,0.061000,0.013889,0.013170,0.062500,0.031704,0.000000,0.000000,0.198013,0.003012,0.610302,0.031640,-0.267338,0.036694,0.013889,0.013170,0.010417,0.011534
risk_bounded_abstraction_failure_audit_v5,geometry_tolerance_shift,6,48,0.317829,0.019409,0.449459,0.015731,0.352091,0.015881,0.642361,0.054145,0.000000,0.000000,0.003472,0.006806,0.000000,0.000000,0.195000,0.000000,0.620256,0.031883,-0.278262,0.037534,0.000000,0.000000,0.000000,0.000000
risk_bounded_abstraction_failure_audit_v5,geometry_tolerance_shift,7,48,0.328623,0.017038,0.439787,0.014434,0.342450,0.014376,0.631944,0.047608,0.034722,0.019351,0.086806,0.029162,0.000000,0.000000,0.202608,0.004427,0.599639,0.028250,-0.258112,0.033263,0.034722,0.019351,0.031250,0.018598
risk_bounded_abstraction_failure_audit_v5,geometry_tolerance_shift,8,48,0.317675,0.019861,0.450921,0.015992,0.348581,0.015927,0.663194,0.064142,0.006944,0.009522,0.038194,0.020027,0.000000,0.000000,0.196426,0.002034,0.618637,0.032135,-0.277336,0.038318,0.006944,0.009522,0.006944,0.009522
risk_bounded_abstraction_failure_audit_v5,geometry_tolerance_shift,9,48,0.320433,0.018186,0.447413,0.014897,0.345655,0.015561,0.614583,0.059288,0.024306,0.016817,0.055556,0.022462,0.000000,0.000000,0.200620,0.004006,0.611792,0.030205,-0.272198,0.035364,0.024306,0.016817,0.024306,0.016817
risk_bounded_abstraction_failure_audit_v5,language_ambiguity_shift,0,48,0.361833,0.018778,0.414423,0.015600,0.331139,0.015515,0.611111,0.063284,0.017361,0.014556,0.041667,0.020633,0.000000,0.000000,0.198787,0.003299,0.564159,0.031222,-0.200443,0.036514,0.017361,0.014556,0.017361,0.014556
risk_bounded_abstraction_failure_audit_v5,language_ambiguity_shift,1,48,0.359144,0.019082,0.418673,0.016140,0.331551,0.014522,0.635417,0.056427,0.003472,0.006806,0.038194,0.022264,0.000000,0.000000,0.195906,0.001776,0.569540,0.031563,-0.204684,0.036595,0.003472,0.006806,0.003472,0.006806
risk_bounded_abstraction_failure_audit_v5,language_ambiguity_shift,2,48,0.358275,0.019082,0.418767,0.015841,0.330755,0.015336,0.649306,0.058552,0.013889,0.013170,0.062500,0.034559,0.000000,0.000000,0.198296,0.003210,0.568696,0.031564,-0.206039,0.036907,0.013889,0.013170,0.013889,0.013170
risk_bounded_abstraction_failure_audit_v5,language_ambiguity_shift,3,48,0.356579,0.018420,0.418793,0.015255,0.335637,0.015033,0.656250,0.064081,0.003472,0.006806,0.013889,0.013170,0.000000,0.000000,0.195906,0.001776,0.573332,0.030622,-0.210260,0.035695,0.003472,0.006806,0.003472,0.006806
risk_bounded_abstraction_failure_audit_v5,language_ambiguity_shift,4,48,0.356352,0.019235,0.419485,0.015818,0.334947,0.015302,0.638889,0.048955,0.003472,0.006806,0.045139,0.027059,0.000000,0.000000,0.195992,0.001945,0.573465,0.031963,-0.210428,0.037208,0.003472,0.006806,0.003472,0.006806
risk_bounded_abstraction_failure_audit_v5,language_ambiguity_shift,5,48,0.361677,0.018583,0.413128,0.014436,0.326759,0.015307,0.607639,0.057943,0.034722,0.019351,0.062500,0.028565,0.000000,0.000000,0.202793,0.004522,0.560315,0.030667,-0.198377,0.036124,0.034722,0.019351,0.034722,0.019351
risk_bounded_abstraction_failure_audit_v5,language_ambiguity_shift,6,48,0.361434,0.017586,0.415804,0.014632,0.328518,0.014109,0.614583,0.059288,0.020833,0.015759,0.045139,0.025250,0.000000,0.000000,0.199765,0.003734,0.563465,0.029477,-0.200166,0.034221,0.020833,0.015759,0.020833,0.015759
risk_bounded_abstraction_failure_audit_v5,language_ambiguity_shift,7,48,0.369712,0.017295,0.409404,0.014913,0.320561,0.013966,0.614583,0.056844,0.045139,0.023302,0.100694,0.036053,0.000000,0.000000,0.204855,0.005483,0.548385,0.028759,-0.184585,0.033691,0.045139,0.023302,0.045139,0.023302
risk_bounded_abstraction_failure_audit_v5,language_ambiguity_shift,8,48,0.357468,0.019179,0.420711,0.015756,0.332023,0.014517,0.656250,0.049981,0.000000,0.000000,0.038194,0.020027,0.000000,0.000000,0.195000,0.000000,0.572245,0.031571,-0.207501,0.036948,0.000000,0.000000,0.000000,0.000000
risk_bounded_abstraction_failure_audit_v5,language_ambiguity_shift,9,48,0.362119,0.020709,0.414921,0.017245,0.328394,0.015283,0.621528,0.052142,0.024306,0.016817,0.024306,0.016817,0.000000,0.000000,0.200124,0.003742,0.562628,0.033926,-0.199031,0.039652,0.024306,0.016817,0.024306,0.016817
risk_bounded_abstraction_failure_audit_v5,mechanics_ood_shift,0,48,0.286318,0.018790,0.454551,0.016492,0.380218,0.014479,0.656250,0.056217,0.065972,0.028754,0.156250,0.046040,0.000000,0.000000,0.209382,0.006604,0.646639,0.031819,-0.339020,0.035873,0.065972,0.028754,0.052083,0.026019
risk_bounded_abstraction_failure_audit_v5,mechanics_ood_shift,1,48,0.284511,0.018654,0.459200,0.014732,0.381470,0.014697,0.583333,0.063034,0.045139,0.021175,0.111111,0.029715,0.000000,0.000000,0.204322,0.004644,0.653071,0.030894,-0.342298,0.036111,0.045139,0.021175,0.031250,0.018598
risk_bounded_abstraction_failure_audit_v5,mechanics_ood_shift,2,48,0.300766,0.017962,0.444109,0.014914,0.371692,0.013687,0.559028,0.056287,0.083333,0.023825,0.149306,0.040384,0.000000,0.000000,0.211217,0.004993,0.625674,0.029486,-0.313146,0.034853,0.083333,0.023825,0.055556,0.022462
risk_bounded_abstraction_failure_audit_v5,mechanics_ood_shift,3,48,0.289445,0.018936,0.454316,0.015620,0.380749,0.014488,0.576389,0.063003,0.048611,0.021658,0.093750,0.027349,0.000000,0.000000,0.205611,0.004948,0.646205,0.030967,-0.334554,0.036588,0.048611,0.021658,0.038194,0.020027
risk_bounded_abstraction_failure_audit_v5,mechanics_ood_shift,4,48,0.279943,0.019416,0.463302,0.015860,0.387486,0.015425,0.600694,0.060538,0.027778,0.017758,0.093750,0.033561,0.000000,0.000000,0.201079,0.004079,0.662916,0.032263,-0.352215,0.037387,0.027778,0.017758,0.020833,0.015759
risk_bounded_abstraction_failure_audit_v5,mechanics_ood_shift,5,48,0.290750,0.018214,0.455060,0.015583,0.375194,0.013799,0.513889,0.059030,0.059028,0.024778,0.152778,0.034843,0.000000,0.000000,0.208295,0.005963,0.641939,0.030485,-0.330808,0.034871,0.059028,0.024778,0.045139,0.023302
risk_bounded_abstraction_failure_audit_v5,mechanics_ood_shift,6,48,0.279585,0.020582,0.463426,0.017527,0.384596,0.016702,0.597222,0.065125,0.045139,0.030354,0.097222,0.034843,0.000000,0.000000,0.203422,0.005821,0.659872,0.034270,-0.351548,0.039784,0.045139,0.030354,0.031250,0.025094
risk_bounded_abstraction_failure_audit_v5,mechanics_ood_shift,7,48,0.276185,0.019871,0.465661,0.015928,0.392723,0.015588,0.586806,0.057533,0.013889,0.013170,0.111111,0.039309,0.000000,0.000000,0.197874,0.002841,0.670804,0.032715,-0.359765,0.038419,0.013889,0.013170,0.010417,0.011534
risk_bounded_abstraction_failure_audit_v5,mechanics_ood_shift,8,48,0.291598,0.016983,0.449969,0.014518,0.379311,0.013665,0.631944,0.062247,0.059028,0.026618,0.135417,0.047307,0.000000,0.000000,0.207776,0.005939,0.641290,0.028466,-0.329753,0.032953,0.059028,0.026618,0.048611,0.023742
risk_bounded_abstraction_failure_audit_v5,mechanics_ood_shift,9,48,0.272994,0.019921,0.469524,0.016329,0.393255,0.015276,0.576389,0.054985,0.006944,0.009522,0.034722,0.021658,0.000000,0.000000,0.196862,0.002553,0.675751,0.032522,-0.365155,0.038322,0.006944,0.009522,0.006944,0.009522
risk_bounded_abstraction_failure_audit_v5,nominal_abstraction,0,48,0.403778,0.019095,0.379875,0.015932,0.320176,0.015079,0.729167,0.055555,0.000000,0.000000,0.006944,0.009522,0.000000,0.000000,0.195000,0.000000,0.530179,0.031461,-0.128976,0.036835,0.000000,0.000000,0.000000,0.000000
risk_bounded_abstraction_failure_audit_v5,nominal_abstraction,1,48,0.403126,0.018725,0.379987,0.015275,0.321084,0.015360,0.666667,0.054154,0.000000,0.000000,0.017361,0.014556,0.000000,0.000000,0.195000,0.000000,0.531110,0.031159,-0.130347,0.036470,0.000000,0.000000,0.003472,0.006806
risk_bounded_abstraction_failure_audit_v5,nominal_abstraction,2,48,0.405463,0.018333,0.377197,0.015303,0.321654,0.014611,0.684028,0.056076,0.000000,0.000000,0.000000,0.000000,0.000000,0.000000,0.195000,0.000000,0.528428,0.030444,-0.126802,0.035504,0.000000,0.000000,0.000000,0.000000
risk_bounded_abstraction_failure_audit_v5,nominal_abstraction,3,48,0.404970,0.018241,0.378612,0.014993,0.320211,0.014942,0.659722,0.057508,0.000000,0.000000,0.000000,0.000000,0.000000,0.000000,0.195000,0.000000,0.528784,0.030558,-0.127076,0.035485,0.000000,0.000000,0.000000,0.000000
risk_bounded_abstraction_failure_audit_v5,nominal_abstraction,4,48,0.404650,0.018149,0.376699,0.015053,0.320398,0.014960,0.649306,0.063214,0.017361,0.014556,0.010417,0.011534,0.000000,0.000000,0.198963,0.003483,0.526768,0.030583,-0.128086,0.035265,0.017361,0.014556,0.017361,0.014556
risk_bounded_abstraction_failure_audit_v5,nominal_abstraction,5,48,0.404823,0.018303,0.377896,0.014965,0.320286,0.014791,0.680556,0.048469,0.006944,0.009522,0.010417,0.011534,0.000000,0.000000,0.196760,0.002413,0.527826,0.030310,-0.127602,0.035626,0.006944,0.009522,0.006944,0.009522
risk_bounded_abstraction_failure_audit_v5,nominal_abstraction,6,48,0.401594,0.019566,0.379801,0.015620,0.323936,0.015327,0.718750,0.046804,0.000000,0.000000,0.000000,0.000000,0.000000,0.000000,0.195000,0.000000,0.533473,0.032100,-0.133825,0.037836,0.000000,0.000000,0.000000,0.000000
risk_bounded_abstraction_failure_audit_v5,nominal_abstraction,7,48,0.402901,0.018034,0.378281,0.014918,0.324190,0.014479,0.784722,0.046604,0.000000,0.000000,0.000000,0.000000,0.000000,0.000000,0.195000,0.000000,0.531930,0.030126,-0.131819,0.035056,0.000000,0.000000,0.000000,0.000000
risk_bounded_abstraction_failure_audit_v5,nominal_abstraction,8,48,0.404193,0.018858,0.378463,0.015581,0.321745,0.014830,0.677083,0.050918,0.000000,0.000000,0.000000,0.000000,0.000000,0.000000,0.195000,0.000000,0.529945,0.031183,-0.128872,0.036425,0.000000,0.000000,0.000000,0.000000
risk_bounded_abstraction_failure_audit_v5,nominal_abstraction,9,48,0.400830,0.018449,0.380485,0.015101,0.324113,0.015534,0.725694,0.058754,0.000000,0.000000,0.013889,0.013170,0.000000,0.000000,0.195000,0.000000,0.534398,0.030902,-0.135113,0.035995,0.000000,0.000000,0.000000,0.000000
risk_bounded_abstraction_failure_audit_v5,object_affordance_transfer,0,48,0.300219,0.018782,0.458590,0.014845,0.366832,0.015809,0.618056,0.059130,0.000000,0.000000,0.045139,0.023302,0.000000,0.000000,0.195000,0.000000,0.638185,0.031305,-0.311782,0.036721,0.000000,0.000000,0.000000,0.000000
risk_bounded_abstraction_failure_audit_v5,object_affordance_transfer,1,48,0.313890,0.019714,0.446200,0.014967,0.354390,0.016477,0.628472,0.062461,0.041667,0.020633,0.055556,0.024477,0.000000,0.000000,0.203721,0.004548,0.612467,0.032243,-0.285630,0.038421,0.041667,0.020633,0.041667,0.020633
risk_bounded_abstraction_failure_audit_v5,object_affordance_transfer,2,48,0.324167,0.018661,0.434822,0.016597,0.344808,0.014356,0.631944,0.053236,0.069444,0.033458,0.121528,0.042105,0.000000,0.000000,0.211016,0.008157,0.593022,0.031498,-0.264918,0.035934,0.069444,0.033458,0.065972,0.033325
risk_bounded_abstraction_failure_audit_v5,object_affordance_transfer,3,48,0.310965,0.018794,0.450106,0.015444,0.356294,0.014607,0.579861,0.064510,0.027778,0.017758,0.086806,0.029162,0.000000,0.000000,0.201171,0.004094,0.618711,0.030933,-0.291120,0.036188,0.027778,0.017758,0.024306,0.016817
risk_bounded_abstraction_failure_audit_v5,object_affordance_transfer,4,48,0.335890,0.017448,0.426882,0.017144,0.337270,0.012835,0.572917,0.059088,0.090278,0.038855,0.170139,0.052818,0.000000,0.000000,0.214066,0.008814,0.574161,0.030720,-0.244444,0.033214,0.090278,0.038855,0.069444,0.036175
risk_bounded_abstraction_failure_audit_v5,object_affordance_transfer,5,48,0.315355,0.018084,0.445667,0.014950,0.353333,0.014367,0.611111,0.054444,0.041667,0.020633,0.114583,0.035279,0.000000,0.000000,0.203776,0.004588,0.610409,0.029964,-0.283118,0.034979,0.041667,0.020633,0.034722,0.019351
risk_bounded_abstraction_failure_audit_v5,object_affordance_transfer,6,48,0.310105,0.019111,0.449037,0.015960,0.360263,0.014864,0.621528,0.051227,0.024306,0.016817,0.090278,0.027439,0.000000,0.000000,0.200458,0.003921,0.621162,0.032023,-0.293918,0.036934,0.024306,0.016817,0.020833,0.015759
risk_bounded_abstraction_failure_audit_v5,object_affordance_transfer,7,48,0.320800,0.020121,0.438011,0.016706,0.349136,0.015569,0.621528,0.062081,0.055556,0.024477,0.111111,0.032744,0.000000,0.000000,0.207099,0.005501,0.600813,0.033015,-0.271606,0.038600,0.055556,0.024477,0.052083,0.024133
risk_bounded_abstraction_failure_audit_v5,object_affordance_transfer,8,48,0.319475,0.018929,0.441837,0.015204,0.351752,0.015589,0.590278,0.056679,0.045139,0.021175,0.069444,0.030500,0.000000,0.000000,0.204589,0.004769,0.605260,0.031467,-0.275979,0.036894,0.045139,0.021175,0.041667,0.020633
risk_bounded_abstraction_failure_audit_v5,object_affordance_transfer,9,48,0.306044,0.018937,0.451147,0.015964,0.359257,0.015748,0.649306,0.060927,0.020833,0.015759,0.062500,0.033162,0.000000,0.000000,0.200727,0.004113,0.625218,0.031443,-0.298592,0.036684,0.024306,0.016817,0.024306,0.016817
risk_bounded_abstraction_failure_audit_v5,predicate_noise_shift,0,48,0.351266,0.018493,0.421899,0.014897,0.331189,0.015119,0.618056,0.056679,0.045139,0.021175,0.076389,0.030693,0.000000,0.000000,0.204427,0.004656,0.571264,0.030834,-0.217751,0.036025,0.045139,0.021175,0.045139,0.021175
risk_bounded_abstraction_failure_audit_v5,predicate_noise_shift,1,48,0.341528,0.018570,0.433387,0.015077,0.336859,0.014257,0.579861,0.056705,0.006944,0.009522,0.027778,0.017758,0.000000,0.000000,0.196774,0.002432,0.589540,0.030640,-0.235020,0.035937,0.006944,0.009522,0.006944,0.009522
risk_bounded_abstraction_failure_audit_v5,predicate_noise_shift,2,48,0.349239,0.018238,0.425174,0.014995,0.334312,0.014963,0.586806,0.054145,0.017361,0.014556,0.055556,0.024477,0.000000,0.000000,0.198773,0.003285,0.578242,0.030472,-0.221552,0.035306,0.017361,0.014556,0.017361,0.014556
risk_bounded_abstraction_failure_audit_v5,predicate_noise_shift,3,48,0.350363,0.019768,0.421544,0.016208,0.327226,0.015422,0.628472,0.056913,0.041667,0.020633,0.090278,0.032198,0.000000,0.000000,0.204469,0.004881,0.571218,0.032411,-0.215613,0.038061,0.041667,0.020633,0.041667,0.020633
risk_bounded_abstraction_failure_audit_v5,predicate_noise_shift,4,48,0.338355,0.018842,0.434455,0.015524,0.340349,0.014922,0.590278,0.062247,0.006944,0.009522,0.034722,0.025657,0.000000,0.000000,0.196503,0.002168,0.593997,0.031673,-0.241211,0.036543,0.006944,0.009522,0.006944,0.009522
risk_bounded_abstraction_failure_audit_v5,predicate_noise_shift,5,48,0.365296,0.017673,0.410227,0.015486,0.322243,0.012858,0.590278,0.050501,0.065972,0.025250,0.104167,0.031704,0.000000,0.000000,0.209053,0.005857,0.549420,0.029167,-0.192453,0.034130,0.065972,0.025250,0.062500,0.025035
risk_bounded_abstraction_failure_audit_v5,predicate_noise_shift,6,48,0.344440,0.018481,0.428735,0.015046,0.336121,0.014979,0.597222,0.053125,0.020833,0.015759,0.104167,0.028565,0.000000,0.000000,0.199724,0.003697,0.583779,0.030889,-0.230117,0.035867,0.020833,0.015759,0.020833,0.015759
risk_bounded_abstraction_failure_audit_v5,predicate_noise_shift,7,48,0.346064,0.017961,0.427269,0.014931,0.335580,0.014434,0.659722,0.060709,0.024306,0.016817,0.052083,0.024133,0.000000,0.000000,0.199808,0.003453,0.581363,0.029939,-0.227289,0.034982,0.024306,0.016817,0.020833,0.015759
risk_bounded_abstraction_failure_audit_v5,predicate_noise_shift,8,48,0.343073,0.020599,0.432010,0.016337,0.337936,0.015770,0.635417,0.064997,0.000000,0.000000,0.000000,0.000000,0.000000,0.000000,0.195000,0.000000,0.589173,0.033376,-0.232707,0.039727,0.000000,0.000000,0.000000,0.000000
risk_bounded_abstraction_failure_audit_v5,predicate_noise_shift,9,48,0.342320,0.019660,0.431225,0.015813,0.340446,0.015727,0.628472,0.058552,0.000000,0.000000,0.041667,0.020633,0.000000,0.000000,0.195000,0.000000,0.590529,0.032300,-0.234812,0.038166,0.000000,0.000000,0.000000,0.000000
risk_bounded_abstraction_failure_audit_v5,recovery_cost_pressure,0,48,0.311584,0.019609,0.440959,0.017232,0.363316,0.014414,0.625000,0.057951,0.059028,0.028340,0.114583,0.036595,0.000000,0.000000,0.208898,0.007035,0.606568,0.032951,-0.293497,0.037085,0.059028,0.028340,0.052083,0.026019
risk_bounded_abstraction_failure_audit_v5,recovery_cost_pressure,1,48,0.283780,0.019708,0.466431,0.015652,0.380122,0.015807,0.538194,0.066850,0.006944,0.009522,0.069444,0.028908,0.000000,0.000000,0.196540,0.002191,0.651152,0.032589,-0.342985,0.038221,0.006944,0.009522,0.003472,0.006806
risk_bounded_abstraction_failure_audit_v5,recovery_cost_pressure,2,48,0.297687,0.019601,0.453943,0.016281,0.368911,0.014908,0.597222,0.054008,0.038194,0.026170,0.107639,0.037024,0.000000,0.000000,0.204049,0.006411,0.627143,0.032554,-0.316917,0.037347,0.038194,0.026170,0.034722,0.025657
risk_bounded_abstraction_failure_audit_v5,recovery_cost_pressure,3,48,0.301085,0.018370,0.451391,0.015255,0.364493,0.013990,0.569444,0.065125,0.055556,0.022462,0.104167,0.030175,0.000000,0.000000,0.207909,0.005467,0.619581,0.030171,-0.310479,0.035220,0.055556,0.022462,0.048611,0.021658
risk_bounded_abstraction_failure_audit_v5,recovery_cost_pressure,4,48,0.308334,0.020445,0.442479,0.017034,0.362077,0.015974,0.517361,0.060927,0.072917,0.030613,0.149306,0.049823,0.000000,0.000000,0.210551,0.007203,0.608157,0.033870,-0.297431,0.039014,0.072917,0.030613,0.062500,0.028565
risk_bounded_abstraction_failure_audit_v5,recovery_cost_pressure,5,48,0.303050,0.018249,0.447224,0.014700,0.364285,0.015042,0.621528,0.053926,0.055556,0.022462,0.086806,0.029162,0.000000,0.000000,0.208751,0.005759,0.616894,0.029980,-0.306300,0.035795,0.055556,0.022462,0.048611,0.021658
risk_bounded_abstraction_failure_audit_v5,recovery_cost_pressure,6,48,0.298451,0.019607,0.453533,0.016454,0.369300,0.014746,0.593750,0.062208,0.034722,0.021658,0.072917,0.030613,0.000000,0.000000,0.203415,0.005678,0.626940,0.032735,-0.315928,0.037635,0.034722,0.021658,0.034722,0.021658
risk_bounded_abstraction_failure_audit_v5,recovery_cost_pressure,7,48,0.296398,0.018786,0.457749,0.015755,0.368950,0.015283,0.604167,0.058053,0.024306,0.016817,0.090278,0.023742,0.000000,0.000000,0.200626,0.004047,0.630924,0.031431,-0.319003,0.036203,0.024306,0.016817,0.017361,0.014556
risk_bounded_abstraction_failure_audit_v5,recovery_cost_pressure,8,48,0.288934,0.019400,0.462066,0.015750,0.378476,0.014921,0.590278,0.057508,0.006944,0.009522,0.072917,0.029027,0.000000,0.000000,0.196501,0.002125,0.644786,0.032101,-0.334098,0.037440,0.006944,0.009522,0.006944,0.009522
risk_bounded_abstraction_failure_audit_v5,recovery_cost_pressure,9,48,0.297806,0.018593,0.454489,0.014546,0.367570,0.015552,0.579861,0.052369,0.041667,0.020633,0.114583,0.037866,0.000000,0.000000,0.204319,0.004849,0.626258,0.030911,-0.316262,0.036452,0.041667,0.020633,0.034722,0.019351
runtime_monitor_replanner,combined_adversarial_abstraction,0,48,0.361538,0.023633,0.285713,0.028974,0.223094,0.024688,0.194444,0.035516,0.236111,0.079515,0.434028,0.073907,0.010417,0.015088,0.254559,0.019023,0.338483,0.047507,-0.071718,0.050682,0.753472,0.074703,0.430556,0.096695
runtime_monitor_replanner,combined_adversarial_abstraction,1,48,0.379268,0.016038,0.264738,0.019933,0.204920,0.015423,0.211806,0.046381,0.284722,0.067357,0.479167,0.062752,0.003472,0.006806,0.267726,0.013991,0.301030,0.030108,-0.034267,0.032985,0.805556,0.053569,0.440972,0.076270
runtime_monitor_replanner,combined_adversarial_abstraction,2,48,0.360134,0.016061,0.289069,0.019050,0.219529,0.016399,0.204861,0.053486,0.197917,0.067144,0.413194,0.059155,0.010417,0.015088,0.248028,0.013738,0.339920,0.030171,-0.069759,0.033443,0.753472,0.047639,0.378472,0.089005
runtime_monitor_replanner,combined_adversarial_abstraction,3,48,0.360575,0.018036,0.287485,0.020346,0.221984,0.016708,0.184028,0.046888,0.208333,0.071142,0.475694,0.051457,0.010417,0.011534,0.249809,0.015123,0.338808,0.032303,-0.070914,0.035906,0.753472,0.047639,0.381944,0.089121
runtime_monitor_replanner,combined_adversarial_abstraction,4,48,0.381763,0.015938,0.266451,0.018339,0.205806,0.015400,0.197917,0.056427,0.298611,0.070110,0.520833,0.056400,0.010417,0.011534,0.269274,0.013875,0.302180,0.029005,-0.034054,0.032243,0.788194,0.045350,0.454861,0.078861
runtime_monitor_replanner,combined_adversarial_abstraction,5,48,0.351226,0.018825,0.308112,0.022928,0.238343,0.018872,0.256944,0.048591,0.243056,0.069432,0.371528,0.041539,0.006944,0.009522,0.245889,0.014960,0.371055,0.036144,-0.102360,0.039812,0.673611,0.056679,0.437500,0.081158
runtime_monitor_replanner,combined_adversarial_abstraction,6,48,0.362680,0.021587,0.290694,0.024213,0.227884,0.020691,0.184028,0.053486,0.250000,0.078416,0.416667,0.053273,0.013889,0.016372,0.253500,0.017735,0.343612,0.039362,-0.076469,0.043539,0.718750,0.059288,0.406250,0.089623
runtime_monitor_replanner,combined_adversarial_abstraction,7,48,0.354784,0.021125,0.300266,0.025436,0.234032,0.023321,0.194444,0.046983,0.222222,0.071031,0.361111,0.068316,0.010417,0.011534,0.246142,0.016193,0.359605,0.042117,-0.091254,0.046271,0.701389,0.068747,0.402778,0.092187
runtime_monitor_replanner,combined_adversarial_abstraction,8,48,0.377751,0.017944,0.269552,0.020118,0.210413,0.017069,0.218750,0.042570,0.291667,0.075653,0.548611,0.052340,0.003472,0.006806,0.266094,0.015577,0.308095,0.032865,-0.041846,0.036193,0.781250,0.050686,0.479167,0.079391
runtime_monitor_replanner,combined_adversarial_abstraction,9,48,0.367059,0.020074,0.283474,0.025335,0.220767,0.020883,0.236111,0.045448,0.263889,0.072023,0.423611,0.067357,0.010417,0.015088,0.258503,0.016911,0.331115,0.040354,-0.064880,0.043028,0.746528,0.066673,0.434028,0.087936
runtime_monitor_replanner,geometry_tolerance_shift,0,48,0.404111,0.023572,0.287929,0.032473,0.224196,0.025596,0.243056,0.051429,0.208333,0.088344,0.142361,0.035055,0.013889,0.019043,0.224566,0.020720,0.359375,0.047184,-0.018627,0.051883,0.590278,0.092251,0.520833,0.104587
runtime_monitor_replanner,geometry_tolerance_shift,1,48,0.402406,0.024325,0.291696,0.034329,0.227441,0.027428,0.309028,0.061507,0.208333,0.088878,0.104167,0.035902,0.006944,0.009522,0.221571,0.021530,0.366114,0.050457,-0.023595,0.055023,0.572917,0.100566,0.524306,0.111319
runtime_monitor_replanner,geometry_tolerance_shift,2,48,0.402926,0.023914,0.294646,0.033848,0.229280,0.027580,0.256944,0.049555,0.204861,0.086033,0.138889,0.042766,0.010417,0.011534,0.219705,0.020947,0.368549,0.049586,-0.025326,0.054555,0.555556,0.100296,0.493056,0.105637
runtime_monitor_replanner,geometry_tolerance_shift,3,48,0.410416,0.022056,0.276346,0.029334,0.216062,0.026060,0.232639,0.048378,0.211806,0.086307,0.194444,0.045965,0.003472,0.006806,0.227543,0.019642,0.343761,0.043968,-0.000998,0.049411,0.628472,0.088204,0.562500,0.101371
runtime_monitor_replanner,geometry_tolerance_shift,4,48,0.396374,0.024792,0.298197,0.034115,0.233404,0.028548,0.260417,0.053190,0.194444,0.090373,0.125000,0.045099,0.010417,0.015088,0.218385,0.021932,0.376124,0.051039,-0.036353,0.055878,0.559028,0.100840,0.513889,0.110826
runtime_monitor_replanner,geometry_tolerance_shift,5,48,0.399737,0.025170,0.295225,0.035473,0.227595,0.026943,0.295139,0.056913,0.187500,0.092080,0.125000,0.034388,0.010417,0.011534,0.218377,0.022356,0.370044,0.050996,-0.027080,0.055627,0.569444,0.100532,0.510417,0.114840
runtime_monitor_replanner,geometry_tolerance_shift,6,48,0.406645,0.022672,0.285478,0.030500,0.225329,0.025616,0.232639,0.043213,0.222222,0.086084,0.197917,0.037236,0.006944,0.009522,0.225321,0.019468,0.357798,0.044985,-0.015804,0.050270,0.586806,0.090193,0.538194,0.100723
runtime_monitor_replanner,geometry_tolerance_shift,7,48,0.417314,0.021114,0.266448,0.027397,0.208795,0.023179,0.274306,0.049106,0.232639,0.088472,0.232639,0.049346,0.006944,0.013611,0.234479,0.019242,0.327567,0.040007,0.013960,0.045347,0.656250,0.079260,0.572917,0.096730
runtime_monitor_replanner,geometry_tolerance_shift,8,48,0.406992,0.023662,0.279973,0.032395,0.217245,0.027333,0.222222,0.050851,0.208333,0.088344,0.170139,0.052818,0.006944,0.009522,0.227170,0.020663,0.348521,0.048186,-0.007220,0.053455,0.625000,0.097506,0.576389,0.101060
runtime_monitor_replanner,geometry_tolerance_shift,9,48,0.404353,0.023930,0.288308,0.032695,0.224139,0.026140,0.277778,0.056991,0.218750,0.091322,0.194444,0.048955,0.006944,0.013611,0.224757,0.021636,0.358238,0.047959,-0.018644,0.052457,0.586806,0.093287,0.503472,0.110251
runtime_monitor_replanner,language_ambiguity_shift,0,48,0.417588,0.020580,0.281377,0.029825,0.224691,0.025027,0.256944,0.052340,0.145833,0.086244,0.118056,0.036339,0.000000,0.000000,0.207698,0.020049,0.358337,0.043091,0.005379,0.047342,0.552083,0.092863,0.513889,0.100060
runtime_monitor_replanner,language_ambiguity_shift,1,48,0.424827,0.021513,0.271503,0.031448,0.218113,0.027183,0.274306,0.047140,0.163194,0.092523,0.152778,0.053125,0.003472,0.006806,0.214045,0.021940,0.344441,0.045471,0.020416,0.049800,0.579861,0.103844,0.548611,0.108290
runtime_monitor_replanner,language_ambiguity_shift,2,48,0.412006,0.020115,0.289508,0.030221,0.228411,0.025251,0.277778,0.050851,0.128472,0.082094,0.142361,0.043486,0.000000,0.000000,0.203028,0.019694,0.368294,0.043178,-0.005636,0.047524,0.534722,0.095278,0.510417,0.100801
runtime_monitor_replanner,language_ambiguity_shift,3,48,0.418830,0.020522,0.278499,0.029744,0.223045,0.024979,0.263889,0.050383,0.145833,0.089475,0.180556,0.042210,0.000000,0.000000,0.208812,0.020985,0.354065,0.042566,0.009007,0.046625,0.562500,0.093608,0.520833,0.103221
runtime_monitor_replanner,language_ambiguity_shift,4,48,0.403617,0.022243,0.305245,0.033846,0.244856,0.029880,0.274306,0.060342,0.111111,0.084978,0.079861,0.027492,0.000000,0.000000,0.193156,0.021965,0.393884,0.049442,-0.030847,0.054072,0.468750,0.110751,0.451389,0.113827
runtime_monitor_replanner,language_ambiguity_shift,5,48,0.421925,0.018803,0.265391,0.026156,0.208547,0.022198,0.270833,0.053826,0.145833,0.083457,0.236111,0.048469,0.003472,0.006806,0.217177,0.018512,0.335309,0.037237,0.026630,0.042128,0.635417,0.079409,0.590278,0.088054
runtime_monitor_replanner,language_ambiguity_shift,6,48,0.411418,0.020312,0.289152,0.030848,0.228063,0.025505,0.250000,0.043498,0.114583,0.082046,0.142361,0.044561,0.000000,0.000000,0.201149,0.020369,0.368277,0.043742,-0.004978,0.047765,0.538194,0.099304,0.489583,0.099383
runtime_monitor_replanner,language_ambiguity_shift,7,48,0.420559,0.020011,0.271573,0.029029,0.212260,0.024295,0.250000,0.046646,0.135417,0.084600,0.194444,0.050851,0.000000,0.000000,0.211955,0.020131,0.342601,0.041460,0.021199,0.045699,0.607639,0.090976,0.572917,0.097703
runtime_monitor_replanner,language_ambiguity_shift,8,48,0.402883,0.022472,0.310121,0.035049,0.245853,0.029753,0.246528,0.046635,0.111111,0.084978,0.055556,0.022462,0.000000,0.000000,0.191299,0.022168,0.399091,0.049964,-0.034347,0.054899,0.451389,0.114655,0.437500,0.118176
runtime_monitor_replanner,language_ambiguity_shift,9,48,0.420552,0.020357,0.271137,0.028061,0.214028,0.023828,0.288194,0.048378,0.138889,0.086632,0.211806,0.053042,0.000000,0.000000,0.212146,0.019800,0.343505,0.040783,0.020092,0.045674,0.604167,0.084583,0.569444,0.092187
runtime_monitor_replanner,mechanics_ood_shift,0,48,0.346550,0.024019,0.334369,0.030277,0.280446,0.027338,0.236111,0.053125,0.118056,0.075314,0.156250,0.035613,0.006944,0.009522,0.200064,0.018907,0.440952,0.049135,-0.133332,0.053340,0.503472,0.082811,0.343750,0.099858
runtime_monitor_replanner,mechanics_ood_shift,1,48,0.368733,0.025653,0.304787,0.032492,0.252605,0.028892,0.256944,0.044528,0.173611,0.080769,0.232639,0.056496,0.003472,0.006806,0.218752,0.019658,0.392568,0.052382,-0.081795,0.057311,0.597222,0.093207,0.434028,0.107756
runtime_monitor_replanner,mechanics_ood_shift,2,48,0.356157,0.024832,0.317379,0.031922,0.264230,0.028392,0.197917,0.050217,0.111111,0.081570,0.173611,0.051429,0.000000,0.000000,0.204575,0.019613,0.416617,0.050969,-0.104089,0.055865,0.565972,0.090062,0.388889,0.110613
runtime_monitor_replanner,mechanics_ood_shift,3,48,0.371443,0.021768,0.288085,0.026621,0.238595,0.023616,0.250000,0.048632,0.114583,0.077906,0.340278,0.057508,0.000000,0.000000,0.217198,0.017606,0.370308,0.042759,-0.058658,0.047286,0.677083,0.073694,0.434028,0.107316
runtime_monitor_replanner,mechanics_ood_shift,4,48,0.369733,0.023647,0.301832,0.029902,0.253590,0.027385,0.284722,0.054118,0.159722,0.075939,0.263889,0.062152,0.003472,0.006806,0.216858,0.018654,0.389697,0.049253,-0.078995,0.052972,0.600694,0.085757,0.385417,0.100684
runtime_monitor_replanner,mechanics_ood_shift,5,48,0.365364,0.021714,0.308144,0.029889,0.251216,0.024929,0.250000,0.055021,0.142361,0.072779,0.274306,0.058754,0.000000,0.000000,0.213075,0.017657,0.394857,0.046014,-0.083727,0.049900,0.597222,0.084699,0.402778,0.101001
runtime_monitor_replanner,mechanics_ood_shift,6,48,0.361964,0.023399,0.313539,0.030261,0.261370,0.027567,0.263889,0.054877,0.152778,0.083007,0.246528,0.050530,0.003472,0.006806,0.212332,0.019098,0.405578,0.048453,-0.097254,0.052905,0.569444,0.088522,0.416667,0.105207
runtime_monitor_replanner,mechanics_ood_shift,7,48,0.369004,0.023358,0.300435,0.028688,0.253636,0.025988,0.236111,0.047483,0.156250,0.081031,0.288194,0.054796,0.003472,0.006806,0.217043,0.018533,0.390063,0.046364,-0.079024,0.051267,0.607639,0.080494,0.444444,0.104455
runtime_monitor_replanner,mechanics_ood_shift,8,48,0.385648,0.020223,0.281278,0.024472,0.238522,0.022834,0.267361,0.052142,0.204861,0.072290,0.333333,0.045621,0.006944,0.009522,0.230457,0.015856,0.357558,0.039400,-0.046021,0.044465,0.652778,0.067269,0.458333,0.094049
runtime_monitor_replanner,mechanics_ood_shift,9,48,0.383912,0.023621,0.284000,0.028827,0.238423,0.025364,0.267361,0.045350,0.197917,0.085158,0.277778,0.063284,0.006944,0.009522,0.228944,0.019149,0.359225,0.046320,-0.048629,0.050967,0.649306,0.077347,0.454861,0.100488
runtime_monitor_replanner,nominal_abstraction,0,48,0.442539,0.023422,0.282298,0.035434,0.239192,0.031266,0.315972,0.051687,0.128472,0.094421,0.031250,0.023132,0.000000,0.000000,0.191128,0.024241,0.374889,0.051166,0.026315,0.056041,0.434028,0.123314,0.430556,0.123733
runtime_monitor_replanner,nominal_abstraction,1,48,0.442461,0.023352,0.284445,0.036196,0.243325,0.032884,0.319444,0.064395,0.135417,0.094128,0.034722,0.023742,0.000000,0.000000,0.190781,0.024593,0.378603,0.052365,0.022160,0.057393,0.420139,0.129397,0.416667,0.130130
runtime_monitor_replanner,nominal_abstraction,2,48,0.439101,0.023987,0.291817,0.037717,0.250483,0.033351,0.309028,0.049585,0.128472,0.094421,0.010417,0.011534,0.000000,0.000000,0.186024,0.025304,0.390257,0.053693,0.011369,0.058835,0.385417,0.133062,0.385417,0.133062
runtime_monitor_replanner,nominal_abstraction,3,48,0.442594,0.022736,0.284371,0.035799,0.244171,0.032731,0.329861,0.057943,0.128472,0.094421,0.013889,0.013170,0.000000,0.000000,0.189306,0.024776,0.379360,0.051670,0.022348,0.056251,0.416667,0.130493,0.413194,0.131212
runtime_monitor_replanner,nominal_abstraction,4,48,0.443688,0.022680,0.271159,0.033714,0.232030,0.030579,0.319444,0.059826,0.125000,0.094551,0.045139,0.025250,0.000000,0.000000,0.196771,0.023605,0.361970,0.049256,0.036711,0.054002,0.493056,0.118310,0.479167,0.121725
runtime_monitor_replanner,nominal_abstraction,5,48,0.442633,0.023031,0.279913,0.035314,0.239781,0.031807,0.288194,0.050295,0.128472,0.094421,0.038194,0.026170,0.000000,0.000000,0.192222,0.024512,0.373317,0.050866,0.026907,0.055717,0.444444,0.126567,0.430556,0.128606
runtime_monitor_replanner,nominal_abstraction,6,48,0.444501,0.022861,0.273551,0.034042,0.235201,0.030935,0.315972,0.051687,0.128472,0.094421,0.048611,0.025657,0.000000,0.000000,0.195139,0.023811,0.365110,0.049602,0.034538,0.054650,0.472222,0.120046,0.454861,0.122544
runtime_monitor_replanner,nominal_abstraction,7,48,0.439988,0.023519,0.284998,0.036167,0.247110,0.033161,0.333333,0.063034,0.125000,0.094551,0.027778,0.017758,0.000000,0.000000,0.188750,0.024858,0.382617,0.052653,0.017494,0.057529,0.416667,0.130855,0.416667,0.130855
runtime_monitor_replanner,nominal_abstraction,8,48,0.443223,0.022879,0.280892,0.035444,0.241354,0.031908,0.284722,0.048591,0.128472,0.094421,0.031250,0.020988,0.000000,0.000000,0.191128,0.024530,0.374816,0.050985,0.026256,0.055681,0.434028,0.127834,0.420139,0.129762
runtime_monitor_replanner,nominal_abstraction,9,48,0.441537,0.022230,0.278266,0.033924,0.239496,0.030884,0.361111,0.052678,0.121528,0.092139,0.062500,0.037196,0.000000,0.000000,0.192205,0.023510,0.372306,0.049329,0.026979,0.053867,0.454861,0.120990,0.437500,0.123653
runtime_monitor_replanner,object_affordance_transfer,0,48,0.394038,0.022731,0.283199,0.029870,0.227388,0.025584,0.270833,0.044172,0.180556,0.089055,0.277778,0.061771,0.006944,0.009522,0.224661,0.020787,0.354697,0.045231,-0.028294,0.049650,0.628472,0.086033,0.524306,0.105202
runtime_monitor_replanner,object_affordance_transfer,1,48,0.371460,0.024646,0.319060,0.033418,0.254881,0.029082,0.284722,0.050501,0.145833,0.088944,0.128472,0.036703,0.000000,0.000000,0.205260,0.021486,0.410155,0.050777,-0.083318,0.056130,0.513889,0.096695,0.427083,0.113805
runtime_monitor_replanner,object_affordance_transfer,2,48,0.382961,0.024371,0.303344,0.032610,0.241896,0.027509,0.319444,0.051314,0.166667,0.090721,0.211806,0.044295,0.003472,0.006806,0.214201,0.021810,0.385211,0.049909,-0.057108,0.054200,0.559028,0.092010,0.500000,0.105207
runtime_monitor_replanner,object_affordance_transfer,3,48,0.394831,0.023181,0.281849,0.029720,0.222831,0.024303,0.284722,0.051429,0.187500,0.095112,0.281250,0.048784,0.003472,0.006806,0.226373,0.021077,0.351747,0.044542,-0.024157,0.049232,0.638889,0.079811,0.552083,0.103006
runtime_monitor_replanner,object_affordance_transfer,4,48,0.391887,0.020663,0.281537,0.028113,0.221256,0.023337,0.263889,0.054877,0.149306,0.084367,0.277778,0.056155,0.000000,0.000000,0.221040,0.018801,0.353263,0.041256,-0.023545,0.045819,0.652778,0.080696,0.524306,0.098226
runtime_monitor_replanner,object_affordance_transfer,5,48,0.388305,0.022510,0.283618,0.030815,0.221958,0.024816,0.246528,0.048622,0.135417,0.088961,0.270833,0.062752,0.000000,0.000000,0.219135,0.020666,0.355330,0.045455,-0.028040,0.049321,0.656250,0.088828,0.493056,0.110452
runtime_monitor_replanner,object_affordance_transfer,6,48,0.394399,0.021151,0.283321,0.029874,0.228762,0.025042,0.295139,0.063957,0.190972,0.081950,0.239583,0.053190,0.003472,0.006806,0.225043,0.019489,0.356398,0.044275,-0.029155,0.048439,0.621528,0.088472,0.531250,0.101851
runtime_monitor_replanner,object_affordance_transfer,7,48,0.379141,0.023254,0.303477,0.032532,0.243103,0.027850,0.267361,0.056496,0.131944,0.084209,0.166667,0.044572,0.000000,0.000000,0.209059,0.020800,0.388922,0.048800,-0.059716,0.053549,0.569444,0.096204,0.482639,0.112691
runtime_monitor_replanner,object_affordance_transfer,8,48,0.380322,0.023377,0.300632,0.032529,0.237565,0.027335,0.281250,0.051610,0.125000,0.087267,0.215278,0.056679,0.000000,0.000000,0.209818,0.021240,0.382495,0.048412,-0.053215,0.052916,0.586806,0.095788,0.468750,0.115353
runtime_monitor_replanner,object_affordance_transfer,9,48,0.391909,0.020801,0.282004,0.028864,0.223925,0.024269,0.298611,0.054118,0.170139,0.085065,0.333333,0.066681,0.000000,0.000000,0.223707,0.019568,0.353462,0.043009,-0.026835,0.046525,0.645833,0.087334,0.503472,0.103159
runtime_monitor_replanner,predicate_noise_shift,0,48,0.399684,0.019873,0.295117,0.029189,0.230196,0.024743,0.305556,0.051772,0.118056,0.075314,0.204861,0.040384,0.003472,0.006806,0.204503,0.017966,0.376630,0.041973,-0.023117,0.047003,0.559028,0.090976,0.513889,0.100060
runtime_monitor_replanner,predicate_noise_shift,1,48,0.399978,0.020315,0.298816,0.030963,0.232055,0.025856,0.225694,0.053706,0.121528,0.079459,0.194444,0.054444,0.000000,0.000000,0.202274,0.019357,0.379891,0.044267,-0.025371,0.048474,0.538194,0.102584,0.482639,0.107537
runtime_monitor_replanner,predicate_noise_shift,2,48,0.390535,0.019425,0.319122,0.031262,0.251131,0.026868,0.250000,0.046646,0.093750,0.068711,0.125000,0.046136,0.000000,0.000000,0.188486,0.018231,0.411224,0.044552,-0.054534,0.048838,0.451389,0.105188,0.409722,0.108726
runtime_monitor_replanner,predicate_noise_shift,3,48,0.404280,0.024254,0.292182,0.033922,0.227078,0.028204,0.253472,0.049585,0.131944,0.089651,0.173611,0.063749,0.000000,0.000000,0.206191,0.021611,0.370888,0.049980,-0.015282,0.055357,0.559028,0.102699,0.506944,0.112993
runtime_monitor_replanner,predicate_noise_shift,4,48,0.408823,0.018893,0.279278,0.027092,0.218200,0.023065,0.250000,0.047649,0.135417,0.076373,0.253472,0.053264,0.000000,0.000000,0.212326,0.017872,0.352225,0.039808,0.000560,0.043847,0.611111,0.083292,0.559028,0.092010
runtime_monitor_replanner,predicate_noise_shift,5,48,0.419798,0.019747,0.269560,0.028492,0.212218,0.024235,0.225694,0.053706,0.173611,0.084209,0.243056,0.070781,0.000000,0.000000,0.219257,0.019259,0.338399,0.041771,0.018568,0.045926,0.618056,0.089651,0.590278,0.094280
runtime_monitor_replanner,predicate_noise_shift,6,48,0.401751,0.020084,0.297826,0.030188,0.233796,0.025356,0.274306,0.063400,0.138889,0.082148,0.159722,0.046604,0.000000,0.000000,0.204344,0.019770,0.378807,0.043420,-0.025145,0.047295,0.531250,0.095624,0.486111,0.103773
runtime_monitor_replanner,predicate_noise_shift,7,48,0.404305,0.019927,0.287974,0.029183,0.225529,0.024412,0.270833,0.049236,0.121528,0.082382,0.229167,0.061994,0.000000,0.000000,0.206361,0.019321,0.365847,0.042380,-0.011773,0.046207,0.576389,0.092762,0.524306,0.102929
runtime_monitor_replanner,predicate_noise_shift,8,48,0.397093,0.021811,0.309473,0.032822,0.242442,0.027638,0.243056,0.053236,0.121528,0.079459,0.131944,0.037618,0.000000,0.000000,0.196330,0.020199,0.395884,0.047334,-0.039418,0.052295,0.482639,0.104412,0.461806,0.108413
runtime_monitor_replanner,predicate_noise_shift,9,48,0.406106,0.020413,0.294677,0.030708,0.233412,0.026478,0.250000,0.050540,0.156250,0.080445,0.149306,0.041539,0.000000,0.000000,0.206785,0.019421,0.375429,0.044512,-0.019712,0.049163,0.527778,0.097910,0.500000,0.102474
runtime_monitor_replanner,recovery_cost_pressure,0,48,0.366045,0.021982,0.321227,0.029537,0.263182,0.024998,0.208333,0.048143,0.142361,0.077805,0.131944,0.032198,0.000000,0.000000,0.211622,0.020740,0.411710,0.044093,-0.098639,0.048788,0.503472,0.081661,0.395833,0.099011
runtime_monitor_replanner,recovery_cost_pressure,1,48,0.370812,0.019388,0.301341,0.024894,0.244771,0.021885,0.243056,0.043452,0.142361,0.072779,0.211806,0.044295,0.000000,0.000000,0.223906,0.017801,0.382409,0.037856,-0.074242,0.042692,0.604167,0.067823,0.423611,0.098211
runtime_monitor_replanner,recovery_cost_pressure,2,48,0.378192,0.021398,0.299568,0.027573,0.243300,0.023740,0.222222,0.047979,0.177083,0.082763,0.253472,0.046635,0.000000,0.000000,0.227934,0.020425,0.376692,0.042087,-0.066466,0.046401,0.586806,0.076579,0.465278,0.099170
runtime_monitor_replanner,recovery_cost_pressure,3,48,0.354706,0.020413,0.332516,0.028769,0.270310,0.025921,0.184028,0.044825,0.118056,0.070110,0.173611,0.045577,0.000000,0.000000,0.205625,0.019048,0.428241,0.043979,-0.119139,0.048094,0.489583,0.087756,0.378472,0.099542
runtime_monitor_replanner,recovery_cost_pressure,4,48,0.398165,0.019473,0.273997,0.025595,0.224139,0.021676,0.218750,0.049744,0.243056,0.075314,0.375000,0.064150,0.006944,0.009522,0.248889,0.018062,0.337392,0.037860,-0.026666,0.042229,0.652778,0.074604,0.500000,0.088076
runtime_monitor_replanner,recovery_cost_pressure,5,48,0.394971,0.018424,0.266750,0.023209,0.215829,0.019579,0.243056,0.050501,0.180556,0.078316,0.378472,0.075803,0.006944,0.009522,0.244604,0.018716,0.328468,0.034843,-0.017874,0.038370,0.708333,0.064883,0.496528,0.094546
runtime_monitor_replanner,recovery_cost_pressure,6,48,0.362119,0.020054,0.318869,0.028625,0.256485,0.023343,0.236111,0.053125,0.111111,0.069005,0.190972,0.048622,0.003472,0.006806,0.211365,0.018829,0.407279,0.042039,-0.096267,0.045657,0.541667,0.084513,0.399306,0.096649
runtime_monitor_replanner,recovery_cost_pressure,7,48,0.381815,0.020047,0.290828,0.022384,0.235988,0.021217,0.243056,0.053236,0.159722,0.079589,0.312500,0.050187,0.003472,0.006806,0.229712,0.018715,0.365176,0.035730,-0.053255,0.040906,0.621528,0.056496,0.454861,0.088472
runtime_monitor_replanner,recovery_cost_pressure,8,48,0.372594,0.021611,0.303612,0.027955,0.247772,0.023669,0.236111,0.051314,0.138889,0.080988,0.239583,0.053190,0.000000,0.000000,0.220326,0.020525,0.385122,0.042796,-0.074433,0.046506,0.579861,0.078410,0.427083,0.097703
runtime_monitor_replanner,recovery_cost_pressure,9,48,0.386177,0.020195,0.278914,0.026988,0.224399,0.023179,0.215278,0.048591,0.170139,0.079310,0.364583,0.075124,0.003472,0.006806,0.238333,0.019715,0.347255,0.040626,-0.037260,0.044517,0.677083,0.077449,0.520833,0.095112
semantic_model_predictive_planner,combined_adversarial_abstraction,0,48,0.537656,0.024125,0.226565,0.019179,0.185355,0.013800,0.368056,0.052340,0.774306,0.103159,0.336806,0.050996,0.062500,0.048266,0.371021,0.017340,0.154503,0.039068,0.116964,0.037678,0.836806,0.071135,0.635417,0.080592
semantic_model_predictive_planner,combined_adversarial_abstraction,1,48,0.539843,0.026047,0.225860,0.022249,0.186227,0.016279,0.375000,0.051005,0.774306,0.107646,0.298611,0.055838,0.059028,0.046125,0.371588,0.019744,0.152942,0.044175,0.118693,0.042235,0.833333,0.079017,0.607639,0.082238
semantic_model_predictive_planner,combined_adversarial_abstraction,2,48,0.544507,0.023716,0.219633,0.020282,0.177325,0.015096,0.368056,0.056679,0.788194,0.099542,0.309028,0.072126,0.062500,0.058053,0.376519,0.018786,0.143851,0.037775,0.131308,0.037680,0.850694,0.072290,0.666667,0.086995
semantic_model_predictive_planner,combined_adversarial_abstraction,3,48,0.536410,0.026928,0.235313,0.023011,0.192531,0.017164,0.371528,0.056076,0.767361,0.105986,0.236111,0.043316,0.041667,0.040688,0.363018,0.021427,0.163758,0.045808,0.108839,0.043496,0.809028,0.087532,0.600694,0.095169
semantic_model_predictive_planner,combined_adversarial_abstraction,4,48,0.540984,0.019908,0.218533,0.016084,0.177433,0.011479,0.402778,0.061387,0.805556,0.096450,0.430556,0.063656,0.048611,0.037618,0.375738,0.017370,0.143900,0.032034,0.128674,0.029619,0.854167,0.065698,0.618056,0.079589
semantic_model_predictive_planner,combined_adversarial_abstraction,5,48,0.535609,0.024804,0.234260,0.021678,0.188378,0.015251,0.336806,0.062650,0.774306,0.101774,0.284722,0.063749,0.034722,0.032198,0.364393,0.020593,0.162337,0.041834,0.111060,0.039453,0.809028,0.083663,0.590278,0.092251
semantic_model_predictive_planner,combined_adversarial_abstraction,6,48,0.536090,0.022652,0.233544,0.020038,0.190556,0.014114,0.409722,0.052340,0.774306,0.101308,0.312500,0.058863,0.038194,0.031124,0.363930,0.019568,0.161177,0.039255,0.110583,0.036041,0.812500,0.079984,0.604167,0.084022
semantic_model_predictive_planner,combined_adversarial_abstraction,7,48,0.535768,0.021820,0.222303,0.018609,0.180071,0.013095,0.385417,0.060080,0.791667,0.099428,0.326389,0.056679,0.045139,0.034716,0.374518,0.018112,0.153086,0.035891,0.119883,0.033960,0.836806,0.072453,0.649306,0.080347
semantic_model_predictive_planner,combined_adversarial_abstraction,8,48,0.539183,0.022082,0.224377,0.018091,0.183680,0.013684,0.340278,0.059130,0.784722,0.098211,0.322917,0.050918,0.062500,0.052038,0.373422,0.016969,0.150951,0.035344,0.119958,0.034536,0.847222,0.065848,0.635417,0.081176
semantic_model_predictive_planner,combined_adversarial_abstraction,9,48,0.536693,0.021969,0.222890,0.018620,0.182695,0.014197,0.378472,0.060538,0.781250,0.099264,0.381944,0.051429,0.052083,0.044737,0.375609,0.018034,0.153071,0.036601,0.118121,0.034865,0.833333,0.072133,0.656250,0.076836
semantic_model_predictive_planner,geometry_tolerance_shift,0,48,0.599137,0.027228,0.201448,0.022425,0.163295,0.017839,0.447917,0.059288,0.770833,0.113688,0.065972,0.036053,0.017361,0.017506,0.353832,0.025333,0.129928,0.044214,0.216115,0.042195,0.788194,0.105090,0.767361,0.103730
semantic_model_predictive_planner,geometry_tolerance_shift,1,48,0.594443,0.029603,0.205759,0.024886,0.167294,0.019451,0.423611,0.061483,0.756944,0.118709,0.093750,0.034942,0.010417,0.011534,0.348500,0.027190,0.139278,0.048398,0.208281,0.046548,0.767361,0.113736,0.732639,0.111637
semantic_model_predictive_planner,geometry_tolerance_shift,2,48,0.601732,0.025233,0.198785,0.020551,0.162704,0.016936,0.468750,0.056427,0.770833,0.111164,0.114583,0.030997,0.013889,0.013170,0.353729,0.024961,0.127752,0.041252,0.220724,0.038728,0.784722,0.103830,0.756944,0.102915
semantic_model_predictive_planner,geometry_tolerance_shift,3,48,0.594480,0.030797,0.206014,0.026744,0.166245,0.019735,0.468750,0.061250,0.756944,0.120685,0.045139,0.028754,0.006944,0.009522,0.349195,0.028441,0.139340,0.050262,0.208634,0.048534,0.763889,0.117457,0.715278,0.116699
semantic_model_predictive_planner,geometry_tolerance_shift,4,48,0.592615,0.029584,0.207440,0.025309,0.167859,0.019190,0.420139,0.058350,0.760417,0.119086,0.052083,0.026019,0.006944,0.009522,0.347904,0.027698,0.139406,0.048832,0.205322,0.046318,0.767361,0.115797,0.715278,0.115067
semantic_model_predictive_planner,geometry_tolerance_shift,5,48,0.598161,0.027221,0.202897,0.022731,0.164689,0.018240,0.440972,0.061121,0.770833,0.112853,0.086806,0.030741,0.003472,0.006806,0.350232,0.026513,0.133240,0.044776,0.214807,0.042413,0.774306,0.111106,0.750000,0.110041
semantic_model_predictive_planner,geometry_tolerance_shift,6,48,0.595756,0.028284,0.199788,0.024242,0.163247,0.018414,0.402778,0.059030,0.767361,0.116204,0.045139,0.021175,0.013889,0.016372,0.354094,0.026304,0.133497,0.046583,0.213622,0.044496,0.781250,0.109678,0.732639,0.108631
semantic_model_predictive_planner,geometry_tolerance_shift,7,48,0.597046,0.028914,0.203000,0.024144,0.165712,0.019257,0.406250,0.059883,0.763889,0.117859,0.052083,0.022086,0.013889,0.016372,0.351126,0.026877,0.134133,0.047469,0.212520,0.045351,0.777778,0.111465,0.725694,0.111531
semantic_model_predictive_planner,geometry_tolerance_shift,8,48,0.601971,0.026772,0.198587,0.021629,0.161489,0.017536,0.434028,0.058147,0.770833,0.114517,0.076389,0.030693,0.027778,0.022462,0.356089,0.024037,0.125635,0.043411,0.220961,0.041819,0.798611,0.100591,0.743056,0.103374
semantic_model_predictive_planner,geometry_tolerance_shift,9,48,0.592068,0.028942,0.208075,0.024852,0.166861,0.018267,0.447917,0.049744,0.756944,0.117507,0.107639,0.032969,0.013889,0.013170,0.349192,0.026727,0.140009,0.047716,0.204584,0.045200,0.770833,0.110737,0.729167,0.109449
semantic_model_predictive_planner,language_ambiguity_shift,0,48,0.605231,0.026420,0.197614,0.021879,0.164831,0.018090,0.430556,0.055732,0.736111,0.114603,0.069444,0.025425,0.006944,0.009522,0.340664,0.027466,0.139476,0.042435,0.228858,0.040553,0.743056,0.111306,0.722222,0.110184
semantic_model_predictive_planner,language_ambiguity_shift,1,48,0.604904,0.026950,0.198181,0.022890,0.163831,0.018281,0.427083,0.056636,0.736111,0.118260,0.052083,0.029431,0.006944,0.009522,0.340019,0.027591,0.140196,0.043608,0.229192,0.041678,0.743056,0.115067,0.715278,0.114242
semantic_model_predictive_planner,language_ambiguity_shift,2,48,0.603725,0.025972,0.198933,0.021821,0.164297,0.017629,0.454861,0.051227,0.746528,0.113424,0.062500,0.033162,0.000000,0.000000,0.339917,0.027123,0.139778,0.041842,0.227285,0.039930,0.746528,0.113424,0.715278,0.110452
semantic_model_predictive_planner,language_ambiguity_shift,3,48,0.613962,0.025821,0.188373,0.021561,0.158401,0.017208,0.496528,0.056287,0.763889,0.116243,0.079861,0.027492,0.017361,0.017506,0.349094,0.026069,0.123863,0.041411,0.244038,0.039659,0.781250,0.107939,0.746528,0.106097
semantic_model_predictive_planner,language_ambiguity_shift,4,48,0.606457,0.024803,0.195503,0.021359,0.162887,0.017328,0.427083,0.051381,0.746528,0.114255,0.086806,0.025714,0.010417,0.015088,0.342710,0.026190,0.135764,0.040667,0.231849,0.038700,0.756944,0.109593,0.736111,0.109970
semantic_model_predictive_planner,language_ambiguity_shift,5,48,0.604290,0.026442,0.198200,0.022055,0.162540,0.016736,0.402778,0.053125,0.739583,0.112130,0.076389,0.037618,0.017361,0.022264,0.343371,0.025852,0.138509,0.041771,0.228089,0.040497,0.756944,0.104737,0.725694,0.103616
semantic_model_predictive_planner,language_ambiguity_shift,6,48,0.606879,0.026900,0.196056,0.023269,0.161264,0.018138,0.430556,0.054877,0.753472,0.118721,0.055556,0.029715,0.003472,0.006806,0.342260,0.027740,0.134482,0.044045,0.233307,0.041817,0.756944,0.117104,0.732639,0.115797
semantic_model_predictive_planner,language_ambiguity_shift,7,48,0.603130,0.026263,0.199213,0.022749,0.161760,0.017958,0.461806,0.056076,0.746528,0.117520,0.045139,0.025250,0.006944,0.009522,0.339481,0.026792,0.139458,0.043249,0.228536,0.041153,0.753472,0.114255,0.736111,0.113358
semantic_model_predictive_planner,language_ambiguity_shift,8,48,0.613089,0.024974,0.189399,0.020702,0.156467,0.016910,0.444444,0.058628,0.767361,0.113319,0.090278,0.036339,0.013889,0.013170,0.347752,0.025378,0.124877,0.040260,0.244526,0.038653,0.781250,0.106172,0.763889,0.105581
semantic_model_predictive_planner,language_ambiguity_shift,9,48,0.605210,0.026619,0.197591,0.022734,0.164128,0.018511,0.479167,0.047276,0.736111,0.120636,0.024306,0.016817,0.006944,0.009522,0.339026,0.027726,0.137959,0.044097,0.230044,0.041692,0.743056,0.117507,0.722222,0.116039
semantic_model_predictive_planner,mechanics_ood_shift,0,48,0.563052,0.028696,0.219550,0.023126,0.192381,0.018961,0.423611,0.065216,0.760417,0.111708,0.173611,0.053236,0.024306,0.021726,0.346084,0.024364,0.159927,0.047768,0.151843,0.045419,0.784722,0.099646,0.628472,0.107096
semantic_model_predictive_planner,mechanics_ood_shift,1,48,0.559622,0.028622,0.222048,0.024631,0.191614,0.019002,0.420139,0.054145,0.756944,0.113410,0.072917,0.034942,0.006944,0.009522,0.342706,0.025802,0.165904,0.049104,0.148935,0.045647,0.763889,0.109970,0.618056,0.105637
semantic_model_predictive_planner,mechanics_ood_shift,2,48,0.563550,0.026895,0.217088,0.022293,0.189112,0.017659,0.447917,0.052519,0.763889,0.108235,0.069444,0.028908,0.013889,0.013170,0.345138,0.024382,0.159989,0.045023,0.156520,0.042170,0.777778,0.100767,0.659722,0.103830
semantic_model_predictive_planner,mechanics_ood_shift,3,48,0.558489,0.025334,0.219637,0.022148,0.191645,0.017443,0.361111,0.055306,0.763889,0.109106,0.149306,0.039196,0.010417,0.015088,0.341385,0.023648,0.165517,0.044677,0.149734,0.040887,0.774306,0.104072,0.621528,0.106875
semantic_model_predictive_planner,mechanics_ood_shift,4,48,0.560484,0.026565,0.220167,0.021820,0.192611,0.017536,0.440972,0.062650,0.746528,0.108739,0.159722,0.040054,0.027778,0.026339,0.344678,0.023094,0.165469,0.044726,0.149342,0.042041,0.774306,0.095541,0.628472,0.096893
semantic_model_predictive_planner,mechanics_ood_shift,5,48,0.564221,0.027636,0.220389,0.022545,0.190517,0.018443,0.420139,0.059949,0.763889,0.109970,0.100694,0.028754,0.010417,0.011534,0.343567,0.024327,0.160272,0.046410,0.154926,0.043713,0.774306,0.104525,0.614583,0.103006
semantic_model_predictive_planner,mechanics_ood_shift,6,48,0.572832,0.025866,0.212681,0.020878,0.185283,0.016508,0.413194,0.060733,0.770833,0.105935,0.187500,0.066414,0.031250,0.030224,0.353695,0.022464,0.145589,0.042797,0.167522,0.040341,0.802083,0.090542,0.659722,0.099170
semantic_model_predictive_planner,mechanics_ood_shift,7,48,0.564623,0.028140,0.219365,0.022953,0.193268,0.018359,0.444444,0.056991,0.753472,0.109174,0.145833,0.041976,0.013889,0.013170,0.344052,0.025090,0.161623,0.046903,0.153737,0.044067,0.767361,0.101890,0.621528,0.104638
semantic_model_predictive_planner,mechanics_ood_shift,8,48,0.566288,0.029859,0.217190,0.024018,0.191097,0.019868,0.413194,0.057533,0.756944,0.113827,0.038194,0.022264,0.020833,0.020917,0.345421,0.025262,0.158164,0.049766,0.157651,0.047379,0.777778,0.104001,0.621528,0.103273
semantic_model_predictive_planner,mechanics_ood_shift,9,48,0.561629,0.030128,0.222146,0.024779,0.194572,0.020601,0.430556,0.060611,0.743056,0.117104,0.118056,0.036339,0.017361,0.017506,0.342151,0.026176,0.165843,0.051366,0.148989,0.048327,0.760417,0.109137,0.621528,0.112481
semantic_model_predictive_planner,nominal_abstraction,0,48,0.640921,0.026287,0.174345,0.020920,0.155345,0.019375,0.524306,0.060733,0.746528,0.123410,0.003472,0.006806,0.003472,0.006806,0.339703,0.029032,0.120459,0.042319,0.285277,0.040253,0.750000,0.121871,0.743056,0.121076
semantic_model_predictive_planner,nominal_abstraction,1,48,0.640968,0.026551,0.174927,0.021824,0.154742,0.018501,0.486111,0.058223,0.750000,0.123796,0.003472,0.006806,0.000000,0.000000,0.339675,0.029388,0.119864,0.042385,0.285433,0.040115,0.750000,0.123796,0.732639,0.121381
semantic_model_predictive_planner,nominal_abstraction,2,48,0.642315,0.026718,0.172811,0.021334,0.155783,0.019470,0.520833,0.057233,0.750000,0.123796,0.006944,0.009522,0.000000,0.000000,0.340325,0.029490,0.119259,0.042687,0.286984,0.040765,0.750000,0.123796,0.739583,0.122994
semantic_model_predictive_planner,nominal_abstraction,3,48,0.640239,0.027196,0.175006,0.022119,0.155153,0.018889,0.500000,0.061515,0.746528,0.123410,0.013889,0.013170,0.003472,0.006806,0.339728,0.028861,0.121900,0.043215,0.284340,0.041660,0.750000,0.121871,0.732639,0.121381
semantic_model_predictive_planner,nominal_abstraction,4,48,0.638382,0.027591,0.176084,0.022314,0.157329,0.019540,0.451389,0.042350,0.750000,0.123796,0.013889,0.013170,0.000000,0.000000,0.339689,0.029395,0.122907,0.044039,0.280307,0.042319,0.750000,0.123796,0.729167,0.122886
semantic_model_predictive_planner,nominal_abstraction,5,48,0.641555,0.026568,0.173740,0.021522,0.154421,0.018399,0.486111,0.058223,0.753472,0.122254,0.006944,0.009522,0.003472,0.006806,0.341240,0.028789,0.118510,0.042135,0.286282,0.040297,0.756944,0.120685,0.743056,0.119503
semantic_model_predictive_planner,nominal_abstraction,6,48,0.642602,0.026318,0.172745,0.021108,0.155064,0.018546,0.569444,0.056575,0.753472,0.122254,0.031250,0.018598,0.003472,0.006806,0.342137,0.028755,0.117284,0.041897,0.287066,0.040065,0.756944,0.120685,0.746528,0.119515
semantic_model_predictive_planner,nominal_abstraction,7,48,0.640273,0.027562,0.174379,0.022450,0.156804,0.019192,0.541667,0.053716,0.750000,0.123796,0.000000,0.000000,0.000000,0.000000,0.340378,0.029494,0.121453,0.043763,0.283275,0.042084,0.750000,0.123796,0.743056,0.123398
semantic_model_predictive_planner,nominal_abstraction,8,48,0.641855,0.026756,0.173549,0.021791,0.154835,0.018627,0.468750,0.058888,0.750000,0.123796,0.003472,0.006806,0.003472,0.006806,0.340933,0.029102,0.119167,0.042545,0.286523,0.040612,0.753472,0.122254,0.743056,0.122242
semantic_model_predictive_planner,nominal_abstraction,9,48,0.639912,0.026801,0.175138,0.022250,0.155461,0.018093,0.482639,0.063957,0.753472,0.122254,0.003472,0.006806,0.000000,0.000000,0.340258,0.029071,0.120325,0.042688,0.283492,0.040572,0.753472,0.122254,0.739583,0.121446
semantic_model_predictive_planner,object_affordance_transfer,0,48,0.578751,0.029812,0.212266,0.025468,0.176648,0.019051,0.465278,0.058324,0.753472,0.116712,0.083333,0.030757,0.010417,0.011534,0.347367,0.027136,0.148548,0.048706,0.182557,0.046784,0.763889,0.111677,0.697917,0.110323
semantic_model_predictive_planner,object_affordance_transfer,1,48,0.579638,0.028217,0.209564,0.024728,0.172326,0.018272,0.375000,0.051925,0.756944,0.116699,0.065972,0.028754,0.013889,0.016372,0.349892,0.027018,0.144477,0.047041,0.187062,0.044297,0.770833,0.110310,0.677083,0.111071
semantic_model_predictive_planner,object_affordance_transfer,2,48,0.583969,0.025182,0.206278,0.021235,0.171196,0.016215,0.395833,0.054697,0.760417,0.109137,0.211806,0.052142,0.024306,0.025714,0.352824,0.023848,0.140053,0.040832,0.192880,0.039048,0.784722,0.097729,0.722222,0.102165
semantic_model_predictive_planner,object_affordance_transfer,3,48,0.579031,0.028632,0.209220,0.024285,0.173504,0.019157,0.468750,0.060473,0.750000,0.116310,0.156250,0.055369,0.017361,0.020027,0.351333,0.026540,0.147304,0.047523,0.185201,0.045310,0.767361,0.108631,0.697917,0.109029
semantic_model_predictive_planner,object_affordance_transfer,4,48,0.585143,0.026108,0.201917,0.022452,0.166511,0.017346,0.434028,0.058147,0.774306,0.111531,0.142361,0.051457,0.020833,0.025035,0.355465,0.024840,0.135613,0.043070,0.198849,0.041020,0.795139,0.102122,0.718750,0.107059
semantic_model_predictive_planner,object_affordance_transfer,5,48,0.579682,0.027556,0.212072,0.023137,0.175416,0.018175,0.402778,0.050383,0.760417,0.112130,0.038194,0.022264,0.006944,0.009522,0.346511,0.026127,0.146977,0.045250,0.184847,0.043006,0.767361,0.108631,0.687500,0.110737
semantic_model_predictive_planner,object_affordance_transfer,6,48,0.578271,0.028246,0.211482,0.024497,0.176586,0.018428,0.444444,0.061771,0.750000,0.116310,0.114583,0.037866,0.010417,0.011534,0.347088,0.026981,0.149211,0.047060,0.182692,0.044211,0.760417,0.111283,0.687500,0.111589
semantic_model_predictive_planner,object_affordance_transfer,7,48,0.578667,0.028435,0.212421,0.024258,0.176298,0.018419,0.447917,0.057670,0.750000,0.113844,0.104167,0.031704,0.013889,0.021383,0.345891,0.025825,0.150485,0.046809,0.183255,0.045100,0.763889,0.108235,0.711806,0.105986
semantic_model_predictive_planner,object_affordance_transfer,8,48,0.581557,0.026939,0.209819,0.023400,0.172950,0.017796,0.430556,0.050383,0.767361,0.112481,0.104167,0.030175,0.003472,0.006806,0.346483,0.026421,0.143871,0.044780,0.189815,0.042212,0.770833,0.110737,0.694444,0.108889
semantic_model_predictive_planner,object_affordance_transfer,9,48,0.579278,0.027745,0.209221,0.023474,0.174232,0.018620,0.454861,0.044295,0.763889,0.113775,0.104167,0.026858,0.013889,0.013170,0.349651,0.025386,0.145572,0.045941,0.185629,0.043831,0.777778,0.106695,0.708333,0.104530
semantic_model_predictive_planner,predicate_noise_shift,0,48,0.600059,0.029745,0.202541,0.025634,0.164593,0.019606,0.440972,0.050996,0.746528,0.121478,0.020833,0.015759,0.006944,0.013611,0.344713,0.028488,0.139128,0.048712,0.219299,0.046802,0.753472,0.118721,0.732639,0.117016
semantic_model_predictive_planner,predicate_noise_shift,1,48,0.604410,0.028792,0.198512,0.024593,0.160631,0.018547,0.437500,0.053826,0.760417,0.119086,0.072917,0.032121,0.010417,0.015088,0.347704,0.027530,0.131852,0.046536,0.227583,0.044901,0.770833,0.114517,0.753472,0.113006
semantic_model_predictive_planner,predicate_noise_shift,2,48,0.602433,0.029319,0.199828,0.024991,0.163530,0.019351,0.413194,0.064510,0.750000,0.119915,0.083333,0.029179,0.006944,0.009522,0.344511,0.028183,0.137380,0.047373,0.224096,0.045864,0.756944,0.116699,0.725694,0.116103
semantic_model_predictive_planner,predicate_noise_shift,3,48,0.605581,0.027603,0.198564,0.023585,0.160141,0.017672,0.444444,0.056155,0.753472,0.116712,0.100694,0.034716,0.010417,0.011534,0.348329,0.027106,0.131917,0.044697,0.228814,0.042596,0.763889,0.111677,0.739583,0.110430
semantic_model_predictive_planner,predicate_noise_shift,4,48,0.600397,0.029085,0.202061,0.025107,0.164651,0.019007,0.437500,0.058863,0.750000,0.119915,0.024306,0.016817,0.006944,0.013611,0.345136,0.027997,0.137961,0.047550,0.219695,0.045575,0.756944,0.117104,0.739583,0.115865
semantic_model_predictive_planner,predicate_noise_shift,5,48,0.610294,0.025753,0.193180,0.021841,0.158948,0.017000,0.437500,0.064974,0.767361,0.114151,0.083333,0.038905,0.006944,0.009522,0.349538,0.026640,0.125007,0.041966,0.237001,0.039495,0.774306,0.110680,0.756944,0.109593
semantic_model_predictive_planner,predicate_noise_shift,6,48,0.611904,0.025683,0.191816,0.021787,0.156278,0.016109,0.458333,0.057129,0.770833,0.112853,0.104167,0.030175,0.020833,0.023068,0.355656,0.025039,0.120413,0.041336,0.238756,0.039252,0.791667,0.103164,0.760417,0.101967
semantic_model_predictive_planner,predicate_noise_shift,7,48,0.606273,0.028341,0.197063,0.024327,0.161453,0.018589,0.451389,0.058324,0.763889,0.117457,0.072917,0.036271,0.003472,0.006806,0.348983,0.027771,0.130085,0.046003,0.229157,0.044178,0.767361,0.115797,0.753472,0.114255
semantic_model_predictive_planner,predicate_noise_shift,8,48,0.601229,0.027492,0.199676,0.023906,0.162018,0.017983,0.427083,0.051381,0.753472,0.118322,0.041667,0.028357,0.003472,0.006806,0.343568,0.027878,0.136534,0.044530,0.224465,0.042500,0.756944,0.116699,0.732639,0.114977
semantic_model_predictive_planner,predicate_noise_shift,9,48,0.606604,0.027220,0.196148,0.022990,0.161494,0.018013,0.406250,0.048541,0.760417,0.115456,0.097222,0.037460,0.006944,0.009522,0.347988,0.027060,0.130308,0.043991,0.230408,0.042201,0.767361,0.112060,0.732639,0.111213
semantic_model_predictive_planner,recovery_cost_pressure,0,48,0.580147,0.026822,0.206014,0.021458,0.179749,0.018714,0.388889,0.062532,0.770833,0.109016,0.121528,0.034716,0.013889,0.013170,0.363703,0.025951,0.139585,0.043792,0.178485,0.041873,0.784722,0.101527,0.701389,0.103830
semantic_model_predictive_planner,recovery_cost_pressure,1,48,0.580698,0.025262,0.206597,0.020455,0.176250,0.015943,0.402778,0.067269,0.767361,0.108631,0.135417,0.034602,0.034722,0.030693,0.368678,0.023230,0.134250,0.041005,0.179127,0.038746,0.802083,0.091581,0.677083,0.098427
semantic_model_predictive_planner,recovery_cost_pressure,2,48,0.575221,0.025011,0.206546,0.021316,0.176847,0.017158,0.392361,0.061121,0.763889,0.106916,0.111111,0.038086,0.024306,0.029162,0.368478,0.024775,0.142060,0.041247,0.173334,0.039157,0.788194,0.096158,0.708333,0.098951
semantic_model_predictive_planner,recovery_cost_pressure,3,48,0.576175,0.025765,0.204021,0.021508,0.172983,0.017070,0.413194,0.049585,0.767361,0.110359,0.128472,0.031124,0.041667,0.032984,0.373248,0.023148,0.137740,0.042223,0.176530,0.040572,0.809028,0.089667,0.732639,0.091624
semantic_model_predictive_planner,recovery_cost_pressure,4,48,0.577301,0.026425,0.206155,0.021483,0.177303,0.018036,0.368056,0.049555,0.763889,0.110399,0.156250,0.041729,0.031250,0.028616,0.369088,0.023992,0.140880,0.043150,0.175056,0.041676,0.795139,0.095417,0.701389,0.097729
semantic_model_predictive_planner,recovery_cost_pressure,5,48,0.589037,0.024199,0.199197,0.020332,0.170174,0.015267,0.375000,0.057129,0.788194,0.106431,0.201389,0.049555,0.027778,0.024477,0.374956,0.023669,0.122732,0.039358,0.193496,0.037018,0.815972,0.091365,0.708333,0.095546
semantic_model_predictive_planner,recovery_cost_pressure,6,48,0.581286,0.025630,0.205514,0.020588,0.176018,0.017223,0.444444,0.049912,0.767361,0.110359,0.142361,0.044561,0.031250,0.025094,0.367656,0.023953,0.135241,0.041598,0.180939,0.040061,0.798611,0.094280,0.715278,0.100591
semantic_model_predictive_planner,recovery_cost_pressure,7,48,0.574139,0.028310,0.211949,0.023521,0.178991,0.018562,0.423611,0.057508,0.753472,0.111743,0.093750,0.036271,0.027778,0.026339,0.363944,0.025446,0.147483,0.046161,0.169478,0.044628,0.781250,0.098787,0.694444,0.098871
semantic_model_predictive_planner,recovery_cost_pressure,8,48,0.569916,0.026668,0.211381,0.022490,0.181139,0.017595,0.381944,0.049555,0.753472,0.110893,0.055556,0.024477,0.020833,0.018518,0.362684,0.025317,0.150950,0.044019,0.164568,0.041604,0.774306,0.100370,0.687500,0.100434
semantic_model_predictive_planner,recovery_cost_pressure,9,48,0.585908,0.025290,0.201891,0.021034,0.171079,0.016235,0.427083,0.058282,0.784722,0.109593,0.135417,0.040870,0.031250,0.026913,0.372428,0.023845,0.126162,0.041487,0.189214,0.039137,0.815972,0.093413,0.729167,0.102762
vla_direct_policy,combined_adversarial_abstraction,0,48,0.258175,0.017147,0.434668,0.020151,0.337008,0.017165,0.118056,0.038855,0.052083,0.030997,0.295139,0.056076,0.000000,0.000000,0.124351,0.010021,0.555570,0.035194,-0.288805,0.036957,0.305556,0.062532,0.100694,0.039794
vla_direct_policy,combined_adversarial_abstraction,1,48,0.277484,0.016330,0.400034,0.022424,0.309112,0.016680,0.121528,0.040966,0.062500,0.025035,0.409722,0.070110,0.000000,0.000000,0.139826,0.010574,0.502587,0.035301,-0.235823,0.036574,0.423611,0.069432,0.131944,0.043452
vla_direct_policy,combined_adversarial_abstraction,2,48,0.272535,0.016406,0.418113,0.020053,0.317398,0.016771,0.083333,0.033693,0.055556,0.029715,0.333333,0.051467,0.000000,0.000000,0.130986,0.009897,0.523672,0.033649,-0.253511,0.035780,0.357639,0.059949,0.104167,0.035902
vla_direct_policy,combined_adversarial_abstraction,3,48,0.239521,0.018144,0.470313,0.020200,0.365496,0.017775,0.121528,0.038588,0.027778,0.020247,0.152778,0.051314,0.003472,0.006806,0.107094,0.008936,0.609291,0.034850,-0.341397,0.038422,0.187500,0.056400,0.055556,0.029715
vla_direct_policy,combined_adversarial_abstraction,4,48,0.256614,0.019438,0.441988,0.022394,0.339718,0.017765,0.100694,0.034716,0.076389,0.023742,0.222222,0.064027,0.006944,0.009522,0.125667,0.009559,0.565242,0.037856,-0.297116,0.040983,0.270833,0.058863,0.111111,0.034158
vla_direct_policy,combined_adversarial_abstraction,5,48,0.247210,0.017839,0.456541,0.019794,0.350003,0.016424,0.152778,0.051314,0.059028,0.022789,0.225694,0.035723,0.003472,0.006806,0.117674,0.007867,0.587704,0.034244,-0.319008,0.037558,0.232639,0.051227,0.100694,0.030354
vla_direct_policy,combined_adversarial_abstraction,6,48,0.254272,0.018480,0.441191,0.021217,0.343477,0.017786,0.131944,0.044528,0.083333,0.033693,0.260417,0.063710,0.000000,0.000000,0.125667,0.010205,0.568845,0.036725,-0.301703,0.039472,0.270833,0.056400,0.131944,0.041218
vla_direct_policy,combined_adversarial_abstraction,7,48,0.256805,0.019265,0.441484,0.022300,0.338048,0.018855,0.107639,0.046125,0.024306,0.021726,0.260417,0.062208,0.000000,0.000000,0.118392,0.009807,0.560726,0.038307,-0.292375,0.041083,0.295139,0.061699,0.065972,0.034716
vla_direct_policy,combined_adversarial_abstraction,8,48,0.264039,0.014859,0.424267,0.015035,0.328878,0.014744,0.118056,0.042350,0.097222,0.039906,0.336806,0.047140,0.000000,0.000000,0.134486,0.010022,0.541561,0.027840,-0.275312,0.030778,0.326389,0.043452,0.156250,0.043937
vla_direct_policy,combined_adversarial_abstraction,9,48,0.297838,0.014159,0.367746,0.017863,0.285369,0.013252,0.083333,0.030757,0.177083,0.038177,0.486111,0.054008,0.013889,0.013170,0.168240,0.009729,0.457817,0.028852,-0.191581,0.030112,0.479167,0.052038,0.239583,0.037552
vla_direct_policy,geometry_tolerance_shift,0,48,0.320570,0.018161,0.441570,0.016294,0.341459,0.014708,0.187500,0.046264,0.031250,0.018598,0.072917,0.029027,0.003472,0.006806,0.089375,0.005225,0.559677,0.030229,-0.218929,0.035535,0.034722,0.019351,0.034722,0.019351
vla_direct_policy,geometry_tolerance_shift,1,48,0.319202,0.018415,0.447530,0.015565,0.348528,0.015147,0.218750,0.049744,0.000000,0.000000,0.104167,0.043088,0.000000,0.000000,0.081120,0.001240,0.567895,0.030991,-0.225377,0.036175,0.010417,0.011534,0.006944,0.009522
vla_direct_policy,geometry_tolerance_shift,2,48,0.320257,0.019487,0.446759,0.017473,0.346638,0.015145,0.194444,0.038086,0.000000,0.000000,0.093750,0.047556,0.000000,0.000000,0.081493,0.001760,0.565892,0.032558,-0.222669,0.038008,0.013889,0.016372,0.010417,0.015088
vla_direct_policy,geometry_tolerance_shift,3,48,0.319791,0.017771,0.448040,0.014159,0.348233,0.015747,0.166667,0.043498,0.000000,0.000000,0.090278,0.023742,0.000000,0.000000,0.080747,0.001024,0.567477,0.029869,-0.224713,0.035022,0.006944,0.009522,0.003472,0.006806
vla_direct_policy,geometry_tolerance_shift,4,48,0.314752,0.018895,0.448969,0.016470,0.349035,0.015887,0.156250,0.046040,0.003472,0.006806,0.152778,0.048469,0.000000,0.000000,0.082804,0.002353,0.571504,0.032234,-0.231732,0.037594,0.020833,0.015759,0.020833,0.015759
vla_direct_policy,geometry_tolerance_shift,5,48,0.320796,0.018972,0.447076,0.015852,0.345672,0.014949,0.184028,0.042663,0.006944,0.009522,0.059028,0.022789,0.000000,0.000000,0.082248,0.002651,0.564901,0.031242,-0.221937,0.036722,0.010417,0.011534,0.006944,0.009522
vla_direct_policy,geometry_tolerance_shift,6,48,0.319226,0.019323,0.446130,0.015849,0.349132,0.015785,0.166667,0.041265,0.000000,0.000000,0.135417,0.039695,0.000000,0.000000,0.081493,0.001416,0.567126,0.031851,-0.225132,0.037359,0.013889,0.013170,0.013889,0.013170
vla_direct_policy,geometry_tolerance_shift,7,48,0.320334,0.018905,0.443026,0.016429,0.345084,0.016670,0.159722,0.036339,0.013889,0.013170,0.100694,0.037342,0.000000,0.000000,0.085243,0.003706,0.562410,0.032094,-0.220883,0.037582,0.027778,0.017758,0.024306,0.016817
vla_direct_policy,geometry_tolerance_shift,8,48,0.321150,0.018959,0.440491,0.016991,0.340130,0.016080,0.173611,0.041218,0.013889,0.013170,0.184028,0.054363,0.000000,0.000000,0.087109,0.004095,0.557115,0.032126,-0.215814,0.037657,0.045139,0.025250,0.045139,0.025250
vla_direct_policy,geometry_tolerance_shift,9,48,0.312982,0.018588,0.453491,0.015818,0.350299,0.015799,0.166667,0.044572,0.003472,0.006806,0.121528,0.036053,0.000000,0.000000,0.081311,0.001963,0.576002,0.031309,-0.236408,0.036420,0.006944,0.009522,0.006944,0.009522
vla_direct_policy,language_ambiguity_shift,0,48,0.368467,0.018107,0.390628,0.015590,0.310044,0.013969,0.215278,0.042350,0.000000,0.000000,0.076389,0.029111,0.000000,0.000000,0.093003,0.003858,0.484106,0.029459,-0.120390,0.034226,0.121528,0.036053,0.097222,0.033458
vla_direct_policy,language_ambiguity_shift,1,48,0.367558,0.018010,0.395830,0.017016,0.312624,0.014761,0.218750,0.046804,0.006944,0.009522,0.076389,0.036339,0.000000,0.000000,0.091528,0.004860,0.490410,0.031021,-0.125554,0.035287,0.097222,0.039906,0.083333,0.035069
vla_direct_policy,language_ambiguity_shift,2,48,0.363383,0.018775,0.395480,0.017401,0.311102,0.016748,0.180556,0.050383,0.000000,0.000000,0.090278,0.037618,0.000000,0.000000,0.093003,0.004258,0.491708,0.032279,-0.129050,0.037688,0.121528,0.039794,0.104167,0.038447
vla_direct_policy,language_ambiguity_shift,3,48,0.362408,0.017877,0.402112,0.014973,0.322493,0.015647,0.142361,0.038893,0.000000,0.000000,0.045139,0.021175,0.000000,0.000000,0.087802,0.003437,0.502961,0.029783,-0.139889,0.034912,0.072917,0.032121,0.072917,0.032121
vla_direct_policy,language_ambiguity_shift,4,48,0.363856,0.018483,0.397572,0.017955,0.316434,0.015724,0.173611,0.041218,0.003472,0.006806,0.065972,0.034716,0.000000,0.000000,0.090965,0.005002,0.495811,0.032425,-0.132774,0.036934,0.097222,0.043316,0.072917,0.036271
vla_direct_policy,language_ambiguity_shift,5,48,0.375116,0.017602,0.369213,0.017209,0.290226,0.015513,0.131944,0.042350,0.045139,0.021175,0.128472,0.043757,0.000000,0.000000,0.109976,0.008098,0.456119,0.030032,-0.094180,0.035147,0.211806,0.048378,0.187500,0.046264
vla_direct_policy,language_ambiguity_shift,6,48,0.371115,0.017399,0.382127,0.017162,0.299892,0.014931,0.218750,0.047804,0.034722,0.019351,0.111111,0.036823,0.003472,0.006806,0.102906,0.006263,0.472961,0.030792,-0.109662,0.034897,0.156250,0.042847,0.145833,0.040833
vla_direct_policy,language_ambiguity_shift,7,48,0.363586,0.018314,0.403483,0.015835,0.313988,0.013892,0.177083,0.043937,0.000000,0.000000,0.062500,0.026858,0.000000,0.000000,0.088917,0.003452,0.497651,0.030228,-0.133850,0.034786,0.083333,0.032259,0.062500,0.025035
vla_direct_policy,language_ambiguity_shift,8,48,0.363102,0.018680,0.405004,0.015639,0.319669,0.014845,0.166667,0.041265,0.000000,0.000000,0.038194,0.020027,0.000000,0.000000,0.087059,0.002702,0.503271,0.031186,-0.138527,0.036299,0.065972,0.025250,0.059028,0.022789
vla_direct_policy,language_ambiguity_shift,9,48,0.368953,0.018708,0.389693,0.015572,0.306350,0.012628,0.173611,0.037618,0.000000,0.000000,0.100694,0.036053,0.000000,0.000000,0.094118,0.004025,0.480768,0.029326,-0.117171,0.034424,0.131944,0.037618,0.093750,0.033561
vla_direct_policy,mechanics_ood_shift,0,48,0.266082,0.019030,0.472432,0.016021,0.394281,0.015294,0.111111,0.034158,0.000000,0.000000,0.093750,0.036271,0.000000,0.000000,0.081884,0.001579,0.633822,0.031952,-0.326202,0.036784,0.017361,0.014556,0.003472,0.006806
vla_direct_policy,mechanics_ood_shift,1,48,0.281254,0.018969,0.450735,0.016863,0.374097,0.016808,0.170139,0.045088,0.041667,0.020633,0.197917,0.044205,0.003472,0.006806,0.095292,0.006035,0.600317,0.032840,-0.289545,0.038314,0.072917,0.027349,0.065972,0.025250
vla_direct_policy,mechanics_ood_shift,2,48,0.282030,0.019648,0.454686,0.017525,0.379821,0.015895,0.149306,0.041539,0.031250,0.023132,0.135417,0.043122,0.000000,0.000000,0.090007,0.006506,0.605490,0.033438,-0.292962,0.038649,0.045139,0.027059,0.038194,0.024296
vla_direct_policy,mechanics_ood_shift,3,48,0.275713,0.020959,0.462928,0.017367,0.387439,0.017546,0.121528,0.038588,0.003472,0.006806,0.145833,0.040833,0.000000,0.000000,0.083958,0.002583,0.618654,0.034976,-0.307004,0.041549,0.031250,0.018598,0.013889,0.013170
vla_direct_policy,mechanics_ood_shift,4,48,0.283867,0.019335,0.445956,0.016786,0.374395,0.017362,0.128472,0.039196,0.052083,0.022086,0.128472,0.032608,0.000000,0.000000,0.097181,0.005825,0.595869,0.033405,-0.285167,0.038805,0.079861,0.025714,0.069444,0.025425
vla_direct_policy,mechanics_ood_shift,5,48,0.290298,0.018169,0.437958,0.017846,0.360527,0.015408,0.149306,0.037970,0.083333,0.029179,0.114583,0.033912,0.006944,0.009522,0.106062,0.007841,0.578974,0.031425,-0.267843,0.036280,0.104167,0.030175,0.097222,0.030500
vla_direct_policy,mechanics_ood_shift,6,48,0.283000,0.018711,0.444971,0.017413,0.369062,0.015246,0.125000,0.041835,0.069444,0.023491,0.170139,0.049106,0.006944,0.009522,0.102285,0.006649,0.592091,0.031506,-0.283767,0.036651,0.090278,0.027439,0.079861,0.025714
vla_direct_policy,mechanics_ood_shift,7,48,0.277615,0.019936,0.458685,0.017339,0.386144,0.015784,0.145833,0.037196,0.017361,0.014556,0.107639,0.034374,0.000000,0.000000,0.086983,0.004737,0.614017,0.033877,-0.302978,0.038977,0.038194,0.024296,0.027778,0.020247
vla_direct_policy,mechanics_ood_shift,8,48,0.282145,0.017902,0.451788,0.014887,0.381330,0.015723,0.156250,0.046040,0.031250,0.018598,0.121528,0.043213,0.000000,0.000000,0.090760,0.005564,0.604106,0.030617,-0.292569,0.035287,0.052083,0.026019,0.038194,0.020027
vla_direct_policy,mechanics_ood_shift,9,48,0.284405,0.019442,0.446512,0.019261,0.373505,0.016414,0.152778,0.045448,0.041667,0.028357,0.236111,0.066562,0.000000,0.000000,0.095477,0.008296,0.594192,0.033897,-0.283596,0.038873,0.079861,0.037657,0.059028,0.031501
vla_direct_policy,nominal_abstraction,0,48,0.404395,0.019076,0.378785,0.016078,0.319158,0.014960,0.243056,0.060709,0.003472,0.006806,0.013889,0.013170,0.000000,0.000000,0.080920,0.001803,0.480283,0.031492,-0.079080,0.036777,0.003472,0.006806,0.003472,0.006806
vla_direct_policy,nominal_abstraction,1,48,0.403126,0.018725,0.379987,0.015275,0.321084,0.015360,0.232639,0.050295,0.000000,0.000000,0.020833,0.018518,0.000000,0.000000,0.080000,0.000000,0.482810,0.031159,-0.082047,0.036470,0.000000,0.000000,0.003472,0.006806
vla_direct_policy,nominal_abstraction,2,48,0.405428,0.018313,0.376645,0.015641,0.321214,0.014873,0.243056,0.056679,0.000000,0.000000,0.020833,0.015759,0.000000,0.000000,0.080365,0.000715,0.479679,0.030733,-0.078053,0.035781,0.003472,0.006806,0.003472,0.006806
vla_direct_policy,nominal_abstraction,3,48,0.404970,0.018241,0.378612,0.014993,0.320211,0.014942,0.253472,0.055865,0.000000,0.000000,0.003472,0.006806,0.000000,0.000000,0.080000,0.000000,0.480484,0.030558,-0.078776,0.035485,0.000000,0.000000,0.000000,0.000000
vla_direct_policy,nominal_abstraction,4,48,0.399607,0.018402,0.381549,0.015042,0.324450,0.015389,0.246528,0.056705,0.000000,0.000000,0.024306,0.016817,0.000000,0.000000,0.080000,0.000000,0.487577,0.030784,-0.088896,0.035868,0.000000,0.000000,0.000000,0.000000
vla_direct_policy,nominal_abstraction,5,48,0.402304,0.018909,0.380203,0.015358,0.322108,0.015166,0.194444,0.049912,0.000000,0.000000,0.013889,0.013170,0.000000,0.000000,0.080000,0.000000,0.483956,0.031252,-0.083732,0.036684,0.000000,0.000000,0.000000,0.000000
vla_direct_policy,nominal_abstraction,6,48,0.401520,0.019509,0.379281,0.016015,0.323545,0.015611,0.274306,0.048133,0.000000,0.000000,0.006944,0.009522,0.000000,0.000000,0.080365,0.000715,0.484817,0.032377,-0.085169,0.038117,0.003472,0.006806,0.003472,0.006806
vla_direct_policy,nominal_abstraction,7,48,0.402901,0.018034,0.378281,0.014918,0.324190,0.014479,0.253472,0.053264,0.000000,0.000000,0.013889,0.013170,0.000000,0.000000,0.080000,0.000000,0.483630,0.030126,-0.083519,0.035056,0.000000,0.000000,0.000000,0.000000
vla_direct_policy,nominal_abstraction,8,48,0.404193,0.018858,0.378463,0.015581,0.321745,0.014830,0.180556,0.048469,0.000000,0.000000,0.010417,0.011534,0.000000,0.000000,0.080000,0.000000,0.481645,0.031183,-0.080572,0.036425,0.000000,0.000000,0.000000,0.000000
vla_direct_policy,nominal_abstraction,9,48,0.400830,0.018449,0.380485,0.015101,0.324113,0.015534,0.246528,0.042385,0.000000,0.000000,0.017361,0.014556,0.000000,0.000000,0.080000,0.000000,0.486098,0.030902,-0.086813,0.035995,0.000000,0.000000,0.000000,0.000000
vla_direct_policy,object_affordance_transfer,0,48,0.313074,0.017956,0.431187,0.015625,0.344576,0.016048,0.131944,0.037618,0.013889,0.013170,0.131944,0.030693,0.000000,0.000000,0.093311,0.004794,0.550702,0.031008,-0.224300,0.035865,0.100694,0.031875,0.062500,0.028565
vla_direct_policy,object_affordance_transfer,1,48,0.309200,0.020810,0.440676,0.018647,0.349447,0.018264,0.166667,0.044572,0.024306,0.016817,0.045139,0.034716,0.000000,0.000000,0.091222,0.006466,0.563144,0.035629,-0.236307,0.041709,0.065972,0.037342,0.041667,0.029979
vla_direct_policy,object_affordance_transfer,2,48,0.322393,0.018509,0.415632,0.017714,0.329795,0.015937,0.138889,0.035516,0.034722,0.019351,0.236111,0.062909,0.000000,0.000000,0.102061,0.006187,0.527094,0.032894,-0.198991,0.037454,0.149306,0.040384,0.111111,0.036823
vla_direct_policy,object_affordance_transfer,3,48,0.315349,0.017816,0.429961,0.015947,0.339693,0.014734,0.149306,0.041539,0.020833,0.015759,0.107639,0.038280,0.000000,0.000000,0.094833,0.005527,0.546028,0.030653,-0.218437,0.034661,0.104167,0.037196,0.065972,0.030354
vla_direct_policy,object_affordance_transfer,4,48,0.326570,0.018650,0.411282,0.020718,0.325594,0.018324,0.170139,0.051915,0.041667,0.026637,0.187500,0.051121,0.003472,0.006806,0.104535,0.009354,0.520024,0.035334,-0.190306,0.038976,0.156250,0.054508,0.111111,0.046983
vla_direct_policy,object_affordance_transfer,5,48,0.318092,0.017846,0.423426,0.017830,0.334132,0.015507,0.159722,0.043452,0.038194,0.020027,0.170139,0.041823,0.003472,0.006806,0.100542,0.006917,0.537588,0.031795,-0.210298,0.035872,0.125000,0.041835,0.083333,0.032259
vla_direct_policy,object_affordance_transfer,6,48,0.317582,0.019038,0.424212,0.017251,0.341226,0.016784,0.173611,0.047608,0.024306,0.016817,0.152778,0.041074,0.000000,0.000000,0.096545,0.005451,0.541936,0.033144,-0.214692,0.038417,0.114583,0.035279,0.083333,0.030757
vla_direct_policy,object_affordance_transfer,7,48,0.309107,0.019417,0.447309,0.016427,0.355056,0.014943,0.170139,0.047140,0.000000,0.000000,0.034722,0.021658,0.000000,0.000000,0.083802,0.002372,0.570376,0.032103,-0.241170,0.037319,0.034722,0.021658,0.020833,0.015759
vla_direct_policy,object_affordance_transfer,8,48,0.313330,0.019237,0.438041,0.016734,0.347507,0.015896,0.142361,0.045610,0.013889,0.013170,0.065972,0.025250,0.000000,0.000000,0.089509,0.004456,0.557813,0.032630,-0.228533,0.037850,0.065972,0.030354,0.041667,0.020633
vla_direct_policy,object_affordance_transfer,9,48,0.315311,0.017821,0.427970,0.016824,0.340014,0.015683,0.128472,0.043757,0.048611,0.021658,0.090278,0.023742,0.003472,0.006806,0.099974,0.005707,0.546337,0.030962,-0.219711,0.035527,0.104167,0.028565,0.076389,0.023742
vla_direct_policy,predicate_noise_shift,0,48,0.345357,0.018265,0.417153,0.017051,0.326514,0.016283,0.156250,0.036917,0.024306,0.016817,0.100694,0.036053,0.003472,0.006806,0.091559,0.005531,0.523649,0.032307,-0.170136,0.037040,0.065972,0.028754,0.062500,0.026858
vla_direct_policy,predicate_noise_shift,1,48,0.346986,0.017892,0.418196,0.015820,0.324026,0.013135,0.170139,0.038280,0.024306,0.016817,0.076389,0.025657,0.000000,0.000000,0.090625,0.004666,0.521449,0.029989,-0.166929,0.034493,0.062500,0.025035,0.045139,0.021175
vla_direct_policy,predicate_noise_shift,2,48,0.345096,0.018500,0.427451,0.015113,0.335920,0.015737,0.107639,0.031501,0.000000,0.000000,0.059028,0.022789,0.000000,0.000000,0.081486,0.001409,0.535602,0.030957,-0.178912,0.036199,0.013889,0.013170,0.013889,0.013170
vla_direct_policy,predicate_noise_shift,3,48,0.346187,0.019374,0.418345,0.017946,0.324705,0.016721,0.170139,0.039496,0.024306,0.016817,0.069444,0.033458,0.000000,0.000000,0.090625,0.005217,0.523909,0.033507,-0.168303,0.039063,0.062500,0.028565,0.062500,0.028565
vla_direct_policy,predicate_noise_shift,4,48,0.347316,0.017227,0.408060,0.017196,0.318259,0.015411,0.190972,0.044561,0.038194,0.022264,0.229167,0.047276,0.000000,0.000000,0.097705,0.006580,0.512327,0.030980,-0.159542,0.035328,0.107639,0.037024,0.107639,0.037024
vla_direct_policy,predicate_noise_shift,5,48,0.346928,0.019867,0.422932,0.017201,0.332179,0.015066,0.142361,0.040091,0.003472,0.006806,0.048611,0.021658,0.000000,0.000000,0.083906,0.002551,0.529749,0.033193,-0.172782,0.038657,0.031250,0.018598,0.024306,0.016817
vla_direct_policy,predicate_noise_shift,6,48,0.348534,0.018005,0.409037,0.016865,0.320422,0.015734,0.121528,0.037342,0.031250,0.018598,0.170139,0.040676,0.000000,0.000000,0.095465,0.005192,0.513168,0.032007,-0.159506,0.036449,0.097222,0.032013,0.090278,0.030693
vla_direct_policy,predicate_noise_shift,7,48,0.346641,0.018591,0.415849,0.016744,0.326744,0.015400,0.156250,0.046040,0.027778,0.017758,0.083333,0.025734,0.003472,0.006806,0.092122,0.004920,0.522573,0.031867,-0.168499,0.036706,0.065972,0.023302,0.059028,0.022789
vla_direct_policy,predicate_noise_shift,8,48,0.355180,0.019658,0.405469,0.018679,0.317887,0.017184,0.152778,0.041074,0.059028,0.034374,0.097222,0.033458,0.003472,0.006806,0.099042,0.009325,0.506934,0.033444,-0.150468,0.039350,0.083333,0.037670,0.083333,0.037670
vla_direct_policy,predicate_noise_shift,9,48,0.346749,0.019181,0.421032,0.016580,0.332534,0.015850,0.180556,0.042210,0.024306,0.016817,0.038194,0.020027,0.003472,0.006806,0.087844,0.004785,0.529485,0.032119,-0.173768,0.037695,0.031250,0.018598,0.031250,0.018598
vla_direct_policy,recovery_cost_pressure,0,48,0.323575,0.016913,0.393515,0.016464,0.324992,0.013528,0.156250,0.040579,0.114583,0.022086,0.302083,0.050217,0.006944,0.009522,0.127351,0.006259,0.505216,0.029450,-0.192145,0.033442,0.211806,0.034716,0.177083,0.028200
vla_direct_policy,recovery_cost_pressure,1,48,0.290697,0.019610,0.449335,0.017402,0.364725,0.015641,0.142361,0.048622,0.000000,0.000000,0.111111,0.038086,0.000000,0.000000,0.089319,0.004103,0.578200,0.033427,-0.270033,0.038399,0.076389,0.033635,0.024306,0.019427
vla_direct_policy,recovery_cost_pressure,2,48,0.316286,0.017090,0.403271,0.018530,0.328123,0.016231,0.125000,0.035737,0.079861,0.030741,0.312500,0.041976,0.003472,0.006806,0.120167,0.009181,0.514556,0.032067,-0.204330,0.035901,0.208333,0.041835,0.152778,0.037460
vla_direct_policy,recovery_cost_pressure,3,48,0.302031,0.018054,0.427806,0.019155,0.345358,0.017360,0.128472,0.042663,0.055556,0.031266,0.208333,0.056295,0.000000,0.000000,0.106778,0.010312,0.548704,0.033694,-0.239602,0.037489,0.138889,0.045965,0.100694,0.039794
vla_direct_policy,recovery_cost_pressure,4,48,0.295450,0.019630,0.446780,0.017135,0.364307,0.016888,0.138889,0.036823,0.010417,0.011534,0.100694,0.037342,0.000000,0.000000,0.089892,0.005337,0.574465,0.033510,-0.263739,0.038906,0.065972,0.033325,0.034722,0.023742
vla_direct_policy,recovery_cost_pressure,5,48,0.302271,0.018231,0.432045,0.018750,0.352645,0.016892,0.114583,0.037866,0.059028,0.029962,0.125000,0.064150,0.000000,0.000000,0.103156,0.010080,0.556139,0.033147,-0.245545,0.037494,0.104167,0.046264,0.090278,0.041218
vla_direct_policy,recovery_cost_pressure,6,48,0.298799,0.019118,0.441768,0.016323,0.358583,0.014576,0.138889,0.046983,0.024306,0.016817,0.142361,0.032243,0.000000,0.000000,0.094045,0.005114,0.566116,0.031806,-0.255105,0.037009,0.079861,0.025714,0.052083,0.024133
vla_direct_policy,recovery_cost_pressure,7,48,0.301061,0.018098,0.438142,0.017167,0.352301,0.015224,0.118056,0.040054,0.024306,0.016817,0.135417,0.035943,0.003472,0.006806,0.096778,0.006394,0.559285,0.031419,-0.247365,0.035414,0.097222,0.034843,0.065972,0.028754
vla_direct_policy,recovery_cost_pressure,8,48,0.298430,0.018255,0.440674,0.015150,0.360606,0.014897,0.163194,0.044027,0.024306,0.016817,0.079861,0.027492,0.000000,0.000000,0.094045,0.005250,0.566985,0.030510,-0.256297,0.035468,0.079861,0.027492,0.052083,0.022086
vla_direct_policy,recovery_cost_pressure,9,48,0.300385,0.020619,0.433815,0.019165,0.351807,0.019012,0.121528,0.038588,0.048611,0.021658,0.152778,0.051314,0.006944,0.009522,0.103389,0.007556,0.557947,0.036375,-0.247952,0.042016,0.111111,0.036823,0.083333,0.033693
