method,seed,n,task_success,ci95_task_success,mechanical_violation_rate,ci95_mechanical_violation_rate,damage_unsafe_rate,ci95_damage_unsafe_rate,abstraction_failure_accuracy,ci95_abstraction_failure_accuracy,mechanics_retention_recall,ci95_mechanics_retention_recall,early_warning_recall,ci95_early_warning_recall,false_refinement_alarm_rate,ci95_false_refinement_alarm_rate,planning_cost,ci95_planning_cost,planning_regret_to_oracle,ci95_planning_regret_to_oracle,robust_utility,ci95_robust_utility,intervention_rate,ci95_intervention_rate,deployment_coverage,ci95_deployment_coverage,stress_level
active_relational_abstraction,0,48,0.532089,0.019760,0.241140,0.018046,0.194291,0.013997,0.510417,0.053633,0.788194,0.106875,0.423611,0.060709,0.121528,0.092139,0.302377,0.011600,0.173461,0.036595,0.125340,0.034807,0.909722,0.065216,0.406250,0.088561,0.000000
active_relational_abstraction,1,48,0.531596,0.018734,0.238890,0.017275,0.193513,0.013406,0.475694,0.067379,0.788194,0.105986,0.364583,0.051150,0.125000,0.094551,0.303496,0.011825,0.172866,0.035513,0.126242,0.032807,0.913194,0.063772,0.395833,0.092592,0.000000
active_relational_abstraction,2,48,0.532617,0.017601,0.239029,0.016590,0.192437,0.012483,0.486111,0.063656,0.784722,0.102915,0.361111,0.061771,0.125000,0.094551,0.305847,0.011276,0.171856,0.033085,0.126970,0.030822,0.909722,0.059130,0.468750,0.091581,0.000000
active_relational_abstraction,3,48,0.532870,0.016589,0.237569,0.015882,0.193020,0.012265,0.527778,0.060220,0.791667,0.102242,0.368056,0.058324,0.125000,0.094551,0.304001,0.010448,0.171696,0.031553,0.128425,0.029643,0.916667,0.056714,0.434028,0.092651,0.000000
active_relational_abstraction,4,48,0.534777,0.016766,0.235743,0.015696,0.191111,0.012489,0.510417,0.066968,0.798611,0.103830,0.392361,0.058754,0.125000,0.094551,0.303841,0.010508,0.168178,0.031994,0.132833,0.029541,0.923611,0.058324,0.451389,0.093271,0.000000
active_relational_abstraction,5,48,0.528290,0.019843,0.241538,0.018675,0.194247,0.014408,0.496528,0.067027,0.784722,0.108726,0.343750,0.053633,0.125000,0.094551,0.301914,0.012384,0.177429,0.037654,0.121536,0.035320,0.909722,0.068747,0.434028,0.087936,0.000000
active_relational_abstraction,6,48,0.513517,0.022717,0.249544,0.021157,0.200802,0.016013,0.534722,0.052340,0.767361,0.111213,0.215278,0.044528,0.125000,0.094551,0.294455,0.013551,0.198505,0.042392,0.100533,0.040116,0.892361,0.075019,0.361111,0.093461,0.000000
active_relational_abstraction,7,48,0.521643,0.019481,0.243883,0.017932,0.197288,0.014516,0.472222,0.054444,0.777778,0.106695,0.236111,0.054877,0.125000,0.094551,0.299469,0.012413,0.186560,0.037036,0.112367,0.034383,0.902778,0.066562,0.385417,0.087622,0.000000
active_relational_abstraction,8,48,0.524468,0.019562,0.243585,0.018068,0.198058,0.014161,0.475694,0.057533,0.777778,0.105356,0.291667,0.050069,0.125000,0.094551,0.301444,0.011847,0.182867,0.036713,0.113981,0.034702,0.902778,0.064395,0.395833,0.085694,0.000000
active_relational_abstraction,9,48,0.521401,0.019207,0.243545,0.017579,0.198759,0.014101,0.475694,0.055012,0.781250,0.105277,0.263889,0.052227,0.121528,0.092139,0.298940,0.011741,0.187194,0.036093,0.111483,0.033967,0.902778,0.063656,0.378472,0.085757,0.000000
llm_tamp_failure_reasoning,0,48,0.579526,0.029545,0.227559,0.022060,0.184204,0.016025,0.447917,0.058485,0.798611,0.101992,0.413194,0.070802,0.027778,0.024477,0.349986,0.021670,0.143418,0.045687,0.167921,0.044613,0.826389,0.085878,0.593750,0.100566,0.000000
llm_tamp_failure_reasoning,1,48,0.569212,0.038208,0.242272,0.029048,0.195125,0.020308,0.423611,0.054118,0.770833,0.114930,0.250000,0.061515,0.013889,0.016372,0.337581,0.026599,0.164907,0.059687,0.146421,0.058391,0.784722,0.108290,0.527778,0.117255,0.000000
llm_tamp_failure_reasoning,2,48,0.584223,0.025252,0.216621,0.018430,0.177102,0.014247,0.430556,0.049436,0.815972,0.096893,0.482639,0.060927,0.034722,0.029111,0.357916,0.020040,0.129981,0.038205,0.180745,0.037307,0.850694,0.074861,0.625000,0.098951,0.000000
llm_tamp_failure_reasoning,3,48,0.577865,0.030378,0.230088,0.022412,0.188199,0.016367,0.381944,0.059130,0.784722,0.103830,0.375000,0.078114,0.031250,0.028616,0.347142,0.021851,0.149655,0.046769,0.163111,0.045922,0.815972,0.087125,0.555556,0.104001,0.000000
llm_tamp_failure_reasoning,4,48,0.576829,0.031798,0.226329,0.023783,0.184705,0.017783,0.420139,0.053264,0.788194,0.105539,0.402778,0.053125,0.024306,0.025714,0.350392,0.023522,0.148249,0.049374,0.165406,0.048241,0.812500,0.093102,0.597222,0.100532,0.000000
llm_tamp_failure_reasoning,5,48,0.561342,0.035393,0.247385,0.026698,0.199030,0.019584,0.472222,0.048955,0.753472,0.109606,0.225694,0.048133,0.013889,0.016372,0.335801,0.025283,0.177768,0.056086,0.133521,0.054412,0.767361,0.102814,0.555556,0.104455,0.000000
llm_tamp_failure_reasoning,6,48,0.580897,0.024343,0.221949,0.017677,0.180815,0.012923,0.409722,0.049555,0.788194,0.096649,0.444444,0.045965,0.052083,0.041444,0.356386,0.018189,0.139703,0.036089,0.172297,0.035916,0.840278,0.065937,0.628472,0.084926,0.000000
llm_tamp_failure_reasoning,7,48,0.588959,0.026078,0.218831,0.019058,0.178378,0.014245,0.489583,0.061057,0.812500,0.099487,0.454861,0.070635,0.038194,0.034028,0.356685,0.020261,0.128092,0.039927,0.183797,0.038575,0.850694,0.077347,0.618056,0.100119,0.000000
llm_tamp_failure_reasoning,8,48,0.570433,0.032598,0.237770,0.023991,0.193694,0.017470,0.440972,0.063400,0.774306,0.104525,0.371528,0.066139,0.024306,0.021726,0.343074,0.023344,0.160409,0.050124,0.148976,0.049127,0.798611,0.091220,0.541667,0.106769,0.000000
llm_tamp_failure_reasoning,9,48,0.571960,0.032730,0.233380,0.024159,0.191623,0.018141,0.381944,0.053236,0.770833,0.107266,0.416667,0.089144,0.038194,0.034028,0.344718,0.022935,0.156834,0.050388,0.153849,0.050010,0.809028,0.088606,0.555556,0.108889,0.000000
runtime_monitor_replanner,0,48,0.375219,0.024283,0.297107,0.025405,0.227768,0.021101,0.284722,0.054118,0.187500,0.079984,0.486111,0.056575,0.010417,0.011534,0.245038,0.017259,0.362814,0.042584,-0.064012,0.047289,0.743056,0.059130,0.375000,0.109826,0.000000
runtime_monitor_replanner,1,48,0.376837,0.025907,0.288715,0.027867,0.220449,0.022889,0.270833,0.048266,0.149306,0.086033,0.583333,0.079017,0.000000,0.000000,0.241962,0.018654,0.350073,0.047164,-0.050965,0.051124,0.788194,0.071301,0.361111,0.112310,0.000000
runtime_monitor_replanner,2,48,0.364543,0.024239,0.310728,0.026757,0.238738,0.022058,0.253472,0.049585,0.173611,0.075314,0.420139,0.050530,0.006944,0.009522,0.237236,0.016948,0.386036,0.044287,-0.087211,0.048902,0.701389,0.065937,0.388889,0.105356,0.000000
runtime_monitor_replanner,3,48,0.387269,0.023203,0.287759,0.023926,0.222898,0.019884,0.302083,0.057259,0.236111,0.086359,0.489583,0.052744,0.006944,0.009522,0.252757,0.017899,0.346397,0.040027,-0.046276,0.044285,0.743056,0.055838,0.409722,0.103830,0.000000
runtime_monitor_replanner,4,48,0.375363,0.023618,0.296528,0.023886,0.228504,0.019996,0.236111,0.056575,0.177083,0.088294,0.472222,0.064027,0.000000,0.000000,0.241073,0.018163,0.363408,0.040352,-0.062397,0.044707,0.739583,0.054940,0.371528,0.110573,0.000000
runtime_monitor_replanner,5,48,0.352616,0.025117,0.324751,0.028487,0.248639,0.023017,0.263889,0.048469,0.149306,0.072290,0.454861,0.066496,0.003472,0.006806,0.228458,0.016841,0.409676,0.047275,-0.110712,0.051692,0.666667,0.072133,0.357639,0.100605,0.000000
runtime_monitor_replanner,6,48,0.364595,0.023329,0.307492,0.024625,0.235552,0.021036,0.277778,0.048955,0.152778,0.080696,0.447917,0.062398,0.000000,0.000000,0.234903,0.017280,0.381045,0.041622,-0.082007,0.045884,0.722222,0.059429,0.329861,0.108085,0.000000
runtime_monitor_replanner,7,48,0.381523,0.023038,0.285704,0.024169,0.216719,0.019505,0.284722,0.057508,0.166667,0.085348,0.562500,0.076970,0.000000,0.000000,0.245333,0.017839,0.342190,0.040128,-0.043263,0.044181,0.791667,0.057951,0.364583,0.108158,0.000000
runtime_monitor_replanner,8,48,0.370402,0.024210,0.298433,0.025792,0.230364,0.022193,0.315972,0.046888,0.159722,0.082507,0.496528,0.058754,0.000000,0.000000,0.239313,0.018324,0.365910,0.043613,-0.069063,0.047823,0.750000,0.064517,0.343750,0.105389,0.000000
runtime_monitor_replanner,9,48,0.393774,0.021568,0.273264,0.021591,0.211263,0.017584,0.253472,0.052369,0.208333,0.088344,0.562500,0.064974,0.006944,0.013611,0.255257,0.017860,0.322713,0.036376,-0.024036,0.039546,0.805556,0.046983,0.402778,0.110826,0.000000
grounded_geometric_tamp,0,48,0.579884,0.042923,0.247931,0.028692,0.198673,0.020484,0.326389,0.054118,0.750000,0.113010,0.208333,0.041835,0.013889,0.016372,0.340758,0.026655,0.183604,0.058917,0.149921,0.062645,0.763889,0.106473,0.569444,0.111677,0.000000
grounded_geometric_tamp,1,48,0.604178,0.041674,0.235864,0.026714,0.191267,0.019144,0.322917,0.059487,0.777778,0.109754,0.225694,0.055440,0.017361,0.020027,0.348974,0.025714,0.155654,0.055840,0.183095,0.059636,0.795139,0.101191,0.597222,0.107797,0.000000
grounded_geometric_tamp,2,48,0.588092,0.041479,0.248461,0.027004,0.200177,0.019780,0.340278,0.044528,0.746528,0.109174,0.256944,0.058324,0.013889,0.016372,0.341047,0.025386,0.180620,0.057014,0.156617,0.060342,0.760417,0.102430,0.552083,0.106172,0.000000
grounded_geometric_tamp,3,48,0.608665,0.040747,0.233935,0.025692,0.190479,0.018550,0.322917,0.055369,0.777778,0.106695,0.322917,0.065540,0.017361,0.014556,0.351212,0.024844,0.153584,0.053338,0.188329,0.058200,0.795139,0.096893,0.586806,0.112165,0.000000
grounded_geometric_tamp,4,48,0.608823,0.035385,0.230102,0.021824,0.187600,0.016093,0.302083,0.052067,0.781250,0.102083,0.361111,0.055306,0.024306,0.021726,0.353244,0.022295,0.149645,0.046115,0.191929,0.049564,0.805556,0.088255,0.625000,0.104077,0.000000
grounded_geometric_tamp,5,48,0.598088,0.037897,0.236074,0.024843,0.190365,0.018177,0.354167,0.055555,0.770833,0.105935,0.298611,0.052340,0.020833,0.020917,0.351218,0.023861,0.162322,0.051749,0.176590,0.054721,0.791667,0.095050,0.621528,0.104185,0.000000
grounded_geometric_tamp,6,48,0.596227,0.037885,0.238001,0.024734,0.191866,0.017488,0.305556,0.061000,0.767361,0.105986,0.260417,0.059883,0.027778,0.022462,0.349255,0.023031,0.163785,0.050565,0.173357,0.054518,0.795139,0.090846,0.586806,0.099661,0.000000
grounded_geometric_tamp,7,48,0.614662,0.036032,0.228852,0.021349,0.185842,0.016143,0.309028,0.053264,0.784722,0.102915,0.302083,0.054724,0.034722,0.030693,0.356201,0.021808,0.142508,0.045965,0.198517,0.050328,0.819444,0.084139,0.618056,0.098211,0.000000
grounded_geometric_tamp,8,48,0.595086,0.039924,0.243574,0.025771,0.197612,0.018779,0.333333,0.057542,0.763889,0.104681,0.270833,0.055555,0.010417,0.015088,0.345840,0.024788,0.170822,0.054073,0.166280,0.057572,0.774306,0.099423,0.562500,0.105935,0.000000
grounded_geometric_tamp,9,48,0.601163,0.037180,0.232904,0.024453,0.190096,0.017781,0.340278,0.062247,0.777778,0.106695,0.347222,0.070698,0.024306,0.023804,0.351740,0.023437,0.156224,0.050899,0.181479,0.053675,0.802083,0.094128,0.597222,0.106473,0.000000
physics_aware_tamp,0,48,0.671082,0.037560,0.190950,0.024682,0.152581,0.015947,0.430556,0.053125,0.864583,0.094128,0.152778,0.042210,0.010417,0.011534,0.403375,0.024233,0.091210,0.044805,0.281055,0.052923,0.875000,0.086723,0.788194,0.094671,0.000000
physics_aware_tamp,1,48,0.682454,0.033504,0.181434,0.020977,0.147457,0.014055,0.399306,0.047390,0.871528,0.094421,0.402778,0.072023,0.027778,0.028078,0.409403,0.021414,0.075355,0.038796,0.299103,0.046532,0.899306,0.075803,0.815972,0.087667,0.000000
physics_aware_tamp,2,48,0.676416,0.035240,0.186391,0.022510,0.150542,0.015744,0.350694,0.058552,0.871528,0.094421,0.211806,0.057327,0.013889,0.013170,0.406220,0.023213,0.083698,0.042208,0.289307,0.049620,0.885417,0.084320,0.791667,0.095050,0.000000
physics_aware_tamp,3,48,0.675435,0.035788,0.185511,0.022200,0.151522,0.015762,0.402778,0.050383,0.871528,0.094421,0.298611,0.065937,0.017361,0.017506,0.404720,0.022953,0.083573,0.041729,0.288761,0.050114,0.888889,0.082148,0.777778,0.102165,0.000000
physics_aware_tamp,4,48,0.684097,0.033502,0.179249,0.020263,0.146805,0.014817,0.437500,0.064242,0.875000,0.094551,0.326389,0.058324,0.031250,0.033207,0.410119,0.021321,0.073237,0.038150,0.302183,0.046662,0.906250,0.074650,0.812500,0.087334,0.000000
physics_aware_tamp,5,48,0.683658,0.034359,0.181588,0.021734,0.146945,0.014971,0.430556,0.052227,0.875000,0.094551,0.322917,0.072399,0.020833,0.025035,0.409407,0.022714,0.074871,0.040552,0.300586,0.047947,0.895833,0.081158,0.822917,0.087216,0.000000
physics_aware_tamp,6,48,0.675725,0.036864,0.186219,0.023648,0.149962,0.015475,0.381944,0.052340,0.875000,0.094551,0.340278,0.067357,0.013889,0.013170,0.405179,0.023896,0.082142,0.042907,0.289571,0.051435,0.888889,0.084420,0.777778,0.095958,0.000000
physics_aware_tamp,7,48,0.679620,0.033353,0.180551,0.020487,0.146485,0.014416,0.399306,0.059752,0.875000,0.094551,0.197917,0.050217,0.024306,0.019427,0.410336,0.021538,0.076348,0.038227,0.297091,0.046229,0.899306,0.076424,0.802083,0.088961,0.000000
physics_aware_tamp,8,48,0.680457,0.035249,0.183121,0.022447,0.149539,0.015476,0.402778,0.056575,0.875000,0.094551,0.388889,0.071031,0.017361,0.017506,0.409399,0.022521,0.078731,0.042317,0.294631,0.049671,0.892361,0.082238,0.784722,0.093271,0.000000
physics_aware_tamp,9,48,0.677936,0.036217,0.184967,0.023456,0.150506,0.015821,0.413194,0.063026,0.875000,0.094551,0.208333,0.051005,0.010417,0.011534,0.406115,0.023938,0.081622,0.043544,0.291722,0.050858,0.885417,0.087080,0.798611,0.099170,0.000000
semantic_model_predictive_planner,0,48,0.559682,0.034299,0.244452,0.026324,0.196045,0.018960,0.420139,0.057533,0.760417,0.110001,0.260417,0.044472,0.024306,0.021726,0.356972,0.024322,0.176642,0.055328,0.126819,0.053019,0.784722,0.097729,0.593750,0.101967,0.000000
semantic_model_predictive_planner,1,48,0.562616,0.032588,0.239395,0.025803,0.193326,0.018060,0.486111,0.057405,0.774306,0.106764,0.326389,0.056679,0.020833,0.028565,0.359165,0.024516,0.169918,0.052995,0.133723,0.050186,0.795139,0.097865,0.572917,0.103806,0.000000
semantic_model_predictive_planner,2,48,0.562939,0.035095,0.243574,0.026751,0.196420,0.019404,0.496528,0.064142,0.767361,0.109498,0.274306,0.067027,0.013889,0.016372,0.356644,0.025562,0.173202,0.056576,0.130453,0.053911,0.781250,0.102546,0.559028,0.107646,0.000000
semantic_model_predictive_planner,3,48,0.558188,0.034657,0.241128,0.027506,0.195106,0.019773,0.465278,0.054118,0.763889,0.110399,0.270833,0.066414,0.020833,0.023068,0.358906,0.025043,0.177664,0.056619,0.127117,0.054357,0.784722,0.100591,0.586806,0.106097,0.000000
semantic_model_predictive_planner,4,48,0.575627,0.030748,0.232089,0.022975,0.188420,0.016864,0.510417,0.061826,0.798611,0.102454,0.350694,0.067554,0.017361,0.017506,0.362822,0.023062,0.152830,0.048862,0.152968,0.046472,0.815972,0.092395,0.628472,0.102584,0.000000
semantic_model_predictive_planner,5,48,0.551218,0.038196,0.253087,0.029628,0.202859,0.021474,0.486111,0.058223,0.750000,0.115903,0.284722,0.065216,0.006944,0.009522,0.348322,0.027440,0.191169,0.062354,0.112074,0.059497,0.756944,0.112573,0.569444,0.109970,0.000000
semantic_model_predictive_planner,6,48,0.567624,0.032373,0.239043,0.025401,0.190938,0.016684,0.430556,0.064395,0.781250,0.106616,0.319444,0.065125,0.020833,0.018518,0.360300,0.023823,0.163562,0.052169,0.140178,0.049127,0.802083,0.095128,0.600694,0.102353,0.000000
semantic_model_predictive_planner,7,48,0.559494,0.033435,0.245509,0.025809,0.197732,0.018765,0.479167,0.051121,0.763889,0.107797,0.170139,0.060342,0.017361,0.020027,0.355218,0.024879,0.178005,0.054475,0.125540,0.051434,0.781250,0.099264,0.572917,0.101502,0.000000
semantic_model_predictive_planner,8,48,0.567285,0.033596,0.238307,0.025873,0.193642,0.018676,0.461806,0.056076,0.784722,0.108726,0.211806,0.044295,0.017361,0.017506,0.360888,0.024218,0.163604,0.054612,0.138072,0.051876,0.802083,0.099502,0.572917,0.099145,0.000000
semantic_model_predictive_planner,9,48,0.554020,0.034821,0.249246,0.027227,0.201404,0.019454,0.451389,0.058324,0.760417,0.110001,0.239583,0.050452,0.010417,0.015088,0.351106,0.025427,0.186015,0.056926,0.116983,0.054073,0.770833,0.105038,0.552083,0.107059,0.000000
proposed_abstraction_failure_audit_v4,0,48,0.559736,0.009138,0.219060,0.005818,0.179110,0.007451,0.645833,0.054697,0.875000,0.094551,0.447917,0.046804,0.048611,0.043452,0.338299,0.008081,0.137165,0.007118,0.161637,0.009535,1.000000,0.000000,0.368056,0.108726,0.000000
proposed_abstraction_failure_audit_v4,1,48,0.557615,0.010414,0.220343,0.005706,0.181132,0.007735,0.600694,0.046381,0.875000,0.094551,0.381944,0.071446,0.031250,0.028616,0.334996,0.007697,0.140406,0.008104,0.158702,0.010491,1.000000,0.000000,0.385417,0.114737,0.000000
proposed_abstraction_failure_audit_v4,2,48,0.560957,0.009453,0.217458,0.006174,0.177887,0.007501,0.656250,0.061057,0.875000,0.094551,0.368056,0.064487,0.048611,0.040054,0.340724,0.008929,0.135177,0.007921,0.163648,0.010621,1.000000,0.000000,0.402778,0.112940,0.000000
proposed_abstraction_failure_audit_v4,3,48,0.564473,0.009653,0.218897,0.006369,0.180332,0.007555,0.649306,0.053486,0.875000,0.094551,0.517361,0.068940,0.048611,0.042350,0.337136,0.008580,0.134046,0.008206,0.166076,0.010913,1.000000,0.000000,0.392361,0.113632,0.000000
proposed_abstraction_failure_audit_v4,4,48,0.564652,0.010237,0.216597,0.006671,0.178239,0.008194,0.694444,0.056991,0.868056,0.094280,0.385417,0.076063,0.052083,0.046804,0.339683,0.009848,0.132984,0.008893,0.168027,0.011867,1.000000,0.000000,0.406250,0.115456,0.000000
proposed_abstraction_failure_audit_v4,5,48,0.562619,0.009085,0.221704,0.006696,0.181047,0.007856,0.628472,0.056913,0.875000,0.094551,0.378472,0.047390,0.052083,0.041444,0.335532,0.008339,0.136211,0.007742,0.162753,0.011034,1.000000,0.000000,0.375000,0.114878,0.000000
proposed_abstraction_failure_audit_v4,6,48,0.559438,0.008083,0.216726,0.006267,0.177932,0.007935,0.656250,0.064815,0.875000,0.094551,0.461806,0.061699,0.062500,0.050187,0.340892,0.008109,0.136586,0.006763,0.162452,0.010143,1.000000,0.000000,0.413194,0.109606,0.000000
proposed_abstraction_failure_audit_v4,7,48,0.563652,0.010234,0.217655,0.006857,0.178355,0.008094,0.677083,0.062587,0.875000,0.094551,0.416667,0.074074,0.045139,0.036053,0.340599,0.009939,0.132982,0.009265,0.165944,0.011353,1.000000,0.000000,0.392361,0.114874,0.000000
proposed_abstraction_failure_audit_v4,8,48,0.562220,0.008880,0.221648,0.006156,0.182921,0.007853,0.656250,0.050918,0.875000,0.094551,0.472222,0.083858,0.055556,0.045965,0.336297,0.008385,0.136130,0.008082,0.160717,0.010483,1.000000,0.000000,0.378472,0.110786,0.000000
proposed_abstraction_failure_audit_v4,9,48,0.560836,0.007646,0.221356,0.005392,0.182856,0.007640,0.625000,0.057951,0.871528,0.094421,0.406250,0.075281,0.052083,0.042570,0.334627,0.006544,0.138428,0.005808,0.160249,0.009014,1.000000,0.000000,0.368056,0.106528,0.000000
risk_bounded_abstraction_failure_audit_v5,0,48,0.260846,0.018372,0.481995,0.016582,0.373428,0.014047,0.697917,0.051150,0.135417,0.042011,0.201389,0.049555,0.000000,0.000000,0.225067,0.010076,0.680909,0.032489,-0.382108,0.034664,0.135417,0.042011,0.086806,0.038893,0.000000
risk_bounded_abstraction_failure_audit_v5,1,48,0.252774,0.020071,0.488996,0.017374,0.380516,0.015074,0.673611,0.046604,0.107639,0.045088,0.190972,0.056705,0.000000,0.000000,0.219412,0.011485,0.696076,0.035403,-0.396968,0.037108,0.107639,0.045088,0.062500,0.041976,0.000000
risk_bounded_abstraction_failure_audit_v5,2,48,0.273079,0.020026,0.470775,0.018210,0.364457,0.013934,0.677083,0.049025,0.159722,0.050501,0.277778,0.057815,0.000000,0.000000,0.231956,0.012872,0.658626,0.036074,-0.359801,0.036154,0.159722,0.050501,0.104167,0.048266,0.000000
risk_bounded_abstraction_failure_audit_v5,3,48,0.254830,0.016300,0.486309,0.013823,0.378923,0.012408,0.628472,0.051687,0.118056,0.030693,0.163194,0.044027,0.000000,0.000000,0.220337,0.007018,0.692716,0.027970,-0.392595,0.031318,0.118056,0.030693,0.065972,0.027059,0.000000
risk_bounded_abstraction_failure_audit_v5,4,48,0.288349,0.020210,0.457571,0.019015,0.356251,0.013683,0.649306,0.059354,0.190972,0.055012,0.270833,0.062752,0.000000,0.000000,0.237153,0.013153,0.634158,0.035635,-0.333147,0.036274,0.190972,0.055012,0.107639,0.049106,0.000000
risk_bounded_abstraction_failure_audit_v5,5,48,0.267832,0.020095,0.475670,0.016282,0.368519,0.015324,0.638889,0.052678,0.152778,0.043316,0.274306,0.050060,0.000000,0.000000,0.229001,0.010965,0.668536,0.034127,-0.369571,0.037275,0.152778,0.043316,0.093750,0.041158,0.000000
risk_bounded_abstraction_failure_audit_v5,6,48,0.272772,0.025523,0.470872,0.021521,0.365628,0.019153,0.680556,0.055732,0.163194,0.061121,0.204861,0.064693,0.003472,0.006806,0.232198,0.014610,0.660147,0.045297,-0.361109,0.046576,0.166667,0.060741,0.107639,0.051915,0.000000
risk_bounded_abstraction_failure_audit_v5,7,48,0.251920,0.015811,0.489390,0.013003,0.379100,0.012587,0.635417,0.060473,0.114583,0.029431,0.184028,0.040384,0.000000,0.000000,0.220353,0.006816,0.696353,0.026400,-0.397427,0.030612,0.114583,0.029431,0.072917,0.025561,0.000000
risk_bounded_abstraction_failure_audit_v5,8,48,0.260703,0.016753,0.475578,0.014470,0.371880,0.013426,0.708333,0.051005,0.149306,0.037970,0.232639,0.053042,0.000000,0.000000,0.229594,0.009380,0.676162,0.029362,-0.379315,0.032113,0.149306,0.037970,0.097222,0.036175,0.000000
risk_bounded_abstraction_failure_audit_v5,9,48,0.259499,0.020076,0.481943,0.017797,0.376679,0.014653,0.649306,0.056076,0.125000,0.045099,0.232639,0.056496,0.000000,0.000000,0.223832,0.011220,0.683923,0.035370,-0.385246,0.037163,0.125000,0.045099,0.076389,0.040054,0.000000
oracle_mechanics_preserving_planner,0,48,0.528175,0.017197,0.218022,0.007703,0.177523,0.008920,1.000000,0.000000,0.875000,0.094551,0.000000,0.000000,0.000000,0.000000,0.255025,0.012607,0.132006,0.017250,0.166796,0.019788,1.000000,0.000000,0.409722,0.129751,0.000000
oracle_mechanics_preserving_planner,1,48,0.528613,0.017236,0.217071,0.007670,0.178117,0.009112,1.000000,0.000000,0.875000,0.094551,0.000000,0.000000,0.000000,0.000000,0.255025,0.012607,0.131751,0.017265,0.167358,0.020130,1.000000,0.000000,0.430556,0.131516,0.000000
oracle_mechanics_preserving_planner,2,48,0.528292,0.017110,0.217920,0.007825,0.177529,0.008946,1.000000,0.000000,0.875000,0.094551,0.000000,0.000000,0.000000,0.000000,0.255025,0.012607,0.131859,0.017215,0.166967,0.019993,1.000000,0.000000,0.420139,0.133357,0.000000
oracle_mechanics_preserving_planner,3,48,0.529257,0.017178,0.216418,0.007725,0.177696,0.008693,1.000000,0.000000,0.875000,0.094551,0.000000,0.000000,0.000000,0.000000,0.255025,0.012607,0.131439,0.017126,0.168683,0.019824,1.000000,0.000000,0.444444,0.128053,0.000000
oracle_mechanics_preserving_planner,4,48,0.529759,0.017331,0.216054,0.007613,0.177243,0.009201,1.000000,0.000000,0.875000,0.094551,0.000000,0.000000,0.000000,0.000000,0.255025,0.012607,0.131288,0.017184,0.169722,0.020323,1.000000,0.000000,0.434028,0.130398,0.000000
oracle_mechanics_preserving_planner,5,48,0.528319,0.017101,0.217963,0.007832,0.177336,0.008817,1.000000,0.000000,0.875000,0.094551,0.000000,0.000000,0.000000,0.000000,0.255025,0.012607,0.131857,0.017211,0.167108,0.019923,1.000000,0.000000,0.427083,0.128633,0.000000
oracle_mechanics_preserving_planner,6,48,0.528438,0.017116,0.217698,0.007532,0.177577,0.009328,1.000000,0.000000,0.875000,0.094551,0.000000,0.000000,0.000000,0.000000,0.255025,0.012607,0.131830,0.017206,0.167208,0.019914,1.000000,0.000000,0.440972,0.129214,0.000000
oracle_mechanics_preserving_planner,7,48,0.528342,0.017100,0.217796,0.007837,0.177448,0.008774,1.000000,0.000000,0.875000,0.094551,0.000000,0.000000,0.000000,0.000000,0.255025,0.012607,0.131779,0.017237,0.167148,0.019838,1.000000,0.000000,0.423611,0.128652,0.000000
oracle_mechanics_preserving_planner,8,48,0.527231,0.017267,0.218258,0.007672,0.179475,0.009095,1.000000,0.000000,0.875000,0.094551,0.000000,0.000000,0.000000,0.000000,0.255025,0.012607,0.132538,0.017337,0.164309,0.020133,1.000000,0.000000,0.437500,0.127792,0.000000
oracle_mechanics_preserving_planner,9,48,0.528556,0.016977,0.216788,0.007472,0.178762,0.009154,1.000000,0.000000,0.875000,0.094551,0.000000,0.000000,0.000000,0.000000,0.255025,0.012607,0.131677,0.017167,0.167000,0.019717,1.000000,0.000000,0.430556,0.125630,0.000000
active_relational_abstraction,0,48,0.531536,0.015687,0.236274,0.015714,0.190594,0.011145,0.458333,0.059562,0.795139,0.100723,0.440972,0.048133,0.125000,0.094551,0.308316,0.009987,0.166739,0.029946,0.127777,0.028107,0.920139,0.053264,0.503472,0.078711,0.110000
active_relational_abstraction,1,48,0.514740,0.020081,0.245689,0.018845,0.198534,0.014668,0.496528,0.056287,0.777778,0.108889,0.177083,0.042847,0.125000,0.094551,0.297390,0.012810,0.189220,0.038289,0.104392,0.035365,0.902778,0.070025,0.333333,0.090721,0.110000
active_relational_abstraction,2,48,0.527957,0.019236,0.235567,0.017809,0.189128,0.013084,0.486111,0.062909,0.795139,0.105314,0.312500,0.052038,0.121528,0.092139,0.309790,0.012365,0.169545,0.035577,0.125045,0.033303,0.916667,0.061515,0.437500,0.093608,0.110000
active_relational_abstraction,3,48,0.541712,0.013058,0.228387,0.012550,0.185401,0.010925,0.458333,0.052828,0.812500,0.099487,0.486111,0.062152,0.125000,0.094551,0.313516,0.008954,0.150353,0.025500,0.144083,0.023955,0.937500,0.047276,0.503472,0.081079,0.110000
active_relational_abstraction,4,48,0.519385,0.018707,0.243709,0.017662,0.196792,0.014480,0.496528,0.051915,0.770833,0.105487,0.354167,0.056400,0.125000,0.094551,0.304274,0.012083,0.184511,0.035787,0.108548,0.033759,0.895833,0.065698,0.447917,0.083758,0.110000
active_relational_abstraction,5,48,0.520031,0.021540,0.244599,0.020115,0.196843,0.015244,0.506944,0.053236,0.774306,0.110251,0.295139,0.059354,0.125000,0.094551,0.299347,0.013275,0.184246,0.040388,0.110711,0.037946,0.899306,0.072616,0.413194,0.092778,0.110000
active_relational_abstraction,6,48,0.525954,0.016156,0.238306,0.015093,0.192094,0.011761,0.447917,0.054290,0.798611,0.102454,0.329861,0.057943,0.125000,0.094551,0.303966,0.010348,0.171473,0.030851,0.121763,0.028198,0.923611,0.055838,0.399306,0.085757,0.110000
active_relational_abstraction,7,48,0.513577,0.020915,0.247554,0.019591,0.198328,0.014601,0.468750,0.071907,0.770833,0.108144,0.277778,0.068316,0.125000,0.094551,0.297519,0.012976,0.192468,0.039240,0.102242,0.036547,0.895833,0.069884,0.409722,0.096756,0.110000
active_relational_abstraction,8,48,0.521296,0.018896,0.241960,0.018290,0.195422,0.013633,0.482639,0.058552,0.784722,0.105188,0.329861,0.056287,0.125000,0.094551,0.300690,0.011393,0.181155,0.035339,0.113966,0.033762,0.909722,0.063003,0.395833,0.095112,0.110000
active_relational_abstraction,9,48,0.541248,0.011513,0.227501,0.011251,0.185040,0.009102,0.420139,0.057533,0.822917,0.097461,0.468750,0.058079,0.125000,0.094551,0.314065,0.007824,0.148237,0.022405,0.144162,0.020254,0.947917,0.040287,0.489583,0.087756,0.110000
llm_tamp_failure_reasoning,0,48,0.579792,0.026974,0.220254,0.020743,0.179257,0.014540,0.420139,0.059155,0.802083,0.102776,0.451389,0.053236,0.045139,0.036053,0.356855,0.019527,0.134060,0.041808,0.173100,0.041078,0.847222,0.077098,0.600694,0.098106,0.110000
llm_tamp_failure_reasoning,1,48,0.569939,0.031176,0.237126,0.023172,0.191631,0.017042,0.420139,0.061507,0.777778,0.104001,0.347222,0.053125,0.027778,0.028078,0.343651,0.022558,0.156157,0.048020,0.150098,0.047218,0.805556,0.089848,0.538194,0.106653,0.110000
llm_tamp_failure_reasoning,2,48,0.561144,0.030908,0.240263,0.023653,0.193094,0.017267,0.440972,0.060342,0.770833,0.101371,0.361111,0.043859,0.020833,0.020917,0.341483,0.022842,0.167255,0.047954,0.139342,0.047325,0.791667,0.089936,0.565972,0.105539,0.110000
llm_tamp_failure_reasoning,3,48,0.574628,0.026215,0.221982,0.020334,0.180965,0.015215,0.444444,0.056991,0.802083,0.101386,0.468750,0.058888,0.034722,0.030693,0.353415,0.020769,0.139080,0.041374,0.167149,0.039988,0.836806,0.081661,0.618056,0.092251,0.110000
llm_tamp_failure_reasoning,4,48,0.570528,0.031299,0.231640,0.022675,0.187694,0.016533,0.416667,0.060741,0.788194,0.103273,0.350694,0.046888,0.027778,0.024477,0.347519,0.022738,0.150092,0.047581,0.155079,0.046574,0.815972,0.087667,0.590278,0.097243,0.110000
llm_tamp_failure_reasoning,5,48,0.560040,0.034303,0.242511,0.026519,0.195221,0.019200,0.496528,0.058754,0.763889,0.109539,0.326389,0.075314,0.024306,0.021726,0.338822,0.024225,0.170019,0.054066,0.136518,0.053264,0.788194,0.097137,0.552083,0.108376,0.110000
llm_tamp_failure_reasoning,6,48,0.569295,0.032035,0.236505,0.024247,0.190498,0.017296,0.409722,0.058324,0.784722,0.104737,0.364583,0.062776,0.024306,0.029162,0.343969,0.023255,0.155170,0.049588,0.150497,0.048609,0.809028,0.093287,0.552083,0.106616,0.110000
llm_tamp_failure_reasoning,7,48,0.581714,0.026811,0.219477,0.019590,0.179147,0.015324,0.454861,0.058147,0.805556,0.100296,0.451389,0.069432,0.041667,0.038293,0.355913,0.020459,0.131298,0.040965,0.175949,0.040394,0.847222,0.077709,0.600694,0.104185,0.110000
llm_tamp_failure_reasoning,8,48,0.562506,0.030863,0.234190,0.024060,0.188927,0.017048,0.336806,0.057121,0.781250,0.104827,0.256944,0.037618,0.024306,0.021726,0.344253,0.022347,0.160322,0.048992,0.146062,0.047590,0.805556,0.091414,0.579861,0.103388,0.110000
llm_tamp_failure_reasoning,9,48,0.566796,0.027592,0.224900,0.022010,0.183644,0.016193,0.430556,0.052227,0.788194,0.103730,0.368056,0.065937,0.041667,0.037037,0.353323,0.020211,0.148139,0.044171,0.155735,0.043252,0.829861,0.082238,0.579861,0.093792,0.110000
runtime_monitor_replanner,0,48,0.336724,0.026646,0.339640,0.029046,0.261452,0.024274,0.208333,0.046136,0.114583,0.077906,0.368056,0.040054,0.003472,0.006806,0.217688,0.018835,0.434457,0.048810,-0.139941,0.053363,0.625000,0.069119,0.295139,0.109714,0.110000
runtime_monitor_replanner,1,48,0.383782,0.023932,0.283670,0.026013,0.220084,0.022587,0.236111,0.048469,0.239583,0.083049,0.500000,0.066681,0.000000,0.000000,0.254983,0.017748,0.339911,0.043935,-0.046300,0.048245,0.767361,0.067903,0.454861,0.103730,0.110000
runtime_monitor_replanner,2,48,0.358380,0.021730,0.311609,0.024415,0.236135,0.020545,0.250000,0.055874,0.145833,0.074472,0.468750,0.057259,0.000000,0.000000,0.232910,0.015994,0.384784,0.040718,-0.090193,0.044607,0.715278,0.063749,0.354167,0.100434,0.110000
runtime_monitor_replanner,3,48,0.372058,0.025089,0.301273,0.026187,0.230503,0.021054,0.253472,0.050530,0.211806,0.084086,0.475694,0.056705,0.000000,0.000000,0.244594,0.018395,0.365809,0.043965,-0.071373,0.048321,0.718750,0.059288,0.381944,0.103374,0.110000
runtime_monitor_replanner,4,48,0.360413,0.024727,0.311091,0.027552,0.237857,0.022050,0.243056,0.049555,0.173611,0.086427,0.402778,0.068661,0.000000,0.000000,0.236451,0.018617,0.383645,0.045446,-0.090586,0.049138,0.704861,0.069623,0.364583,0.108594,0.110000
runtime_monitor_replanner,5,48,0.383878,0.022205,0.278162,0.021858,0.212397,0.018279,0.225694,0.038280,0.180556,0.083007,0.541667,0.068431,0.000000,0.000000,0.249722,0.017104,0.330222,0.037337,-0.035265,0.041450,0.809028,0.048622,0.378472,0.103730,0.110000
runtime_monitor_replanner,6,48,0.350920,0.027692,0.325904,0.031429,0.250493,0.025954,0.309028,0.058350,0.170139,0.086717,0.326389,0.062247,0.006944,0.009522,0.231003,0.020081,0.408716,0.053122,-0.115480,0.056509,0.652778,0.081860,0.354167,0.110310,0.110000
runtime_monitor_replanner,7,48,0.351764,0.025134,0.328735,0.030424,0.252140,0.024091,0.229167,0.046264,0.180556,0.075235,0.329861,0.058754,0.000000,0.000000,0.229181,0.018149,0.411408,0.049703,-0.116699,0.052912,0.631944,0.083078,0.343750,0.098906,0.110000
runtime_monitor_replanner,8,48,0.359341,0.023739,0.316594,0.026478,0.245864,0.022824,0.267361,0.052142,0.184028,0.080347,0.371528,0.040384,0.006944,0.013611,0.234990,0.018230,0.395122,0.044129,-0.100001,0.048194,0.666667,0.066681,0.350694,0.099304,0.110000
runtime_monitor_replanner,9,48,0.354871,0.026988,0.322095,0.029184,0.249177,0.024355,0.277778,0.045965,0.190972,0.081950,0.354167,0.052038,0.003472,0.006806,0.234375,0.019181,0.402188,0.048787,-0.109789,0.053784,0.656250,0.069736,0.347222,0.098151,0.110000
grounded_geometric_tamp,0,48,0.601305,0.037402,0.230729,0.023954,0.186590,0.016565,0.250000,0.048632,0.777778,0.106251,0.354167,0.060448,0.031250,0.025094,0.355640,0.022672,0.151310,0.049896,0.183769,0.053193,0.809028,0.089138,0.621528,0.094671,0.110000
grounded_geometric_tamp,1,48,0.608054,0.035666,0.226720,0.022189,0.183770,0.016014,0.357639,0.062271,0.784722,0.106528,0.413194,0.065239,0.045139,0.037342,0.357541,0.021499,0.140100,0.046389,0.194074,0.050252,0.829861,0.083380,0.618056,0.104737,0.110000
grounded_geometric_tamp,2,48,0.607384,0.037324,0.230786,0.023771,0.186047,0.016946,0.336806,0.050996,0.784722,0.106083,0.315972,0.070969,0.027778,0.022462,0.355254,0.022911,0.146014,0.049342,0.190368,0.053034,0.812500,0.090526,0.621528,0.105090,0.110000
grounded_geometric_tamp,3,48,0.597719,0.033990,0.228875,0.021538,0.185211,0.016208,0.364583,0.054724,0.777778,0.106251,0.402778,0.056575,0.041667,0.032984,0.355287,0.021263,0.149834,0.045705,0.182399,0.048487,0.819444,0.084139,0.628472,0.097865,0.110000
grounded_geometric_tamp,4,48,0.596802,0.039498,0.238100,0.025116,0.191718,0.018448,0.357639,0.053264,0.763889,0.109539,0.312500,0.063501,0.031250,0.025094,0.350067,0.023547,0.159675,0.053030,0.173639,0.056890,0.795139,0.093413,0.597222,0.098632,0.110000
grounded_geometric_tamp,5,48,0.599999,0.038711,0.232616,0.026022,0.188022,0.018844,0.343750,0.061057,0.774306,0.111106,0.270833,0.067823,0.031250,0.028616,0.352869,0.024000,0.153404,0.053286,0.181500,0.056773,0.805556,0.095958,0.611111,0.104906,0.110000
grounded_geometric_tamp,6,48,0.608682,0.032147,0.230381,0.019171,0.186579,0.014213,0.312500,0.051121,0.781250,0.099740,0.361111,0.045965,0.041667,0.032984,0.356569,0.018746,0.144676,0.040608,0.190966,0.044966,0.822917,0.075595,0.600694,0.098587,0.110000
grounded_geometric_tamp,7,48,0.583574,0.041545,0.245589,0.027274,0.197583,0.020219,0.347222,0.057405,0.756944,0.110880,0.243056,0.038855,0.013889,0.016372,0.341801,0.025798,0.175346,0.057155,0.155316,0.060530,0.770833,0.104133,0.562500,0.116969,0.110000
grounded_geometric_tamp,8,48,0.604731,0.038170,0.232506,0.024453,0.188460,0.017429,0.336806,0.050996,0.788194,0.103273,0.288194,0.054796,0.017361,0.022264,0.352458,0.023884,0.149838,0.049971,0.186154,0.054250,0.805556,0.094468,0.586806,0.110037,0.110000
grounded_geometric_tamp,9,48,0.596718,0.037641,0.234715,0.024386,0.190431,0.017463,0.298611,0.052340,0.770833,0.106824,0.284722,0.054985,0.034722,0.029111,0.351760,0.023020,0.155690,0.050503,0.175734,0.054171,0.805556,0.088789,0.611111,0.099349,0.110000
physics_aware_tamp,0,48,0.677794,0.033454,0.181311,0.020393,0.147944,0.014604,0.406250,0.057465,0.875000,0.094551,0.333333,0.058358,0.024306,0.021726,0.408629,0.021963,0.074612,0.038556,0.294489,0.046320,0.899306,0.077041,0.798611,0.090177,0.110000
physics_aware_tamp,1,48,0.673421,0.034589,0.183683,0.022255,0.149125,0.015126,0.375000,0.058762,0.871528,0.094421,0.284722,0.051429,0.024306,0.027492,0.408436,0.022100,0.079828,0.040736,0.287971,0.048731,0.895833,0.078793,0.802083,0.093118,0.110000
physics_aware_tamp,2,48,0.681496,0.033597,0.180665,0.021041,0.146288,0.015033,0.354167,0.061226,0.875000,0.094551,0.336806,0.055440,0.024306,0.021726,0.411474,0.021440,0.073948,0.039619,0.298564,0.047331,0.899306,0.077041,0.826389,0.088054,0.110000
physics_aware_tamp,3,48,0.672059,0.033611,0.185287,0.021258,0.149628,0.014825,0.381944,0.064487,0.871528,0.094421,0.267361,0.061314,0.020833,0.023068,0.406055,0.022607,0.080823,0.039636,0.286318,0.046792,0.892361,0.080494,0.795139,0.088739,0.110000
physics_aware_tamp,4,48,0.681271,0.031248,0.180176,0.019641,0.146180,0.013493,0.385417,0.057670,0.875000,0.094551,0.388889,0.069687,0.031250,0.028616,0.412102,0.020017,0.071783,0.036605,0.298436,0.043691,0.906250,0.072724,0.805556,0.085533,0.110000
physics_aware_tamp,5,48,0.674854,0.036882,0.185305,0.024270,0.149525,0.016199,0.395833,0.051121,0.875000,0.094551,0.246528,0.071467,0.010417,0.015088,0.406694,0.024148,0.081366,0.044211,0.288908,0.052223,0.885417,0.087622,0.795139,0.094920,0.110000
physics_aware_tamp,6,48,0.678669,0.034549,0.183096,0.022677,0.147361,0.015082,0.430556,0.060611,0.875000,0.094551,0.298611,0.064487,0.020833,0.020917,0.410584,0.021847,0.076888,0.041593,0.293928,0.049177,0.895833,0.079984,0.802083,0.090018,0.110000
physics_aware_tamp,7,48,0.678453,0.032883,0.180657,0.019865,0.146839,0.014768,0.364583,0.056427,0.871528,0.094421,0.274306,0.055440,0.027778,0.026339,0.410749,0.021216,0.075323,0.038243,0.295434,0.045864,0.899306,0.075176,0.819444,0.088522,0.110000
physics_aware_tamp,8,48,0.680347,0.031516,0.178594,0.019101,0.146077,0.013648,0.381944,0.059924,0.875000,0.094551,0.291667,0.078114,0.034722,0.033635,0.410806,0.020441,0.070599,0.035861,0.299049,0.043435,0.909722,0.071446,0.798611,0.090700,0.110000
physics_aware_tamp,9,48,0.680410,0.032827,0.179978,0.020134,0.147130,0.014195,0.357639,0.073426,0.868056,0.094280,0.378472,0.066496,0.034722,0.036339,0.412181,0.021067,0.073132,0.037559,0.296973,0.045585,0.902778,0.072677,0.822917,0.084461,0.110000
semantic_model_predictive_planner,0,48,0.560291,0.032432,0.241368,0.025296,0.194074,0.017380,0.444444,0.057815,0.770833,0.107266,0.253472,0.052369,0.027778,0.028078,0.358697,0.023260,0.169221,0.052415,0.129912,0.049943,0.798611,0.093777,0.565972,0.101890,0.110000
semantic_model_predictive_planner,1,48,0.548974,0.036045,0.247274,0.028742,0.198291,0.020045,0.479167,0.051121,0.753472,0.114255,0.173611,0.053236,0.017361,0.017506,0.354974,0.026283,0.184448,0.059308,0.113696,0.055961,0.770833,0.105935,0.569444,0.112521,0.110000
semantic_model_predictive_planner,2,48,0.565527,0.031394,0.238318,0.024523,0.190413,0.016996,0.413194,0.050530,0.781250,0.106172,0.354167,0.069884,0.024306,0.025714,0.361487,0.023290,0.161039,0.050870,0.138380,0.048093,0.805556,0.093966,0.631944,0.101527,0.110000
semantic_model_predictive_planner,3,48,0.565521,0.032167,0.237368,0.024977,0.191433,0.018296,0.486111,0.045448,0.777778,0.108454,0.274306,0.046125,0.027778,0.028078,0.361087,0.024101,0.160864,0.052595,0.138359,0.049730,0.805556,0.094967,0.593750,0.103806,0.110000
semantic_model_predictive_planner,4,48,0.555699,0.033730,0.245396,0.026338,0.197098,0.018742,0.472222,0.055306,0.767361,0.108631,0.177083,0.039396,0.017361,0.017506,0.355771,0.025004,0.175599,0.055054,0.122035,0.052013,0.784722,0.099646,0.586806,0.100605,0.110000
semantic_model_predictive_planner,5,48,0.548535,0.032771,0.246659,0.026272,0.197645,0.018740,0.420139,0.047639,0.753472,0.112586,0.177083,0.022615,0.027778,0.024477,0.354222,0.023328,0.184712,0.054594,0.114396,0.051798,0.781250,0.099264,0.562500,0.102762,0.110000
semantic_model_predictive_planner,6,48,0.562910,0.030371,0.234616,0.023628,0.189309,0.016940,0.434028,0.050295,0.784722,0.101992,0.291667,0.056295,0.027778,0.031266,0.366559,0.022369,0.161617,0.048516,0.136575,0.046776,0.812500,0.088411,0.614583,0.099264,0.110000
semantic_model_predictive_planner,7,48,0.561924,0.028437,0.236269,0.022177,0.189541,0.015699,0.465278,0.053236,0.784722,0.098692,0.309028,0.073426,0.020833,0.023068,0.363605,0.022669,0.163792,0.045690,0.135704,0.042940,0.805556,0.087176,0.642361,0.097259,0.110000
semantic_model_predictive_planner,8,48,0.564666,0.032079,0.232377,0.025569,0.188022,0.018282,0.458333,0.069119,0.784722,0.108290,0.243056,0.046604,0.027778,0.026339,0.366088,0.023616,0.159196,0.052285,0.140755,0.049942,0.812500,0.094112,0.600694,0.106875,0.110000
semantic_model_predictive_planner,9,48,0.563474,0.030594,0.234686,0.024183,0.189875,0.016897,0.430556,0.065125,0.781250,0.107500,0.295139,0.076114,0.031250,0.026913,0.364266,0.022867,0.159531,0.050079,0.137654,0.047158,0.812500,0.091047,0.590278,0.097243,0.110000
proposed_abstraction_failure_audit_v4,0,48,0.557442,0.008248,0.221288,0.005759,0.181666,0.007499,0.572917,0.057465,0.871528,0.094421,0.451389,0.063003,0.055556,0.046983,0.335606,0.007915,0.137174,0.006903,0.157342,0.009219,1.000000,0.000000,0.392361,0.108085,0.110000
proposed_abstraction_failure_audit_v4,1,48,0.556794,0.008759,0.222259,0.006413,0.182422,0.008074,0.621528,0.067203,0.871528,0.094421,0.392361,0.072453,0.062500,0.051121,0.335186,0.008088,0.137850,0.007724,0.155762,0.011236,1.000000,0.000000,0.364583,0.117386,0.110000
proposed_abstraction_failure_audit_v4,2,48,0.552193,0.009882,0.216707,0.005575,0.176309,0.006805,0.600694,0.054796,0.875000,0.094551,0.510417,0.073694,0.034722,0.027439,0.341267,0.008748,0.138362,0.007731,0.156229,0.009204,1.000000,0.000000,0.447917,0.107500,0.110000
proposed_abstraction_failure_audit_v4,3,48,0.555593,0.008004,0.217071,0.007027,0.177942,0.008087,0.649306,0.051687,0.875000,0.094551,0.486111,0.082435,0.052083,0.041444,0.340784,0.009492,0.135991,0.007154,0.158445,0.009920,1.000000,0.000000,0.392361,0.108957,0.110000
proposed_abstraction_failure_audit_v4,4,48,0.555792,0.009870,0.222167,0.006178,0.181198,0.007748,0.597222,0.049436,0.875000,0.094551,0.270833,0.058863,0.038194,0.029565,0.336215,0.008816,0.137797,0.008149,0.155262,0.010415,1.000000,0.000000,0.361111,0.116039,0.110000
proposed_abstraction_failure_audit_v4,5,48,0.556803,0.009158,0.221832,0.006065,0.181520,0.007893,0.645833,0.064242,0.871528,0.094421,0.350694,0.079756,0.048611,0.038855,0.334764,0.008455,0.138113,0.007992,0.156844,0.010526,1.000000,0.000000,0.378472,0.111213,0.110000
proposed_abstraction_failure_audit_v4,6,48,0.551617,0.009099,0.221398,0.005349,0.180771,0.007176,0.614583,0.060863,0.875000,0.094551,0.506944,0.067357,0.048611,0.045577,0.336487,0.007311,0.141509,0.006914,0.151726,0.009407,1.000000,0.000000,0.381944,0.106083,0.110000
proposed_abstraction_failure_audit_v4,7,48,0.553128,0.009438,0.220911,0.005901,0.179747,0.007413,0.593750,0.062964,0.871528,0.094421,0.288194,0.067203,0.034722,0.029111,0.335870,0.008332,0.140193,0.008114,0.154516,0.009204,1.000000,0.000000,0.378472,0.103730,0.110000
proposed_abstraction_failure_audit_v4,8,48,0.552684,0.008158,0.218705,0.005726,0.180045,0.007759,0.625000,0.054589,0.871528,0.094421,0.402778,0.065848,0.048611,0.042350,0.337125,0.007712,0.140511,0.005945,0.154611,0.008600,1.000000,0.000000,0.388889,0.098871,0.110000
proposed_abstraction_failure_audit_v4,9,48,0.553928,0.007941,0.215497,0.005933,0.178034,0.007655,0.593750,0.055794,0.875000,0.094551,0.444444,0.055306,0.055556,0.042766,0.343137,0.008878,0.135761,0.006064,0.156638,0.009167,1.000000,0.000000,0.437500,0.099011,0.110000
risk_bounded_abstraction_failure_audit_v5,0,48,0.279271,0.017189,0.464866,0.015285,0.361017,0.012340,0.701389,0.047608,0.184028,0.043757,0.281250,0.050686,0.000000,0.000000,0.234892,0.010124,0.643454,0.029817,-0.348938,0.031925,0.184028,0.043757,0.100694,0.037342,0.110000
risk_bounded_abstraction_failure_audit_v5,1,48,0.245185,0.019891,0.494297,0.016461,0.383449,0.015422,0.670139,0.053706,0.100694,0.033325,0.208333,0.047150,0.000000,0.000000,0.218925,0.008864,0.703151,0.033366,-0.409539,0.037386,0.100694,0.033325,0.072917,0.033561,0.110000
risk_bounded_abstraction_failure_audit_v5,2,48,0.248195,0.017665,0.492896,0.014480,0.379953,0.013288,0.652778,0.050383,0.107639,0.032969,0.163194,0.045088,0.000000,0.000000,0.218575,0.007635,0.697643,0.029897,-0.403052,0.033229,0.107639,0.032969,0.062500,0.028565,0.110000
risk_bounded_abstraction_failure_audit_v5,3,48,0.255066,0.025348,0.486918,0.022015,0.377238,0.017343,0.628472,0.060146,0.118056,0.058324,0.232639,0.080052,0.000000,0.000000,0.220978,0.013583,0.686205,0.044313,-0.391769,0.045717,0.118056,0.058324,0.065972,0.045350,0.110000
risk_bounded_abstraction_failure_audit_v5,4,48,0.260481,0.018266,0.478874,0.016792,0.369642,0.013440,0.628472,0.056076,0.145833,0.041976,0.246528,0.058350,0.000000,0.000000,0.227920,0.009624,0.672194,0.032572,-0.379135,0.034654,0.152778,0.042210,0.097222,0.033458,0.110000
risk_bounded_abstraction_failure_audit_v5,5,48,0.259115,0.020443,0.482923,0.017324,0.374601,0.015559,0.677083,0.061826,0.128472,0.044825,0.232639,0.048378,0.000000,0.000000,0.224341,0.011338,0.679873,0.035847,-0.384916,0.038100,0.128472,0.044825,0.083333,0.038905,0.110000
risk_bounded_abstraction_failure_audit_v5,6,48,0.254203,0.013380,0.486977,0.011245,0.377747,0.012219,0.673611,0.054985,0.125000,0.032984,0.173611,0.036339,0.000000,0.000000,0.222353,0.007795,0.686845,0.024242,-0.393609,0.026835,0.125000,0.032984,0.069444,0.028908,0.110000
risk_bounded_abstraction_failure_audit_v5,7,48,0.305807,0.025674,0.442181,0.023792,0.341491,0.016916,0.645833,0.050187,0.246528,0.068769,0.392361,0.078108,0.000000,0.000000,0.248537,0.015945,0.595626,0.044934,-0.300917,0.045869,0.250000,0.068776,0.163194,0.059553,0.110000
risk_bounded_abstraction_failure_audit_v5,8,48,0.257648,0.017950,0.484457,0.016225,0.376842,0.014522,0.621528,0.059752,0.121528,0.044295,0.208333,0.051005,0.000000,0.000000,0.221760,0.010231,0.682924,0.032345,-0.387803,0.034057,0.121528,0.044295,0.072917,0.036271,0.110000
risk_bounded_abstraction_failure_audit_v5,9,48,0.256627,0.017534,0.482295,0.016195,0.374834,0.012271,0.621528,0.057327,0.131944,0.040054,0.246528,0.047639,0.000000,0.000000,0.226213,0.010383,0.680392,0.031038,-0.387994,0.032411,0.131944,0.040054,0.090278,0.038855,0.110000
oracle_mechanics_preserving_planner,0,48,0.523297,0.016904,0.217488,0.007545,0.177790,0.008861,1.000000,0.000000,0.875000,0.094551,0.000000,0.000000,0.000000,0.000000,0.255025,0.012607,0.132481,0.017189,0.162034,0.019605,1.000000,0.000000,0.437500,0.125174,0.110000
oracle_mechanics_preserving_planner,1,48,0.522511,0.017561,0.218202,0.007926,0.178424,0.009430,1.000000,0.000000,0.875000,0.094551,0.000000,0.000000,0.000000,0.000000,0.255025,0.012607,0.133233,0.017434,0.160379,0.020833,1.000000,0.000000,0.423611,0.132635,0.110000
oracle_mechanics_preserving_planner,2,48,0.523003,0.017206,0.218220,0.007502,0.176915,0.008514,1.000000,0.000000,0.875000,0.094551,0.000000,0.000000,0.000000,0.000000,0.255025,0.012607,0.132644,0.017357,0.161946,0.019717,1.000000,0.000000,0.447917,0.127247,0.110000
oracle_mechanics_preserving_planner,3,48,0.523129,0.016951,0.217796,0.007945,0.177537,0.008869,1.000000,0.000000,0.875000,0.094551,0.000000,0.000000,0.000000,0.000000,0.255025,0.012607,0.132565,0.017196,0.161871,0.019843,1.000000,0.000000,0.423611,0.126801,0.110000
oracle_mechanics_preserving_planner,4,48,0.522021,0.017627,0.218961,0.007921,0.178276,0.009006,1.000000,0.000000,0.875000,0.094551,0.000000,0.000000,0.000000,0.000000,0.255025,0.012607,0.133505,0.017495,0.159554,0.020830,1.000000,0.000000,0.406250,0.131901,0.110000
oracle_mechanics_preserving_planner,5,48,0.523330,0.017317,0.217556,0.007712,0.177443,0.008975,1.000000,0.000000,0.875000,0.094551,0.000000,0.000000,0.000000,0.000000,0.255025,0.012607,0.132678,0.017282,0.162279,0.020186,1.000000,0.000000,0.434028,0.127463,0.110000
oracle_mechanics_preserving_planner,6,48,0.522160,0.017494,0.218772,0.007480,0.178110,0.008949,1.000000,0.000000,0.875000,0.094551,0.000000,0.000000,0.000000,0.000000,0.255025,0.012607,0.133313,0.017415,0.159923,0.020270,1.000000,0.000000,0.430556,0.128238,0.110000
oracle_mechanics_preserving_planner,7,48,0.523252,0.016883,0.217867,0.007657,0.177020,0.008772,1.000000,0.000000,0.875000,0.094551,0.000000,0.000000,0.000000,0.000000,0.255025,0.012607,0.132385,0.017200,0.162324,0.019567,1.000000,0.000000,0.434028,0.127834,0.110000
oracle_mechanics_preserving_planner,8,48,0.523717,0.016989,0.216832,0.007555,0.177918,0.009335,1.000000,0.000000,0.875000,0.094551,0.000000,0.000000,0.000000,0.000000,0.255025,0.012607,0.132379,0.017147,0.162743,0.019765,1.000000,0.000000,0.447917,0.123474,0.110000
oracle_mechanics_preserving_planner,9,48,0.521993,0.017152,0.218408,0.007749,0.179225,0.009115,1.000000,0.000000,0.875000,0.094551,0.000000,0.000000,0.000000,0.000000,0.255025,0.012607,0.133235,0.017365,0.159164,0.020055,1.000000,0.000000,0.444444,0.123158,0.110000
active_relational_abstraction,0,48,0.521422,0.018046,0.240411,0.017372,0.193141,0.013147,0.399306,0.054796,0.781250,0.102546,0.388889,0.055306,0.125000,0.094551,0.304850,0.011203,0.175777,0.034301,0.114885,0.032307,0.906250,0.059088,0.479167,0.085140,0.220000
active_relational_abstraction,1,48,0.523219,0.017260,0.239445,0.017102,0.192309,0.012488,0.513889,0.055732,0.788194,0.105539,0.368056,0.071446,0.125000,0.094551,0.304717,0.011867,0.171488,0.033915,0.117898,0.030319,0.913194,0.063026,0.444444,0.088255,0.220000
active_relational_abstraction,2,48,0.512799,0.019875,0.247111,0.019053,0.196811,0.015037,0.406250,0.060668,0.770833,0.107706,0.284722,0.077175,0.125000,0.094551,0.299020,0.012705,0.187960,0.038049,0.102182,0.035781,0.895833,0.069204,0.430556,0.086359,0.220000
active_relational_abstraction,3,48,0.533839,0.013393,0.229558,0.013607,0.186494,0.009584,0.510417,0.067671,0.809028,0.099661,0.461806,0.073587,0.121528,0.092139,0.311144,0.010047,0.155234,0.026335,0.135739,0.023247,0.930556,0.048469,0.517361,0.078561,0.220000
active_relational_abstraction,4,48,0.524110,0.015237,0.237428,0.015165,0.190177,0.011131,0.416667,0.059163,0.798611,0.101060,0.399306,0.056496,0.125000,0.094551,0.304937,0.009917,0.169638,0.029601,0.121401,0.027087,0.923611,0.053236,0.493056,0.081352,0.220000
active_relational_abstraction,5,48,0.522508,0.016660,0.237564,0.016147,0.192786,0.012736,0.423611,0.055838,0.788194,0.102814,0.347222,0.054008,0.125000,0.094551,0.306644,0.010997,0.172628,0.032197,0.117124,0.030133,0.913194,0.058350,0.451389,0.084209,0.220000
active_relational_abstraction,6,48,0.513446,0.019987,0.244940,0.019007,0.196524,0.014545,0.475694,0.061507,0.774306,0.107206,0.305556,0.042766,0.121528,0.092139,0.301013,0.012653,0.186711,0.037964,0.103458,0.035534,0.895833,0.067823,0.434028,0.085757,0.220000
active_relational_abstraction,7,48,0.533263,0.013599,0.229749,0.013233,0.185194,0.010480,0.451389,0.059924,0.815972,0.099304,0.444444,0.049912,0.125000,0.094551,0.313384,0.009403,0.153657,0.026196,0.135048,0.024325,0.940972,0.046125,0.506944,0.079589,0.220000
active_relational_abstraction,8,48,0.520365,0.019089,0.240606,0.018362,0.194489,0.013830,0.503472,0.060342,0.777778,0.106695,0.371528,0.071632,0.125000,0.094551,0.304842,0.012319,0.177608,0.036481,0.112747,0.033991,0.902778,0.066562,0.444444,0.084420,0.220000
active_relational_abstraction,9,48,0.527932,0.019039,0.234317,0.017840,0.189094,0.013213,0.427083,0.054940,0.802083,0.104601,0.399306,0.065780,0.125000,0.094551,0.310193,0.011380,0.162630,0.034731,0.125599,0.033529,0.927083,0.059088,0.451389,0.091737,0.220000
llm_tamp_failure_reasoning,0,48,0.568328,0.027071,0.224278,0.021261,0.181404,0.015103,0.413194,0.057533,0.798611,0.101992,0.284722,0.059130,0.034722,0.033635,0.352126,0.021016,0.142394,0.042602,0.159743,0.040933,0.833333,0.083669,0.607639,0.092010,0.220000
llm_tamp_failure_reasoning,1,48,0.565461,0.029341,0.230597,0.023010,0.186019,0.016230,0.420139,0.058350,0.791667,0.103621,0.291667,0.040688,0.020833,0.020917,0.347596,0.022891,0.149496,0.046380,0.151791,0.044529,0.812500,0.092080,0.572917,0.101967,0.220000
llm_tamp_failure_reasoning,2,48,0.564280,0.027875,0.227609,0.021520,0.183209,0.016213,0.430556,0.056575,0.781250,0.103006,0.326389,0.059924,0.038194,0.032608,0.351608,0.021421,0.149361,0.044069,0.152681,0.042761,0.819444,0.082435,0.611111,0.096450,0.220000
llm_tamp_failure_reasoning,3,48,0.566478,0.031803,0.234197,0.024051,0.190270,0.017634,0.385417,0.048784,0.774306,0.107206,0.319444,0.055732,0.031250,0.030224,0.343192,0.023463,0.153790,0.049698,0.149509,0.048506,0.805556,0.091930,0.576389,0.105637,0.220000
llm_tamp_failure_reasoning,4,48,0.575425,0.029039,0.226881,0.022602,0.182028,0.015676,0.357639,0.055012,0.795139,0.104412,0.371528,0.088204,0.034722,0.029111,0.352124,0.021477,0.139438,0.045557,0.164881,0.044285,0.829861,0.085065,0.621528,0.093666,0.220000
llm_tamp_failure_reasoning,5,48,0.563897,0.028732,0.228501,0.022480,0.185835,0.016124,0.381944,0.050501,0.791667,0.105431,0.388889,0.072351,0.034722,0.032198,0.347376,0.021638,0.148709,0.045471,0.151668,0.044084,0.826389,0.087515,0.583333,0.101546,0.220000
llm_tamp_failure_reasoning,6,48,0.569577,0.028548,0.228574,0.020604,0.186543,0.016142,0.447917,0.060863,0.781250,0.101152,0.385417,0.056844,0.041667,0.034388,0.350619,0.020278,0.147593,0.043145,0.155432,0.043346,0.822917,0.078057,0.583333,0.099190,0.220000
llm_tamp_failure_reasoning,7,48,0.561027,0.030684,0.230819,0.023770,0.186747,0.017219,0.437500,0.072541,0.777778,0.104455,0.395833,0.064974,0.038194,0.035391,0.349553,0.022186,0.154829,0.047188,0.145882,0.047259,0.815972,0.085481,0.586806,0.096771,0.220000
llm_tamp_failure_reasoning,8,48,0.574962,0.025586,0.217955,0.020151,0.177667,0.014503,0.440972,0.047140,0.791667,0.102242,0.413194,0.081950,0.052083,0.044737,0.359844,0.019745,0.134037,0.040003,0.169494,0.039071,0.843750,0.075595,0.625000,0.089936,0.220000
llm_tamp_failure_reasoning,9,48,0.572802,0.025742,0.223285,0.019153,0.182644,0.014794,0.416667,0.053273,0.798611,0.099170,0.503472,0.066317,0.041667,0.034388,0.354307,0.019401,0.137782,0.039829,0.162985,0.039091,0.840278,0.074683,0.597222,0.098632,0.220000
runtime_monitor_replanner,0,48,0.344811,0.024071,0.327063,0.026942,0.250573,0.022507,0.267361,0.047390,0.138889,0.074920,0.378472,0.057327,0.003472,0.006806,0.225469,0.017418,0.410658,0.044773,-0.119995,0.049212,0.656250,0.066968,0.312500,0.098532,0.220000
runtime_monitor_replanner,1,48,0.356562,0.026617,0.315628,0.028545,0.243305,0.024037,0.239583,0.046551,0.197917,0.080592,0.375000,0.071804,0.000000,0.000000,0.237385,0.018642,0.390771,0.048469,-0.101385,0.053057,0.677083,0.070411,0.385417,0.104827,0.220000
runtime_monitor_replanner,2,48,0.384583,0.018488,0.277832,0.019300,0.209692,0.015200,0.260417,0.062208,0.208333,0.080500,0.569444,0.067269,0.003472,0.006806,0.253455,0.016127,0.324131,0.032313,-0.033989,0.034484,0.795139,0.046888,0.392361,0.088872,0.220000
runtime_monitor_replanner,3,48,0.365590,0.021056,0.301958,0.023766,0.233725,0.019560,0.204861,0.048864,0.197917,0.080592,0.458333,0.054589,0.003472,0.006806,0.242410,0.016323,0.370613,0.038582,-0.079640,0.043014,0.715278,0.057508,0.409722,0.104285,0.220000
runtime_monitor_replanner,4,48,0.345936,0.025055,0.329520,0.029837,0.250278,0.023630,0.256944,0.048591,0.145833,0.077583,0.388889,0.070362,0.010417,0.015088,0.226233,0.019119,0.411442,0.049310,-0.120403,0.051544,0.642361,0.079011,0.319444,0.099586,0.220000
runtime_monitor_replanner,5,48,0.351414,0.021494,0.318438,0.024245,0.243684,0.019111,0.277778,0.056991,0.152778,0.078316,0.395833,0.052939,0.000000,0.000000,0.230069,0.017357,0.395114,0.039691,-0.105362,0.042630,0.680556,0.057405,0.343750,0.095003,0.220000
runtime_monitor_replanner,6,48,0.350784,0.025923,0.318862,0.030198,0.243044,0.023994,0.260417,0.054940,0.149306,0.086033,0.329861,0.068424,0.000000,0.000000,0.229878,0.020121,0.395866,0.049843,-0.105697,0.052329,0.684028,0.077347,0.312500,0.108581,0.220000
runtime_monitor_replanner,7,48,0.363103,0.023904,0.303094,0.027569,0.232448,0.023546,0.267361,0.050295,0.184028,0.078561,0.430556,0.080107,0.003472,0.006806,0.241243,0.018230,0.370081,0.046438,-0.081377,0.049583,0.725694,0.071797,0.354167,0.100434,0.220000
runtime_monitor_replanner,8,48,0.387662,0.019940,0.275672,0.020506,0.211441,0.017442,0.267361,0.048378,0.239583,0.071412,0.597222,0.064395,0.003472,0.006806,0.258396,0.014786,0.323347,0.034114,-0.032992,0.038851,0.791667,0.047150,0.440972,0.085619,0.220000
runtime_monitor_replanner,9,48,0.334666,0.025366,0.341803,0.027983,0.262633,0.024463,0.277778,0.046983,0.135417,0.074492,0.378472,0.069283,0.003472,0.006806,0.219639,0.017923,0.433153,0.048085,-0.144924,0.052086,0.611111,0.071694,0.309028,0.094796,0.220000
grounded_geometric_tamp,0,48,0.592197,0.035350,0.231904,0.023660,0.187826,0.017540,0.333333,0.062279,0.788194,0.103273,0.329861,0.062650,0.017361,0.014556,0.352590,0.023218,0.154396,0.047942,0.174371,0.051234,0.805556,0.092953,0.614583,0.099740,0.220000
grounded_geometric_tamp,1,48,0.606262,0.033486,0.226246,0.021474,0.183328,0.015433,0.361111,0.064761,0.784722,0.104285,0.350694,0.070969,0.034722,0.030693,0.359212,0.021458,0.140233,0.044673,0.192174,0.047389,0.819444,0.085809,0.607639,0.101774,0.220000
grounded_geometric_tamp,2,48,0.597432,0.039742,0.237934,0.026203,0.189852,0.018425,0.343750,0.057875,0.777778,0.107137,0.333333,0.060741,0.013889,0.016372,0.349571,0.025240,0.155402,0.052987,0.175917,0.057124,0.791667,0.099903,0.597222,0.102397,0.220000
grounded_geometric_tamp,3,48,0.594225,0.032078,0.234078,0.021749,0.189530,0.014825,0.354167,0.055555,0.774306,0.101308,0.295139,0.057739,0.020833,0.025035,0.350503,0.022001,0.155827,0.044186,0.174787,0.045429,0.795139,0.090846,0.628472,0.097380,0.220000
grounded_geometric_tamp,4,48,0.615907,0.032045,0.222346,0.019586,0.180245,0.014376,0.364583,0.059685,0.805556,0.098871,0.350694,0.067554,0.031250,0.028616,0.361356,0.020306,0.129581,0.040988,0.205400,0.044597,0.836806,0.080494,0.659722,0.093777,0.220000
grounded_geometric_tamp,5,48,0.601294,0.032712,0.221293,0.021253,0.180068,0.015240,0.319444,0.059826,0.802083,0.102315,0.322917,0.054508,0.038194,0.032608,0.361183,0.020594,0.137180,0.042960,0.191598,0.046651,0.840278,0.080769,0.631944,0.097729,0.220000
grounded_geometric_tamp,6,48,0.587846,0.035620,0.235250,0.023529,0.190287,0.017274,0.329861,0.054580,0.767361,0.104638,0.243056,0.048591,0.034722,0.029111,0.350904,0.022288,0.160951,0.047971,0.167015,0.051627,0.802083,0.086261,0.604167,0.096102,0.220000
grounded_geometric_tamp,7,48,0.602706,0.036621,0.232763,0.023700,0.187372,0.016414,0.309028,0.041254,0.795139,0.101658,0.229167,0.060448,0.013889,0.013170,0.353528,0.023450,0.146182,0.047991,0.184314,0.051849,0.809028,0.093287,0.611111,0.099824,0.220000
grounded_geometric_tamp,8,48,0.612380,0.032167,0.214136,0.019788,0.175758,0.014785,0.302083,0.058888,0.805556,0.102165,0.447917,0.070243,0.048611,0.038855,0.367765,0.019760,0.125895,0.040439,0.207174,0.045204,0.854167,0.074472,0.673611,0.091220,0.220000
grounded_geometric_tamp,9,48,0.597713,0.036104,0.233702,0.022483,0.189743,0.017323,0.309028,0.045610,0.777778,0.102627,0.305556,0.048955,0.031250,0.028616,0.353455,0.021786,0.152307,0.047038,0.177099,0.051858,0.809028,0.085895,0.621528,0.099066,0.220000
physics_aware_tamp,0,48,0.680946,0.030303,0.177784,0.018484,0.144389,0.013078,0.416667,0.059957,0.871528,0.094421,0.336806,0.050060,0.034722,0.029111,0.413469,0.019842,0.069163,0.034843,0.300214,0.041834,0.906250,0.069396,0.829861,0.081661,0.220000
physics_aware_tamp,1,48,0.674775,0.030043,0.181409,0.017978,0.147055,0.012859,0.385417,0.062398,0.864583,0.094128,0.347222,0.069347,0.038194,0.031124,0.410739,0.019366,0.074640,0.033430,0.291168,0.041426,0.902778,0.066562,0.812500,0.076970,0.220000
physics_aware_tamp,2,48,0.668674,0.031367,0.183483,0.020438,0.147247,0.013971,0.336806,0.061890,0.871528,0.094421,0.361111,0.061000,0.024306,0.023804,0.408320,0.021109,0.079115,0.037361,0.284741,0.044128,0.895833,0.077583,0.791667,0.086723,0.220000
physics_aware_tamp,3,48,0.670156,0.035659,0.184596,0.022992,0.150211,0.016043,0.395833,0.052038,0.875000,0.094551,0.152778,0.042210,0.010417,0.011534,0.405511,0.024190,0.080176,0.042066,0.284623,0.050144,0.885417,0.087080,0.788194,0.099066,0.220000
physics_aware_tamp,4,48,0.672653,0.033261,0.181708,0.021905,0.146780,0.015190,0.385417,0.059288,0.871528,0.094421,0.291667,0.076276,0.020833,0.023068,0.410453,0.022274,0.078231,0.039974,0.289190,0.047291,0.892361,0.080494,0.815972,0.084926,0.220000
physics_aware_tamp,5,48,0.672837,0.033598,0.182852,0.021457,0.148184,0.014117,0.354167,0.053826,0.871528,0.094421,0.225694,0.050996,0.024306,0.021726,0.408833,0.021841,0.077125,0.038983,0.288380,0.046801,0.895833,0.076970,0.809028,0.086990,0.220000
physics_aware_tamp,6,48,0.673742,0.033745,0.182725,0.021418,0.147949,0.014853,0.371528,0.048864,0.871528,0.094421,0.333333,0.060741,0.024306,0.021726,0.409387,0.021618,0.077298,0.039479,0.289295,0.047468,0.895833,0.076970,0.805556,0.086632,0.220000
physics_aware_tamp,7,48,0.678349,0.029665,0.179558,0.018393,0.145302,0.012379,0.361111,0.056991,0.871528,0.094421,0.315972,0.052594,0.034722,0.027439,0.412665,0.019203,0.070430,0.034372,0.296269,0.040879,0.906250,0.068711,0.812500,0.079391,0.220000
physics_aware_tamp,8,48,0.677313,0.031302,0.179823,0.019593,0.146057,0.013148,0.399306,0.054796,0.871528,0.094421,0.375000,0.069119,0.031250,0.028616,0.411384,0.020271,0.072089,0.035939,0.295073,0.043353,0.902778,0.072677,0.815972,0.084367,0.220000
physics_aware_tamp,9,48,0.671169,0.032203,0.181535,0.020015,0.148233,0.014563,0.371528,0.060927,0.868056,0.094280,0.277778,0.054444,0.027778,0.028078,0.410595,0.021411,0.077658,0.037745,0.286701,0.044943,0.895833,0.075731,0.822917,0.086124,0.220000
semantic_model_predictive_planner,0,48,0.555849,0.029286,0.241949,0.023367,0.194238,0.016471,0.392361,0.059553,0.777778,0.102627,0.236111,0.059826,0.017361,0.020027,0.357361,0.022910,0.169619,0.048446,0.125576,0.045104,0.795139,0.093413,0.593750,0.097218,0.220000
semantic_model_predictive_planner,1,48,0.556752,0.031557,0.240563,0.025099,0.192720,0.017330,0.409722,0.046604,0.781250,0.106616,0.298611,0.054118,0.013889,0.016372,0.357853,0.024436,0.165750,0.051832,0.128169,0.048311,0.795139,0.099304,0.565972,0.105539,0.220000
semantic_model_predictive_planner,2,48,0.561964,0.032651,0.237787,0.025999,0.189432,0.018260,0.434028,0.060538,0.781250,0.109246,0.298611,0.054985,0.020833,0.018518,0.362055,0.024694,0.159547,0.053552,0.135593,0.050592,0.802083,0.098066,0.607639,0.098467,0.220000
semantic_model_predictive_planner,3,48,0.557542,0.032475,0.240973,0.025801,0.194760,0.018437,0.437500,0.055555,0.767361,0.111213,0.267361,0.053926,0.020833,0.020917,0.356718,0.024578,0.167946,0.053543,0.127729,0.050410,0.788194,0.100957,0.604167,0.106380,0.220000
semantic_model_predictive_planner,4,48,0.554410,0.031136,0.241871,0.025438,0.192931,0.017640,0.434028,0.058147,0.774306,0.103616,0.274306,0.068424,0.017361,0.027919,0.358826,0.024540,0.171233,0.051417,0.124508,0.048250,0.791667,0.096531,0.604167,0.103678,0.220000
semantic_model_predictive_planner,5,48,0.552902,0.033162,0.244410,0.026396,0.197147,0.018707,0.444444,0.051772,0.763889,0.109970,0.243056,0.038855,0.020833,0.023068,0.356097,0.024422,0.174732,0.054579,0.119638,0.051723,0.784722,0.100119,0.590278,0.106972,0.220000
semantic_model_predictive_planner,6,48,0.563625,0.030172,0.231062,0.023819,0.187434,0.017842,0.468750,0.064997,0.798611,0.103374,0.284722,0.054118,0.020833,0.020917,0.366096,0.023191,0.154102,0.049209,0.140896,0.046940,0.819444,0.091672,0.635417,0.099976,0.220000
semantic_model_predictive_planner,7,48,0.559949,0.027838,0.231933,0.023164,0.185825,0.015714,0.413194,0.055012,0.798611,0.103830,0.336806,0.069112,0.024306,0.023804,0.365994,0.022269,0.155321,0.046186,0.137916,0.043177,0.822917,0.090411,0.604167,0.092592,0.220000
semantic_model_predictive_planner,8,48,0.554502,0.030451,0.242775,0.023915,0.195654,0.017043,0.413194,0.057533,0.770833,0.103221,0.204861,0.047886,0.020833,0.023068,0.357974,0.023318,0.172586,0.049426,0.122472,0.046779,0.791667,0.092528,0.565972,0.100016,0.220000
semantic_model_predictive_planner,9,48,0.557956,0.028058,0.231798,0.022235,0.188006,0.016104,0.458333,0.060350,0.777778,0.104455,0.305556,0.049912,0.038194,0.035391,0.367794,0.021299,0.159468,0.046119,0.133675,0.043481,0.815972,0.085481,0.625000,0.099903,0.220000
proposed_abstraction_failure_audit_v4,0,48,0.550990,0.008268,0.217724,0.006375,0.177847,0.007109,0.590278,0.054118,0.871528,0.094421,0.437500,0.072541,0.059028,0.051915,0.340105,0.008618,0.136846,0.007067,0.153816,0.009451,1.000000,0.000000,0.420139,0.101541,0.220000
proposed_abstraction_failure_audit_v4,1,48,0.548271,0.008199,0.221823,0.005736,0.181120,0.008004,0.663194,0.057943,0.875000,0.094551,0.315972,0.051687,0.045139,0.036053,0.335528,0.007329,0.141100,0.006025,0.148286,0.009766,1.000000,0.000000,0.364583,0.107280,0.220000
proposed_abstraction_failure_audit_v4,2,48,0.547505,0.009484,0.217710,0.006177,0.176466,0.007411,0.611111,0.051772,0.875000,0.094551,0.388889,0.075549,0.052083,0.042570,0.341338,0.008919,0.139327,0.008255,0.150815,0.010056,1.000000,0.000000,0.420139,0.105202,0.220000
proposed_abstraction_failure_audit_v4,3,48,0.552987,0.008410,0.218385,0.006242,0.180074,0.008312,0.600694,0.051227,0.871528,0.094421,0.413194,0.067379,0.055556,0.043859,0.338181,0.008843,0.136339,0.007140,0.154634,0.010971,1.000000,0.000000,0.416667,0.110041,0.220000
proposed_abstraction_failure_audit_v4,4,48,0.549430,0.008530,0.218438,0.005542,0.177678,0.007300,0.590278,0.057508,0.871528,0.094421,0.531250,0.053853,0.052083,0.044737,0.338703,0.008537,0.138487,0.006688,0.152552,0.009297,1.000000,0.000000,0.423611,0.104737,0.220000
proposed_abstraction_failure_audit_v4,5,48,0.552829,0.008764,0.220486,0.006365,0.181213,0.008047,0.607639,0.064875,0.868056,0.094280,0.388889,0.071694,0.062500,0.050187,0.336965,0.008251,0.136803,0.007788,0.152949,0.011528,1.000000,0.000000,0.392361,0.112376,0.220000
proposed_abstraction_failure_audit_v4,6,48,0.543861,0.009247,0.217458,0.004988,0.177565,0.007059,0.631944,0.055838,0.875000,0.094551,0.385417,0.050686,0.034722,0.029111,0.339408,0.007809,0.142832,0.006715,0.147337,0.008423,1.000000,0.000000,0.420139,0.093792,0.220000
proposed_abstraction_failure_audit_v4,7,48,0.549753,0.009057,0.221269,0.005836,0.180122,0.007481,0.625000,0.056295,0.875000,0.094551,0.489583,0.071080,0.045139,0.036053,0.337435,0.008550,0.138698,0.007378,0.150006,0.009339,1.000000,0.000000,0.371528,0.105314,0.220000
proposed_abstraction_failure_audit_v4,8,48,0.551894,0.009534,0.219246,0.006372,0.179893,0.007944,0.597222,0.054008,0.875000,0.094551,0.385417,0.061635,0.045139,0.036053,0.338027,0.008907,0.137119,0.007623,0.153237,0.010782,1.000000,0.000000,0.406250,0.110001,0.220000
proposed_abstraction_failure_audit_v4,9,48,0.550626,0.006969,0.219886,0.005808,0.180722,0.007391,0.545139,0.044295,0.875000,0.094551,0.368056,0.055838,0.072917,0.058282,0.338569,0.007154,0.137456,0.005335,0.150773,0.009964,1.000000,0.000000,0.388889,0.106695,0.220000
risk_bounded_abstraction_failure_audit_v5,0,48,0.269128,0.023975,0.471996,0.020940,0.366286,0.017846,0.597222,0.059826,0.159722,0.057508,0.256944,0.068056,0.000000,0.000000,0.229410,0.013057,0.655370,0.041611,-0.364708,0.044314,0.159722,0.057508,0.097222,0.044395,0.220000
risk_bounded_abstraction_failure_audit_v5,1,48,0.261000,0.017400,0.478489,0.013753,0.371050,0.014495,0.621528,0.058147,0.145833,0.031704,0.229167,0.041976,0.000000,0.000000,0.227728,0.007954,0.668712,0.028407,-0.379326,0.033866,0.145833,0.031704,0.104167,0.033162,0.220000
risk_bounded_abstraction_failure_audit_v5,2,48,0.230522,0.018545,0.506634,0.015966,0.387886,0.014182,0.590278,0.052340,0.069444,0.027222,0.166667,0.048632,0.000000,0.000000,0.211333,0.006726,0.721506,0.031451,-0.431364,0.035788,0.069444,0.027222,0.052083,0.024133,0.220000
risk_bounded_abstraction_failure_audit_v5,3,48,0.236478,0.019540,0.502347,0.016215,0.390838,0.015001,0.625000,0.055449,0.072917,0.027349,0.173611,0.046604,0.000000,0.000000,0.210518,0.006238,0.715677,0.032098,-0.424704,0.037854,0.072917,0.027349,0.041667,0.022810,0.220000
risk_bounded_abstraction_failure_audit_v5,4,48,0.230786,0.019560,0.508972,0.016882,0.390457,0.014528,0.611111,0.051772,0.062500,0.031704,0.152778,0.045448,0.000000,0.000000,0.208332,0.007201,0.724085,0.033668,-0.433047,0.037229,0.062500,0.031704,0.031250,0.025094,0.220000
risk_bounded_abstraction_failure_audit_v5,5,48,0.268886,0.017223,0.472514,0.016284,0.367913,0.012484,0.607639,0.062650,0.159722,0.045577,0.246528,0.053264,0.000000,0.000000,0.229935,0.011019,0.656394,0.031144,-0.366642,0.032519,0.159722,0.045577,0.097222,0.042210,0.220000
risk_bounded_abstraction_failure_audit_v5,6,48,0.270593,0.014673,0.472056,0.012859,0.365563,0.011647,0.642361,0.059155,0.163194,0.037024,0.270833,0.051121,0.000000,0.000000,0.230629,0.009197,0.653439,0.025099,-0.363270,0.027493,0.163194,0.037024,0.107639,0.037024,0.220000
risk_bounded_abstraction_failure_audit_v5,7,48,0.232184,0.016893,0.507081,0.015027,0.389651,0.012901,0.621528,0.064326,0.072917,0.029027,0.135417,0.049266,0.000000,0.000000,0.211311,0.006893,0.719927,0.029315,-0.431223,0.032730,0.072917,0.029027,0.045139,0.025250,0.220000
risk_bounded_abstraction_failure_audit_v5,8,48,0.252282,0.014845,0.488167,0.011680,0.378412,0.012591,0.631944,0.043452,0.118056,0.023742,0.208333,0.038293,0.000000,0.000000,0.220637,0.005865,0.686335,0.024228,-0.395979,0.029335,0.118056,0.023742,0.083333,0.025734,0.220000
risk_bounded_abstraction_failure_audit_v5,9,48,0.257113,0.021296,0.482436,0.018730,0.374526,0.015522,0.635417,0.055582,0.138889,0.045965,0.218750,0.050686,0.000000,0.000000,0.224860,0.010492,0.675028,0.036251,-0.386799,0.039511,0.138889,0.045965,0.086806,0.040091,0.220000
oracle_mechanics_preserving_planner,0,48,0.518299,0.016882,0.217446,0.007474,0.177073,0.008736,1.000000,0.000000,0.875000,0.094551,0.000000,0.000000,0.000000,0.000000,0.255025,0.012607,0.133085,0.017206,0.157577,0.019386,1.000000,0.000000,0.444444,0.121222,0.220000
oracle_mechanics_preserving_planner,1,48,0.517450,0.017360,0.218325,0.007853,0.177987,0.009650,1.000000,0.000000,0.875000,0.094551,0.003472,0.006806,0.000000,0.000000,0.255025,0.012607,0.133826,0.017393,0.155560,0.020963,1.000000,0.000000,0.420139,0.129762,0.220000
oracle_mechanics_preserving_planner,2,48,0.517656,0.017080,0.218757,0.007667,0.176418,0.008870,1.000000,0.000000,0.875000,0.094551,0.000000,0.000000,0.000000,0.000000,0.255025,0.012607,0.133497,0.017328,0.156645,0.019886,1.000000,0.000000,0.437500,0.127049,0.220000
oracle_mechanics_preserving_planner,3,48,0.518707,0.017172,0.216574,0.007760,0.177797,0.009461,1.000000,0.000000,0.875000,0.094551,0.000000,0.000000,0.000000,0.000000,0.255025,0.012607,0.133004,0.017323,0.157970,0.020625,1.000000,0.000000,0.461806,0.127278,0.220000
oracle_mechanics_preserving_planner,4,48,0.518370,0.017033,0.217713,0.007295,0.176458,0.008804,1.000000,0.000000,0.875000,0.094551,0.000000,0.000000,0.000000,0.000000,0.255025,0.012607,0.133103,0.017289,0.157936,0.019613,1.000000,0.000000,0.465278,0.126801,0.220000
oracle_mechanics_preserving_planner,5,48,0.517693,0.017507,0.217625,0.007720,0.178313,0.009098,1.000000,0.000000,0.875000,0.094551,0.000000,0.000000,0.000000,0.000000,0.255025,0.012607,0.133778,0.017410,0.155974,0.020620,1.000000,0.000000,0.440972,0.126626,0.220000
oracle_mechanics_preserving_planner,6,48,0.517781,0.017327,0.217981,0.007462,0.177388,0.008893,1.000000,0.000000,0.875000,0.094551,0.000000,0.000000,0.000000,0.000000,0.255025,0.012607,0.133647,0.017356,0.156522,0.019894,1.000000,0.000000,0.451389,0.119898,0.220000
oracle_mechanics_preserving_planner,7,48,0.516952,0.017149,0.218923,0.007590,0.177962,0.009017,1.000000,0.000000,0.875000,0.094551,0.000000,0.000000,0.000000,0.000000,0.255025,0.012607,0.133970,0.017343,0.154734,0.019971,1.000000,0.000000,0.413194,0.124933,0.220000
oracle_mechanics_preserving_planner,8,48,0.517991,0.017536,0.217495,0.007983,0.177948,0.009174,1.000000,0.000000,0.875000,0.094551,0.000000,0.000000,0.000000,0.000000,0.255025,0.012607,0.133744,0.017360,0.156611,0.020749,1.000000,0.000000,0.447917,0.126501,0.220000
oracle_mechanics_preserving_planner,9,48,0.516884,0.017028,0.218646,0.007667,0.178652,0.009175,1.000000,0.000000,0.875000,0.094551,0.000000,0.000000,0.000000,0.000000,0.255025,0.012607,0.133899,0.017333,0.154330,0.020085,1.000000,0.000000,0.430556,0.130069,0.220000
active_relational_abstraction,0,48,0.535067,0.013242,0.223773,0.013973,0.180260,0.009215,0.440972,0.073103,0.815972,0.099779,0.486111,0.063656,0.121528,0.092139,0.320713,0.010294,0.145177,0.026010,0.140792,0.023112,0.937500,0.047276,0.569444,0.076482,0.330000
active_relational_abstraction,1,48,0.513913,0.015551,0.241316,0.016002,0.195279,0.012133,0.409722,0.056679,0.777778,0.100767,0.385417,0.058485,0.125000,0.094551,0.306299,0.011005,0.178336,0.030955,0.104703,0.028565,0.902778,0.056575,0.447917,0.082620,0.330000
active_relational_abstraction,2,48,0.513905,0.019644,0.241479,0.018768,0.194826,0.013950,0.406250,0.062964,0.777778,0.104906,0.329861,0.063400,0.125000,0.094551,0.303244,0.012310,0.180286,0.036714,0.106210,0.034847,0.902778,0.063656,0.479167,0.087334,0.330000
active_relational_abstraction,3,48,0.518374,0.014362,0.236302,0.014581,0.188287,0.010929,0.451389,0.061483,0.802083,0.099502,0.340278,0.062247,0.125000,0.094551,0.306223,0.009670,0.170221,0.027726,0.117138,0.025936,0.927083,0.049505,0.479167,0.085140,0.330000
active_relational_abstraction,4,48,0.513836,0.014859,0.239041,0.014804,0.193668,0.011780,0.447917,0.059288,0.795139,0.100252,0.277778,0.049912,0.125000,0.094551,0.302784,0.009627,0.176956,0.028699,0.108581,0.027186,0.920139,0.052369,0.402778,0.089055,0.330000
active_relational_abstraction,5,48,0.508116,0.020171,0.247021,0.019591,0.197749,0.015107,0.434028,0.058955,0.774306,0.106764,0.291667,0.064883,0.125000,0.094551,0.299703,0.012227,0.188351,0.037717,0.096589,0.036795,0.899306,0.067203,0.451389,0.094780,0.330000
active_relational_abstraction,6,48,0.507921,0.019067,0.245771,0.018969,0.197288,0.013725,0.434028,0.064326,0.781250,0.108376,0.270833,0.067823,0.121528,0.092139,0.298051,0.012206,0.186925,0.036395,0.098145,0.034067,0.902778,0.068661,0.357639,0.094796,0.330000
active_relational_abstraction,7,48,0.516091,0.017502,0.241447,0.016343,0.194460,0.013373,0.444444,0.065488,0.795139,0.104412,0.406250,0.051381,0.121528,0.092139,0.303237,0.010836,0.173820,0.033366,0.108681,0.031362,0.916667,0.059957,0.402778,0.086905,0.330000
active_relational_abstraction,8,48,0.525641,0.014355,0.231715,0.014275,0.187931,0.010734,0.402778,0.049436,0.809028,0.100605,0.385417,0.056844,0.125000,0.094551,0.309364,0.009891,0.159682,0.027910,0.126002,0.025530,0.934028,0.050295,0.434028,0.088472,0.330000
active_relational_abstraction,9,48,0.531389,0.012555,0.227163,0.012460,0.185475,0.010628,0.392361,0.055440,0.809028,0.097744,0.506944,0.057508,0.125000,0.094551,0.314830,0.008817,0.152595,0.024492,0.133864,0.023004,0.934028,0.044295,0.489583,0.085573,0.330000
llm_tamp_failure_reasoning,0,48,0.560073,0.026164,0.224574,0.020658,0.182930,0.016033,0.399306,0.044295,0.788194,0.101425,0.406250,0.062208,0.038194,0.032608,0.353530,0.019919,0.148135,0.041353,0.149628,0.041047,0.826389,0.080181,0.631944,0.094780,0.330000
llm_tamp_failure_reasoning,1,48,0.563872,0.026166,0.228762,0.020761,0.185838,0.014949,0.420139,0.056705,0.784722,0.102915,0.347222,0.069347,0.045139,0.044295,0.349883,0.020407,0.144609,0.041883,0.150436,0.040137,0.829861,0.082238,0.583333,0.091758,0.330000
llm_tamp_failure_reasoning,2,48,0.552750,0.031949,0.244662,0.024685,0.196297,0.017628,0.406250,0.068019,0.756944,0.105637,0.208333,0.042950,0.024306,0.021726,0.337777,0.023374,0.171175,0.050226,0.127646,0.049052,0.781250,0.092863,0.548611,0.098211,0.330000
llm_tamp_failure_reasoning,3,48,0.571056,0.023464,0.220274,0.018581,0.176833,0.013502,0.451389,0.055838,0.802083,0.097582,0.427083,0.088026,0.038194,0.034028,0.356631,0.019350,0.133917,0.036424,0.166193,0.035369,0.840278,0.075314,0.645833,0.085694,0.330000
llm_tamp_failure_reasoning,4,48,0.573402,0.022452,0.208780,0.017618,0.171628,0.013219,0.395833,0.060448,0.819444,0.099110,0.496528,0.071135,0.052083,0.044737,0.364890,0.017555,0.122060,0.035138,0.175484,0.034548,0.871528,0.069623,0.642361,0.090716,0.330000
llm_tamp_failure_reasoning,5,48,0.573752,0.027562,0.221801,0.020393,0.179479,0.014894,0.447917,0.067496,0.812500,0.099011,0.378472,0.068596,0.031250,0.028616,0.354801,0.021365,0.131035,0.041029,0.166866,0.040895,0.843750,0.080445,0.642361,0.092778,0.330000
llm_tamp_failure_reasoning,6,48,0.568677,0.028039,0.227448,0.021388,0.184520,0.015699,0.371528,0.058552,0.788194,0.102814,0.416667,0.060741,0.038194,0.034028,0.351064,0.020810,0.141790,0.043470,0.156456,0.042860,0.826389,0.082507,0.590278,0.098211,0.330000
llm_tamp_failure_reasoning,7,48,0.560489,0.024452,0.218903,0.019526,0.178591,0.015151,0.378472,0.057327,0.795139,0.100252,0.451389,0.051429,0.045139,0.040966,0.359878,0.019212,0.140505,0.038967,0.153790,0.038249,0.840278,0.076560,0.621528,0.088472,0.330000
llm_tamp_failure_reasoning,8,48,0.569954,0.021673,0.215751,0.016529,0.176947,0.012291,0.434028,0.050295,0.791667,0.097020,0.447917,0.052519,0.062500,0.050187,0.360422,0.016748,0.132076,0.032807,0.166039,0.032603,0.854167,0.061994,0.628472,0.085481,0.330000
llm_tamp_failure_reasoning,9,48,0.559344,0.028672,0.228925,0.022830,0.186873,0.017166,0.409722,0.047608,0.781250,0.104827,0.420139,0.059155,0.031250,0.028616,0.348837,0.021639,0.152639,0.046070,0.145508,0.044722,0.812500,0.088411,0.586806,0.100605,0.330000
runtime_monitor_replanner,0,48,0.374385,0.019553,0.289248,0.022162,0.220998,0.018527,0.243056,0.044528,0.232639,0.076424,0.517361,0.056913,0.000000,0.000000,0.251781,0.016028,0.344215,0.036044,-0.058246,0.039700,0.750000,0.055874,0.430556,0.094718,0.330000
runtime_monitor_replanner,1,48,0.372315,0.024354,0.294571,0.027007,0.228138,0.021624,0.260417,0.045523,0.256944,0.085878,0.489583,0.064081,0.006944,0.009522,0.253903,0.018590,0.352474,0.044240,-0.069435,0.048338,0.722222,0.063284,0.451389,0.097729,0.330000
runtime_monitor_replanner,2,48,0.340736,0.025301,0.328003,0.028858,0.250807,0.022929,0.218750,0.049744,0.121528,0.084647,0.354167,0.066414,0.000000,0.000000,0.221906,0.019777,0.409783,0.047222,-0.123287,0.050541,0.656250,0.072399,0.288194,0.106875,0.330000
runtime_monitor_replanner,3,48,0.378773,0.018283,0.290390,0.022676,0.219415,0.017532,0.229167,0.052939,0.256944,0.065216,0.444444,0.061000,0.003472,0.006806,0.254517,0.013900,0.341890,0.035682,-0.054530,0.039030,0.732639,0.058955,0.420139,0.081950,0.330000
runtime_monitor_replanner,4,48,0.389486,0.020353,0.266296,0.021718,0.204539,0.017111,0.267361,0.052142,0.232639,0.081225,0.555556,0.086084,0.003472,0.006806,0.260833,0.016831,0.307321,0.035671,-0.021784,0.038875,0.822917,0.049025,0.430556,0.099586,0.330000
runtime_monitor_replanner,5,48,0.363641,0.023763,0.300386,0.025089,0.228398,0.020382,0.215278,0.043452,0.190972,0.083663,0.461806,0.063957,0.000000,0.000000,0.242642,0.018011,0.361879,0.042009,-0.076940,0.046038,0.732639,0.057327,0.368056,0.101992,0.330000
runtime_monitor_replanner,6,48,0.345030,0.025455,0.323394,0.028833,0.249152,0.026207,0.197917,0.044205,0.166667,0.075340,0.347222,0.075235,0.003472,0.006806,0.231024,0.017674,0.404029,0.049315,-0.118958,0.054149,0.663194,0.078108,0.350694,0.099304,0.330000
runtime_monitor_replanner,7,48,0.345283,0.021926,0.318759,0.023473,0.242999,0.019997,0.246528,0.050530,0.145833,0.071225,0.440972,0.046125,0.000000,0.000000,0.230896,0.015815,0.394034,0.038792,-0.111532,0.043760,0.697917,0.052967,0.302083,0.093624,0.330000
runtime_monitor_replanner,8,48,0.352020,0.025411,0.319891,0.028400,0.249221,0.023748,0.243056,0.044528,0.201389,0.075939,0.388889,0.056155,0.006944,0.009522,0.236347,0.017730,0.397905,0.047067,-0.112221,0.051930,0.652778,0.068661,0.375000,0.100845,0.330000
runtime_monitor_replanner,9,48,0.352459,0.024175,0.308953,0.027612,0.237332,0.023565,0.277778,0.060220,0.128472,0.077956,0.423611,0.082507,0.000000,0.000000,0.230344,0.018028,0.380817,0.046210,-0.094357,0.050010,0.718750,0.070913,0.298611,0.105188,0.330000
grounded_geometric_tamp,0,48,0.603264,0.032240,0.224773,0.020701,0.182028,0.015116,0.295139,0.066850,0.788194,0.101890,0.371528,0.075490,0.041667,0.038293,0.360868,0.020386,0.138412,0.042488,0.190271,0.045768,0.829861,0.080494,0.645833,0.099011,0.330000
grounded_geometric_tamp,1,48,0.592197,0.035239,0.230468,0.023327,0.188238,0.017016,0.298611,0.050501,0.781250,0.104827,0.284722,0.051429,0.031250,0.031751,0.354170,0.023356,0.148437,0.046994,0.174242,0.050566,0.812500,0.089475,0.611111,0.102627,0.330000
grounded_geometric_tamp,2,48,0.590924,0.034452,0.235121,0.023152,0.189948,0.016025,0.343750,0.052744,0.774306,0.101774,0.291667,0.051925,0.020833,0.023068,0.351956,0.022399,0.157396,0.046599,0.169970,0.049312,0.795139,0.090846,0.611111,0.090373,0.330000
grounded_geometric_tamp,3,48,0.603703,0.032690,0.219764,0.020646,0.177376,0.015665,0.305556,0.044924,0.795139,0.103502,0.361111,0.063284,0.045139,0.037342,0.363590,0.020417,0.133023,0.043154,0.195821,0.046599,0.840278,0.078992,0.677083,0.092480,0.330000
grounded_geometric_tamp,4,48,0.598948,0.030597,0.221041,0.019412,0.181620,0.014886,0.284722,0.046604,0.791667,0.099428,0.354167,0.063501,0.038194,0.032608,0.362793,0.019405,0.140032,0.039698,0.187604,0.043630,0.829861,0.077500,0.642361,0.091753,0.330000
grounded_geometric_tamp,5,48,0.594719,0.033331,0.234519,0.020701,0.189173,0.015393,0.336806,0.055440,0.781250,0.098787,0.312500,0.046264,0.024306,0.021726,0.352502,0.021210,0.151366,0.042841,0.174443,0.046926,0.805556,0.084420,0.621528,0.098106,0.330000
grounded_geometric_tamp,6,48,0.601524,0.033381,0.223950,0.021321,0.181987,0.015657,0.388889,0.052678,0.795139,0.102122,0.340278,0.072105,0.034722,0.029111,0.359918,0.021419,0.137118,0.043085,0.189437,0.047274,0.829861,0.082238,0.635417,0.097096,0.330000
grounded_geometric_tamp,7,48,0.601216,0.030572,0.222293,0.020517,0.180413,0.014895,0.309028,0.060733,0.802083,0.101386,0.434028,0.066496,0.034722,0.027439,0.363278,0.020081,0.135095,0.041478,0.189812,0.043734,0.836806,0.080494,0.656250,0.087756,0.330000
grounded_geometric_tamp,8,48,0.591798,0.032777,0.229908,0.021795,0.186814,0.015220,0.298611,0.058324,0.788194,0.101890,0.309028,0.057533,0.024306,0.023804,0.353555,0.021521,0.149258,0.044333,0.175452,0.046846,0.812500,0.088411,0.611111,0.101701,0.330000
grounded_geometric_tamp,9,48,0.597904,0.031299,0.228388,0.020275,0.186170,0.014648,0.291667,0.044038,0.791667,0.102242,0.357639,0.076579,0.031250,0.026913,0.353893,0.020519,0.142724,0.042149,0.182762,0.044187,0.822917,0.084461,0.586806,0.098226,0.330000
physics_aware_tamp,0,48,0.669041,0.029951,0.178442,0.017504,0.145966,0.013652,0.354167,0.061226,0.868056,0.094280,0.239583,0.065900,0.041667,0.038293,0.412501,0.019456,0.073589,0.033224,0.287198,0.041435,0.909722,0.066651,0.836806,0.081661,0.330000
physics_aware_tamp,1,48,0.664536,0.035211,0.186229,0.022812,0.151943,0.015934,0.371528,0.056913,0.868056,0.094280,0.180556,0.043316,0.017361,0.017506,0.406987,0.023154,0.082685,0.041759,0.276189,0.049950,0.885417,0.082046,0.788194,0.093160,0.330000
physics_aware_tamp,2,48,0.670235,0.029957,0.177894,0.017930,0.144977,0.012523,0.378472,0.062838,0.871528,0.094421,0.340278,0.059924,0.041667,0.035737,0.411913,0.019344,0.070916,0.032590,0.289669,0.040942,0.913194,0.065239,0.809028,0.080787,0.330000
physics_aware_tamp,3,48,0.675183,0.028676,0.177405,0.016878,0.142766,0.012424,0.361111,0.050851,0.868056,0.094280,0.270833,0.063501,0.041667,0.032984,0.413862,0.018701,0.069175,0.031640,0.295675,0.039234,0.909722,0.063749,0.840278,0.074047,0.330000
physics_aware_tamp,4,48,0.676869,0.028508,0.176504,0.017436,0.144519,0.012738,0.343750,0.057052,0.868056,0.094280,0.243056,0.049555,0.041667,0.037037,0.414616,0.018629,0.068325,0.032697,0.296304,0.039656,0.909722,0.065937,0.826389,0.078391,0.330000
physics_aware_tamp,5,48,0.667097,0.030464,0.180679,0.018942,0.145923,0.013023,0.364583,0.054724,0.868056,0.094280,0.239583,0.050452,0.034722,0.030693,0.412011,0.019723,0.076380,0.035014,0.284194,0.042228,0.902778,0.070025,0.829861,0.080494,0.330000
physics_aware_tamp,6,48,0.661748,0.034398,0.188154,0.022597,0.152164,0.015677,0.395833,0.052939,0.864583,0.094128,0.243056,0.052340,0.013889,0.013170,0.404588,0.023435,0.086224,0.041423,0.273134,0.048647,0.878472,0.084086,0.791667,0.089408,0.330000
physics_aware_tamp,7,48,0.657863,0.032705,0.186865,0.021697,0.150144,0.014062,0.388889,0.060220,0.868056,0.094280,0.305556,0.057815,0.024306,0.021726,0.407542,0.021279,0.085041,0.039213,0.270210,0.046055,0.892361,0.076887,0.798611,0.081352,0.330000
physics_aware_tamp,8,48,0.664410,0.031429,0.180628,0.020013,0.147659,0.014322,0.392361,0.057943,0.871528,0.094421,0.277778,0.074920,0.027778,0.028078,0.409830,0.021225,0.077871,0.036973,0.281202,0.044003,0.899306,0.075803,0.795139,0.089799,0.330000
physics_aware_tamp,9,48,0.666008,0.033591,0.181927,0.020818,0.147711,0.014117,0.395833,0.052038,0.868056,0.094780,0.368056,0.073406,0.031250,0.025094,0.409313,0.020898,0.078378,0.037924,0.282227,0.046805,0.899306,0.071962,0.791667,0.086176,0.330000
semantic_model_predictive_planner,0,48,0.538216,0.032556,0.248961,0.026824,0.198720,0.018849,0.472222,0.055306,0.750000,0.109178,0.215278,0.047608,0.020833,0.018518,0.353290,0.024841,0.187889,0.053968,0.102359,0.051299,0.770833,0.098532,0.590278,0.108726,0.330000
semantic_model_predictive_planner,1,48,0.546655,0.029171,0.241446,0.023594,0.195893,0.017302,0.437500,0.053826,0.770833,0.103221,0.291667,0.053716,0.020833,0.018518,0.359872,0.023381,0.173229,0.048172,0.114427,0.045400,0.791667,0.091500,0.593750,0.098667,0.330000
semantic_model_predictive_planner,2,48,0.559611,0.028312,0.234797,0.022702,0.188576,0.015554,0.409722,0.058324,0.784722,0.104737,0.284722,0.075314,0.031250,0.026913,0.364288,0.021584,0.156672,0.046383,0.134653,0.043595,0.815972,0.087667,0.614583,0.087622,0.330000
semantic_model_predictive_planner,3,48,0.560202,0.025579,0.225120,0.019889,0.180923,0.014960,0.444444,0.056155,0.788194,0.101890,0.364583,0.054724,0.045139,0.036053,0.373008,0.019586,0.149654,0.041519,0.142704,0.039580,0.833333,0.076585,0.666667,0.088611,0.330000
semantic_model_predictive_planner,4,48,0.551920,0.029505,0.241945,0.023737,0.195092,0.017005,0.479167,0.058863,0.770833,0.106380,0.270833,0.048266,0.020833,0.020917,0.358094,0.022881,0.169514,0.049261,0.120726,0.045928,0.791667,0.095546,0.562500,0.092592,0.330000
semantic_model_predictive_planner,5,48,0.562870,0.028094,0.232376,0.021980,0.186728,0.015903,0.437500,0.062752,0.791667,0.103164,0.302083,0.051150,0.031250,0.026913,0.366693,0.021610,0.150344,0.045803,0.139636,0.043206,0.822917,0.085573,0.638889,0.091414,0.330000
semantic_model_predictive_planner,6,48,0.550061,0.028731,0.241138,0.022878,0.194142,0.016200,0.440972,0.057121,0.763889,0.102397,0.250000,0.062279,0.031250,0.031751,0.360389,0.022078,0.170802,0.046675,0.119055,0.044372,0.795139,0.087125,0.583333,0.094801,0.330000
semantic_model_predictive_planner,7,48,0.542977,0.033015,0.249312,0.025883,0.199727,0.019108,0.437500,0.052939,0.746528,0.111743,0.225694,0.035723,0.038194,0.031124,0.355606,0.023063,0.181816,0.054185,0.105218,0.052015,0.784722,0.093777,0.559028,0.097985,0.330000
semantic_model_predictive_planner,8,48,0.565171,0.026373,0.225384,0.021470,0.183335,0.014755,0.434028,0.056496,0.798611,0.101992,0.343750,0.062587,0.034722,0.032198,0.370665,0.021138,0.144000,0.043185,0.146767,0.040634,0.833333,0.083102,0.631944,0.098211,0.330000
semantic_model_predictive_planner,9,48,0.559340,0.030775,0.235123,0.024945,0.190229,0.017601,0.420139,0.055012,0.777778,0.107578,0.288194,0.069283,0.020833,0.018518,0.363885,0.023499,0.158583,0.051165,0.133172,0.047978,0.798611,0.096266,0.604167,0.101371,0.330000
proposed_abstraction_failure_audit_v4,0,48,0.544413,0.009093,0.220558,0.005876,0.179656,0.007575,0.562500,0.059661,0.864583,0.094128,0.395833,0.056400,0.048611,0.040054,0.336523,0.007851,0.140172,0.007272,0.145797,0.010510,1.000000,0.000000,0.395833,0.105487,0.330000
proposed_abstraction_failure_audit_v4,1,48,0.537931,0.009228,0.220322,0.005975,0.180702,0.007397,0.583333,0.058358,0.868056,0.094280,0.430556,0.051314,0.041667,0.035737,0.337844,0.007480,0.144895,0.006926,0.138145,0.010211,1.000000,0.000000,0.388889,0.105356,0.330000
proposed_abstraction_failure_audit_v4,2,48,0.542888,0.007905,0.218637,0.005599,0.179382,0.007086,0.638889,0.046983,0.875000,0.094551,0.496528,0.059553,0.055556,0.045965,0.337722,0.006983,0.141415,0.006071,0.145081,0.009528,1.000000,0.000000,0.388889,0.102165,0.330000
proposed_abstraction_failure_audit_v4,3,48,0.544129,0.008418,0.216204,0.006515,0.174907,0.007392,0.534722,0.070110,0.861111,0.094468,0.489583,0.052744,0.072917,0.059883,0.342234,0.008652,0.138300,0.007614,0.149060,0.011134,1.000000,0.000000,0.447917,0.103006,0.330000
proposed_abstraction_failure_audit_v4,4,48,0.544415,0.007768,0.218075,0.005726,0.179212,0.007408,0.534722,0.053236,0.868056,0.094280,0.385417,0.059288,0.055556,0.043859,0.339006,0.008088,0.139021,0.006208,0.146517,0.009262,1.000000,0.000000,0.406250,0.101967,0.330000
proposed_abstraction_failure_audit_v4,5,48,0.548992,0.009811,0.221091,0.006880,0.179746,0.008003,0.576389,0.054985,0.871528,0.094421,0.385417,0.070913,0.059028,0.051915,0.338297,0.009251,0.135682,0.009166,0.149258,0.012240,1.000000,0.000000,0.406250,0.112130,0.330000
proposed_abstraction_failure_audit_v4,6,48,0.538130,0.008710,0.217749,0.005281,0.178046,0.007303,0.579861,0.049585,0.871528,0.094421,0.375000,0.052828,0.041667,0.038293,0.339851,0.007545,0.144166,0.006616,0.140905,0.009226,1.000000,0.000000,0.395833,0.106824,0.330000
proposed_abstraction_failure_audit_v4,7,48,0.545014,0.009615,0.220272,0.005988,0.180126,0.007895,0.552083,0.056006,0.875000,0.094551,0.413194,0.055012,0.048611,0.042350,0.339869,0.008961,0.137680,0.007902,0.144821,0.010412,1.000000,0.000000,0.378472,0.103273,0.330000
proposed_abstraction_failure_audit_v4,8,48,0.542311,0.009288,0.214800,0.005842,0.177201,0.007493,0.565972,0.052142,0.871528,0.094421,0.434028,0.065057,0.045139,0.038588,0.342349,0.008688,0.139328,0.007454,0.146356,0.010316,1.000000,0.000000,0.416667,0.103393,0.330000
proposed_abstraction_failure_audit_v4,9,48,0.545797,0.009100,0.216682,0.005921,0.178362,0.007617,0.506944,0.049555,0.871528,0.094421,0.340278,0.065216,0.045139,0.036053,0.340484,0.008057,0.137761,0.007289,0.148698,0.010144,1.000000,0.000000,0.427083,0.107829,0.330000
risk_bounded_abstraction_failure_audit_v5,0,48,0.258520,0.014930,0.482888,0.012927,0.371653,0.011225,0.590278,0.053236,0.135417,0.028616,0.270833,0.043088,0.000000,0.000000,0.225802,0.007774,0.669951,0.025122,-0.383982,0.028665,0.135417,0.028616,0.086806,0.030741,0.330000
risk_bounded_abstraction_failure_audit_v5,1,48,0.245900,0.018550,0.492004,0.015302,0.383283,0.014446,0.618056,0.042350,0.114583,0.033912,0.190972,0.059949,0.000000,0.000000,0.219495,0.008005,0.690653,0.030728,-0.407614,0.035404,0.114583,0.033912,0.062500,0.030175,0.330000
risk_bounded_abstraction_failure_audit_v5,2,48,0.269983,0.014698,0.466653,0.012710,0.362103,0.012653,0.631944,0.065937,0.170139,0.032969,0.253472,0.042385,0.000000,0.000000,0.233706,0.008116,0.646043,0.024962,-0.359547,0.029145,0.173611,0.032198,0.118056,0.030693,0.330000
risk_bounded_abstraction_failure_audit_v5,3,48,0.247164,0.019072,0.495112,0.016325,0.378817,0.014263,0.586806,0.055865,0.097222,0.038702,0.190972,0.048622,0.000000,0.000000,0.217254,0.009079,0.691356,0.032505,-0.403996,0.035966,0.097222,0.038702,0.065972,0.031875,0.330000
risk_bounded_abstraction_failure_audit_v5,4,48,0.232717,0.022550,0.503138,0.019527,0.390797,0.016824,0.628472,0.056076,0.072917,0.038791,0.170139,0.057121,0.003472,0.006806,0.211813,0.009145,0.714975,0.038928,-0.429438,0.042496,0.076389,0.038855,0.055556,0.034158,0.330000
risk_bounded_abstraction_failure_audit_v5,5,48,0.254701,0.016443,0.486018,0.014208,0.374528,0.012721,0.572917,0.061443,0.128472,0.035391,0.291667,0.059562,0.000000,0.000000,0.223063,0.008408,0.675475,0.027854,-0.390536,0.031498,0.128472,0.035391,0.076389,0.032198,0.330000
risk_bounded_abstraction_failure_audit_v5,6,48,0.257980,0.020175,0.481466,0.017165,0.372694,0.015675,0.597222,0.059030,0.138889,0.038086,0.284722,0.043452,0.000000,0.000000,0.225797,0.009542,0.669515,0.035062,-0.384444,0.038119,0.138889,0.038086,0.093750,0.034942,0.330000
risk_bounded_abstraction_failure_audit_v5,7,48,0.264487,0.022836,0.474314,0.020112,0.366793,0.017479,0.625000,0.059562,0.170139,0.053706,0.253472,0.061507,0.000000,0.000000,0.231759,0.011987,0.654546,0.039537,-0.372045,0.042677,0.170139,0.053706,0.097222,0.039906,0.330000
risk_bounded_abstraction_failure_audit_v5,8,48,0.277439,0.022798,0.457728,0.021110,0.356769,0.016863,0.590278,0.064487,0.187500,0.058053,0.302083,0.065720,0.003472,0.006806,0.240130,0.013945,0.631456,0.040947,-0.345771,0.042609,0.190972,0.057533,0.142361,0.046635,0.330000
risk_bounded_abstraction_failure_audit_v5,9,48,0.252203,0.018797,0.486765,0.015557,0.379058,0.015574,0.586806,0.059155,0.114583,0.037866,0.243056,0.059130,0.000000,0.000000,0.220088,0.008836,0.681939,0.032123,-0.395480,0.036118,0.114583,0.037866,0.072917,0.032121,0.330000
oracle_mechanics_preserving_planner,0,48,0.512735,0.017406,0.217985,0.007888,0.177222,0.009087,1.000000,0.000000,0.875000,0.094551,0.000000,0.000000,0.000000,0.000000,0.255025,0.012607,0.134375,0.017420,0.151594,0.020710,1.000000,0.000000,0.440972,0.126252,0.330000
oracle_mechanics_preserving_planner,1,48,0.511139,0.017273,0.218851,0.008012,0.179244,0.008973,1.000000,0.000000,0.875000,0.094551,0.000000,0.000000,0.000000,0.000000,0.255025,0.012607,0.135000,0.017560,0.148039,0.020361,1.000000,0.000000,0.430556,0.128606,0.330000
oracle_mechanics_preserving_planner,2,48,0.513109,0.017416,0.217318,0.007811,0.177298,0.008768,1.000000,0.000000,0.875000,0.094551,0.000000,0.000000,0.000000,0.000000,0.255025,0.012607,0.134196,0.017409,0.152300,0.020363,1.000000,0.000000,0.437500,0.127049,0.330000
oracle_mechanics_preserving_planner,3,48,0.513426,0.017071,0.217939,0.007722,0.175454,0.008838,1.000000,0.000000,0.875000,0.094551,0.000000,0.000000,0.000000,0.000000,0.255025,0.012607,0.133775,0.017275,0.153585,0.020000,1.000000,0.000000,0.472222,0.123158,0.330000
oracle_mechanics_preserving_planner,4,48,0.512742,0.017101,0.217329,0.007570,0.178185,0.009026,1.000000,0.000000,0.875000,0.094551,0.000000,0.000000,0.000000,0.000000,0.255025,0.012607,0.134250,0.017319,0.151288,0.019981,1.000000,0.000000,0.434028,0.125217,0.330000
oracle_mechanics_preserving_planner,5,48,0.512044,0.017089,0.218853,0.007652,0.177247,0.008835,1.000000,0.000000,0.875000,0.094551,0.000000,0.000000,0.000000,0.000000,0.255025,0.012607,0.134558,0.017327,0.150381,0.019905,1.000000,0.000000,0.440972,0.125123,0.330000
oracle_mechanics_preserving_planner,6,48,0.512336,0.017268,0.218131,0.007622,0.178054,0.009618,1.000000,0.000000,0.875000,0.094551,0.000000,0.000000,0.000000,0.000000,0.255025,0.012607,0.134560,0.017432,0.150510,0.020656,1.000000,0.000000,0.409722,0.132991,0.330000
oracle_mechanics_preserving_planner,7,48,0.510537,0.017426,0.219911,0.007641,0.179078,0.009258,1.000000,0.000000,0.875000,0.094551,0.000000,0.000000,0.000000,0.000000,0.255025,0.012607,0.135559,0.017556,0.146942,0.020422,1.000000,0.000000,0.409722,0.125300,0.330000
oracle_mechanics_preserving_planner,8,48,0.512933,0.017051,0.217119,0.007694,0.178293,0.009177,1.000000,0.000000,0.875000,0.094551,0.000000,0.000000,0.000000,0.000000,0.255025,0.012607,0.134162,0.017291,0.151522,0.020183,1.000000,0.000000,0.420139,0.129762,0.330000
oracle_mechanics_preserving_planner,9,48,0.513280,0.017342,0.216726,0.007913,0.177857,0.009176,1.000000,0.000000,0.875000,0.094551,0.003472,0.006806,0.000000,0.000000,0.255025,0.012607,0.134048,0.017437,0.152412,0.020434,1.000000,0.000000,0.434028,0.128939,0.330000
active_relational_abstraction,0,48,0.510427,0.016374,0.238711,0.016327,0.193401,0.012659,0.413194,0.055865,0.777778,0.100767,0.267361,0.054796,0.121528,0.092139,0.306384,0.011585,0.178562,0.031805,0.104045,0.029656,0.899306,0.056496,0.430556,0.085256,0.440000
active_relational_abstraction,1,48,0.503698,0.017461,0.243714,0.017614,0.198361,0.013330,0.392361,0.053706,0.774306,0.104072,0.225694,0.048133,0.118056,0.090177,0.299274,0.011730,0.189119,0.034075,0.093829,0.031735,0.892361,0.063400,0.444444,0.091414,0.440000
active_relational_abstraction,2,48,0.522544,0.014582,0.227907,0.014310,0.184704,0.010740,0.479167,0.062752,0.809028,0.100134,0.347222,0.081860,0.125000,0.094551,0.314659,0.010934,0.156043,0.027711,0.125214,0.025357,0.934028,0.049346,0.489583,0.094504,0.440000
active_relational_abstraction,3,48,0.520824,0.014189,0.232555,0.014640,0.187462,0.010540,0.409722,0.045577,0.805556,0.098871,0.409722,0.064487,0.125000,0.094551,0.309738,0.009091,0.161421,0.027134,0.120879,0.025746,0.930556,0.047483,0.475694,0.085895,0.440000
active_relational_abstraction,4,48,0.517864,0.014926,0.232723,0.015936,0.188074,0.010966,0.385417,0.056006,0.802083,0.103235,0.354167,0.069884,0.125000,0.094551,0.310917,0.011236,0.163482,0.029821,0.116886,0.026644,0.927083,0.056636,0.420139,0.091236,0.440000
active_relational_abstraction,5,48,0.512489,0.017236,0.237181,0.017191,0.192217,0.013532,0.437500,0.056400,0.784722,0.103830,0.315972,0.060146,0.125000,0.094551,0.306628,0.011153,0.175345,0.033158,0.107744,0.031624,0.909722,0.060709,0.468750,0.088428,0.440000
active_relational_abstraction,6,48,0.509482,0.015435,0.240812,0.015586,0.194555,0.011948,0.444444,0.056155,0.791667,0.102242,0.375000,0.051925,0.118056,0.089651,0.304635,0.010406,0.178278,0.030435,0.101785,0.027905,0.909722,0.056679,0.423611,0.085878,0.440000
active_relational_abstraction,7,48,0.518210,0.015730,0.236215,0.015220,0.189787,0.011759,0.381944,0.049555,0.798611,0.101527,0.361111,0.062532,0.125000,0.094551,0.306837,0.010367,0.165586,0.030049,0.115687,0.027937,0.923611,0.054118,0.444444,0.089848,0.440000
active_relational_abstraction,8,48,0.507056,0.015180,0.242336,0.015750,0.197081,0.012245,0.409722,0.055838,0.774306,0.099898,0.336806,0.047140,0.125000,0.094551,0.304302,0.010216,0.183086,0.030108,0.096796,0.028230,0.899306,0.055653,0.437500,0.078793,0.440000
active_relational_abstraction,9,48,0.516799,0.014813,0.236974,0.014711,0.190561,0.011369,0.399306,0.060538,0.795139,0.100252,0.375000,0.051925,0.121528,0.092139,0.307026,0.009862,0.169131,0.028929,0.113199,0.026730,0.916667,0.052378,0.475694,0.082525,0.440000
llm_tamp_failure_reasoning,0,48,0.564844,0.027576,0.227122,0.020185,0.185776,0.015381,0.385417,0.051610,0.791667,0.100375,0.274306,0.058754,0.027778,0.022462,0.348945,0.021811,0.142454,0.041786,0.152798,0.040940,0.819444,0.083575,0.579861,0.103388,0.440000
llm_tamp_failure_reasoning,1,48,0.563244,0.026811,0.223475,0.021436,0.182937,0.015590,0.354167,0.067823,0.798611,0.101992,0.378472,0.065780,0.034722,0.040054,0.350478,0.021721,0.139921,0.042278,0.154713,0.041171,0.833333,0.086450,0.590278,0.101992,0.440000
llm_tamp_failure_reasoning,2,48,0.556525,0.025964,0.222822,0.020495,0.181156,0.014954,0.361111,0.052678,0.791667,0.098472,0.243056,0.033635,0.041667,0.039509,0.355803,0.020004,0.145633,0.040659,0.147419,0.039929,0.833333,0.076585,0.607639,0.088872,0.440000
llm_tamp_failure_reasoning,3,48,0.570642,0.023191,0.206233,0.018383,0.168431,0.012899,0.368056,0.054985,0.815972,0.098826,0.534722,0.055838,0.048611,0.041218,0.369797,0.017930,0.120821,0.035805,0.174441,0.035258,0.864583,0.070579,0.670139,0.085065,0.440000
llm_tamp_failure_reasoning,4,48,0.552719,0.027631,0.227597,0.022184,0.184829,0.015435,0.336806,0.059553,0.777778,0.102627,0.357639,0.043486,0.041667,0.035737,0.351983,0.020860,0.152146,0.043489,0.139803,0.042546,0.819444,0.080696,0.579861,0.093792,0.440000
llm_tamp_failure_reasoning,5,48,0.546594,0.027827,0.237553,0.022234,0.192548,0.016644,0.413194,0.059155,0.763889,0.100060,0.288194,0.055653,0.031250,0.028616,0.341581,0.021847,0.167317,0.043445,0.126716,0.043279,0.795139,0.083238,0.579861,0.097744,0.440000
llm_tamp_failure_reasoning,6,48,0.564687,0.026472,0.224229,0.020280,0.182839,0.014994,0.385417,0.057670,0.798611,0.103374,0.395833,0.055555,0.041667,0.035737,0.352512,0.019833,0.137347,0.041747,0.154935,0.040228,0.840278,0.080769,0.586806,0.091753,0.440000
llm_tamp_failure_reasoning,7,48,0.547523,0.026013,0.223290,0.020561,0.180807,0.014951,0.416667,0.055021,0.788194,0.100957,0.315972,0.053486,0.038194,0.031124,0.353822,0.020511,0.152244,0.040815,0.139229,0.039521,0.826389,0.078992,0.614583,0.088160,0.440000
llm_tamp_failure_reasoning,8,48,0.559787,0.021487,0.214654,0.017131,0.177025,0.013185,0.350694,0.053486,0.795139,0.098347,0.430556,0.059030,0.065972,0.053042,0.360940,0.016331,0.134804,0.034057,0.156235,0.033814,0.861111,0.062532,0.635417,0.083475,0.440000
llm_tamp_failure_reasoning,9,48,0.553685,0.025749,0.233490,0.019649,0.188023,0.014069,0.392361,0.048133,0.767361,0.100016,0.288194,0.051227,0.041667,0.035737,0.347077,0.019714,0.157331,0.039975,0.137111,0.038809,0.809028,0.077805,0.600694,0.086853,0.440000
runtime_monitor_replanner,0,48,0.350991,0.025876,0.315741,0.028206,0.245021,0.024979,0.218750,0.045782,0.180556,0.075235,0.395833,0.058053,0.010417,0.011534,0.235392,0.017839,0.390027,0.047760,-0.107419,0.053130,0.670139,0.069112,0.354167,0.098532,0.440000
runtime_monitor_replanner,1,48,0.363615,0.024616,0.298466,0.027319,0.231319,0.022144,0.229167,0.053826,0.201389,0.081352,0.437500,0.069884,0.006944,0.009522,0.244000,0.018609,0.361473,0.045285,-0.078526,0.049142,0.718750,0.066079,0.388889,0.100767,0.440000
runtime_monitor_replanner,2,48,0.352868,0.019965,0.307995,0.023288,0.236481,0.020827,0.197917,0.049266,0.159722,0.065216,0.427083,0.050452,0.003472,0.006806,0.235476,0.014765,0.376193,0.038497,-0.094936,0.042867,0.711806,0.062838,0.343750,0.091967,0.440000
runtime_monitor_replanner,3,48,0.389123,0.018344,0.263782,0.018221,0.202316,0.014988,0.270833,0.043088,0.236111,0.085809,0.572917,0.062964,0.006944,0.009522,0.262021,0.016730,0.301887,0.030718,-0.019587,0.033317,0.822917,0.040579,0.399306,0.091624,0.440000
runtime_monitor_replanner,4,48,0.354083,0.023754,0.304685,0.026158,0.233064,0.021805,0.201389,0.049555,0.149306,0.081516,0.458333,0.067034,0.006944,0.009522,0.236302,0.018294,0.370055,0.043547,-0.089687,0.047309,0.729167,0.063501,0.326389,0.106972,0.440000
runtime_monitor_replanner,5,48,0.352059,0.020609,0.309240,0.022583,0.236566,0.018336,0.236111,0.046477,0.138889,0.074286,0.381944,0.049555,0.010417,0.011534,0.232698,0.016130,0.378449,0.036691,-0.095361,0.040362,0.708333,0.052828,0.315972,0.099304,0.440000
runtime_monitor_replanner,6,48,0.367520,0.021202,0.294830,0.026284,0.227490,0.021020,0.218750,0.049744,0.229167,0.076970,0.479167,0.068517,0.006944,0.009522,0.249556,0.018043,0.352151,0.042298,-0.072088,0.044236,0.725694,0.067729,0.402778,0.092699,0.440000
runtime_monitor_replanner,7,48,0.407963,0.012952,0.246432,0.015579,0.188517,0.013251,0.250000,0.049595,0.319444,0.071363,0.631944,0.074047,0.010417,0.011534,0.280087,0.012764,0.269609,0.024849,0.011664,0.026892,0.850694,0.046888,0.493056,0.076560,0.440000
runtime_monitor_replanner,8,48,0.377092,0.019622,0.287489,0.021536,0.223343,0.017756,0.267361,0.049346,0.281250,0.075438,0.447917,0.056006,0.003472,0.006806,0.258271,0.015913,0.338814,0.034923,-0.058932,0.038817,0.729167,0.053826,0.440972,0.082238,0.440000
runtime_monitor_replanner,9,48,0.356652,0.019984,0.304896,0.023552,0.232055,0.019252,0.256944,0.047608,0.184028,0.075490,0.388889,0.045965,0.000000,0.000000,0.239844,0.015824,0.370332,0.037209,-0.088002,0.041502,0.718750,0.059288,0.399306,0.097623,0.440000
grounded_geometric_tamp,0,48,0.595635,0.032689,0.223208,0.021331,0.181808,0.015583,0.329861,0.050060,0.777778,0.106695,0.302083,0.049266,0.048611,0.041218,0.359393,0.021571,0.138842,0.043317,0.184328,0.046255,0.826389,0.083078,0.645833,0.094112,0.440000
grounded_geometric_tamp,1,48,0.610422,0.027985,0.218486,0.016402,0.179633,0.012381,0.312500,0.053826,0.795139,0.097865,0.333333,0.059163,0.048611,0.038855,0.363480,0.017579,0.126109,0.034686,0.201703,0.038321,0.843750,0.069055,0.659722,0.085878,0.440000
grounded_geometric_tamp,2,48,0.586780,0.032651,0.230460,0.022017,0.187737,0.016297,0.295139,0.046888,0.767361,0.104185,0.288194,0.058147,0.041667,0.038293,0.355716,0.021216,0.153279,0.044865,0.168541,0.047522,0.809028,0.084227,0.614583,0.091839,0.440000
grounded_geometric_tamp,3,48,0.610787,0.025375,0.213963,0.015487,0.174328,0.011038,0.322917,0.066258,0.802083,0.095128,0.451389,0.072105,0.055556,0.045965,0.369223,0.015819,0.121681,0.031269,0.206098,0.034770,0.857639,0.062271,0.663194,0.081079,0.440000
grounded_geometric_tamp,4,48,0.572690,0.031479,0.233702,0.020936,0.189068,0.014485,0.284722,0.060709,0.760417,0.102430,0.256944,0.054985,0.052083,0.041444,0.353372,0.019553,0.163109,0.041966,0.152597,0.044986,0.812500,0.075731,0.583333,0.090199,0.440000
grounded_geometric_tamp,5,48,0.593388,0.031538,0.227791,0.020260,0.185130,0.014733,0.291667,0.051005,0.781250,0.100213,0.291667,0.045099,0.038194,0.034028,0.355946,0.020016,0.145173,0.040986,0.178478,0.044597,0.819444,0.079515,0.628472,0.092395,0.440000
grounded_geometric_tamp,6,48,0.566354,0.029916,0.224477,0.021139,0.183955,0.015702,0.267361,0.053042,0.781250,0.100684,0.392361,0.053706,0.034722,0.030693,0.360133,0.020076,0.162334,0.041390,0.152453,0.044003,0.815972,0.081516,0.628472,0.090324,0.440000
grounded_geometric_tamp,7,48,0.611753,0.027218,0.218505,0.015977,0.177961,0.012284,0.295139,0.049823,0.795139,0.096404,0.437500,0.068517,0.055556,0.044924,0.366467,0.016610,0.124702,0.033234,0.202972,0.037620,0.850694,0.063957,0.649306,0.091365,0.440000
grounded_geometric_tamp,8,48,0.591108,0.031283,0.232206,0.019342,0.190648,0.014190,0.322917,0.051839,0.767361,0.099066,0.361111,0.067620,0.041667,0.035737,0.355276,0.019220,0.152342,0.039964,0.169946,0.043990,0.809028,0.076579,0.600694,0.090062,0.440000
grounded_geometric_tamp,9,48,0.589363,0.035155,0.235962,0.024348,0.189729,0.016883,0.298611,0.049555,0.770833,0.104133,0.291667,0.061129,0.027778,0.034158,0.351284,0.022875,0.155453,0.048569,0.168361,0.051346,0.798611,0.092251,0.614583,0.096363,0.440000
physics_aware_tamp,0,48,0.660136,0.031043,0.180726,0.019372,0.147579,0.013879,0.378472,0.063587,0.871528,0.094421,0.312500,0.068517,0.027778,0.024477,0.408640,0.021234,0.077402,0.035229,0.277429,0.043005,0.899306,0.074545,0.805556,0.086084,0.440000
physics_aware_tamp,1,48,0.657369,0.033930,0.183940,0.021940,0.151010,0.015936,0.413194,0.053264,0.868056,0.094280,0.274306,0.060342,0.013889,0.013170,0.405624,0.023793,0.084056,0.040089,0.271595,0.047741,0.881944,0.084209,0.788194,0.091624,0.440000
physics_aware_tamp,2,48,0.668598,0.028416,0.179106,0.017891,0.145679,0.012369,0.381944,0.061483,0.864583,0.094128,0.336806,0.079310,0.038194,0.031124,0.413281,0.018775,0.073316,0.032814,0.286250,0.039490,0.902778,0.066562,0.819444,0.073967,0.440000
physics_aware_tamp,3,48,0.666573,0.032076,0.182074,0.021216,0.147823,0.014660,0.364583,0.051150,0.868056,0.094280,0.236111,0.062909,0.020833,0.018518,0.409787,0.021765,0.077838,0.038795,0.282427,0.045504,0.888889,0.079217,0.798611,0.089651,0.440000
physics_aware_tamp,4,48,0.677944,0.028094,0.173514,0.017016,0.142192,0.012527,0.388889,0.064027,0.875000,0.094551,0.364583,0.071246,0.041667,0.034388,0.417019,0.018380,0.061622,0.031872,0.299779,0.038938,0.916667,0.064517,0.819444,0.077709,0.440000
physics_aware_tamp,5,48,0.666084,0.032003,0.181828,0.020851,0.146902,0.013287,0.375000,0.061898,0.864583,0.094128,0.187500,0.045230,0.027778,0.022462,0.409442,0.021309,0.077075,0.037066,0.282889,0.044439,0.892361,0.073747,0.822917,0.081031,0.440000
physics_aware_tamp,6,48,0.665354,0.027171,0.175209,0.016581,0.143793,0.011570,0.385417,0.052519,0.868056,0.094280,0.354167,0.048266,0.048611,0.038855,0.416410,0.016968,0.071089,0.030017,0.285310,0.037378,0.916667,0.059163,0.819444,0.080696,0.440000
physics_aware_tamp,7,48,0.672567,0.029307,0.176782,0.018710,0.143668,0.013271,0.336806,0.045088,0.871528,0.094421,0.284722,0.063003,0.038194,0.039196,0.414299,0.019710,0.067393,0.034519,0.292588,0.041078,0.909722,0.070781,0.833333,0.079614,0.440000
physics_aware_tamp,8,48,0.663890,0.032930,0.183717,0.021689,0.150261,0.015325,0.378472,0.055653,0.868056,0.094280,0.295139,0.064693,0.020833,0.025035,0.408467,0.022106,0.079191,0.039720,0.277590,0.047037,0.888889,0.080988,0.784722,0.090700,0.440000
physics_aware_tamp,9,48,0.659387,0.032802,0.186816,0.021597,0.150836,0.015262,0.378472,0.054796,0.861111,0.093966,0.236111,0.062152,0.020833,0.023068,0.406181,0.022210,0.085348,0.039184,0.271836,0.046759,0.881944,0.080181,0.791667,0.086176,0.440000
semantic_model_predictive_planner,0,48,0.551001,0.026293,0.236451,0.022058,0.191715,0.016076,0.395833,0.061226,0.770833,0.103678,0.274306,0.055440,0.024306,0.021726,0.362381,0.021680,0.163981,0.044799,0.123625,0.041420,0.795139,0.090324,0.600694,0.098106,0.440000
semantic_model_predictive_planner,1,48,0.549581,0.027317,0.236287,0.022359,0.192179,0.016054,0.440972,0.060342,0.763889,0.106916,0.239583,0.064449,0.038194,0.032608,0.360996,0.021292,0.165017,0.045819,0.122548,0.042871,0.802083,0.087891,0.600694,0.093160,0.440000
semantic_model_predictive_planner,2,48,0.535552,0.027271,0.239487,0.022978,0.193066,0.016283,0.392361,0.065600,0.770833,0.103221,0.229167,0.063501,0.027778,0.026339,0.359951,0.021788,0.178819,0.045378,0.106462,0.042721,0.798611,0.088589,0.569444,0.092187,0.440000
semantic_model_predictive_planner,3,48,0.551075,0.029502,0.236092,0.024485,0.189639,0.016230,0.427083,0.056636,0.788194,0.101890,0.250000,0.063780,0.017361,0.017506,0.362312,0.023522,0.161614,0.047759,0.125430,0.045384,0.805556,0.091930,0.614583,0.096363,0.440000
semantic_model_predictive_planner,4,48,0.545335,0.024348,0.225941,0.021538,0.182100,0.014184,0.447917,0.058485,0.791667,0.101779,0.350694,0.063214,0.038194,0.031124,0.372490,0.019869,0.158127,0.040607,0.126731,0.038172,0.829861,0.079904,0.611111,0.083858,0.440000
semantic_model_predictive_planner,5,48,0.555574,0.028735,0.234732,0.023015,0.189700,0.016485,0.423611,0.047608,0.784722,0.103830,0.288194,0.058147,0.024306,0.023804,0.363088,0.022379,0.157654,0.047209,0.130348,0.044437,0.809028,0.090716,0.607639,0.094546,0.440000
semantic_model_predictive_planner,6,48,0.554178,0.026685,0.230862,0.021147,0.187576,0.015363,0.402778,0.050383,0.791667,0.102242,0.305556,0.051772,0.038194,0.034028,0.366010,0.020645,0.153139,0.043489,0.131499,0.040946,0.829861,0.081661,0.607639,0.092010,0.440000
semantic_model_predictive_planner,7,48,0.552194,0.024670,0.236564,0.019694,0.190884,0.014541,0.427083,0.061443,0.784722,0.099170,0.340278,0.045577,0.027778,0.029715,0.361189,0.020248,0.159997,0.040859,0.125852,0.038011,0.812500,0.084583,0.572917,0.095252,0.440000
semantic_model_predictive_planner,8,48,0.542177,0.027682,0.242991,0.021975,0.197319,0.016115,0.413194,0.051457,0.753472,0.101541,0.256944,0.060709,0.041667,0.035737,0.359133,0.020475,0.176164,0.045728,0.108336,0.043461,0.795139,0.080347,0.572917,0.093750,0.440000
semantic_model_predictive_planner,9,48,0.551227,0.029183,0.237282,0.023577,0.190154,0.016606,0.427083,0.057465,0.777778,0.103087,0.243056,0.052340,0.027778,0.026339,0.362463,0.022739,0.162659,0.047488,0.124458,0.045274,0.805556,0.088255,0.618056,0.098211,0.440000
proposed_abstraction_failure_audit_v4,0,48,0.543047,0.008847,0.219503,0.006616,0.180493,0.008415,0.510417,0.060277,0.871528,0.094421,0.343750,0.048051,0.052083,0.042570,0.336840,0.008241,0.138300,0.007470,0.144308,0.011669,1.000000,0.000000,0.385417,0.112236,0.440000
proposed_abstraction_failure_audit_v4,1,48,0.543284,0.007055,0.217635,0.006095,0.180364,0.007543,0.569444,0.058223,0.871528,0.094421,0.420139,0.063772,0.069444,0.057405,0.337872,0.007699,0.137660,0.005975,0.145287,0.010210,1.000000,0.000000,0.416667,0.109610,0.440000
proposed_abstraction_failure_audit_v4,2,48,0.534941,0.007829,0.219065,0.005389,0.179640,0.007241,0.559028,0.056287,0.871528,0.094421,0.378472,0.055653,0.052083,0.041444,0.337849,0.006698,0.144612,0.005729,0.136645,0.008439,1.000000,0.000000,0.399306,0.100488,0.440000
proposed_abstraction_failure_audit_v4,3,48,0.536623,0.008286,0.217889,0.005362,0.178361,0.007253,0.545139,0.053042,0.868056,0.094280,0.458333,0.056295,0.048611,0.041218,0.338456,0.007470,0.142624,0.006382,0.139676,0.008426,1.000000,0.000000,0.416667,0.099190,0.440000
proposed_abstraction_failure_audit_v4,4,48,0.540852,0.008487,0.219389,0.006352,0.179919,0.007627,0.562500,0.054697,0.875000,0.094551,0.444444,0.063284,0.062500,0.051121,0.338962,0.008630,0.138668,0.007224,0.141700,0.010882,1.000000,0.000000,0.406250,0.106505,0.440000
proposed_abstraction_failure_audit_v4,5,48,0.538143,0.007708,0.216126,0.005484,0.177508,0.007573,0.541667,0.066325,0.868056,0.094280,0.343750,0.056217,0.062500,0.048266,0.340031,0.007634,0.140917,0.006746,0.142172,0.010124,1.000000,0.000000,0.399306,0.101890,0.440000
proposed_abstraction_failure_audit_v4,6,48,0.536936,0.008143,0.220275,0.006043,0.181314,0.008069,0.541667,0.060350,0.871528,0.094421,0.319444,0.054008,0.055556,0.050851,0.337481,0.006904,0.143174,0.006315,0.136889,0.009512,1.000000,0.000000,0.371528,0.105314,0.440000
proposed_abstraction_failure_audit_v4,7,48,0.539473,0.009190,0.219055,0.006162,0.179104,0.008080,0.590278,0.062247,0.868056,0.094280,0.454861,0.053042,0.048611,0.040054,0.338786,0.008145,0.140097,0.007473,0.141176,0.011112,1.000000,0.000000,0.406250,0.106948,0.440000
proposed_abstraction_failure_audit_v4,8,48,0.539935,0.008195,0.218945,0.005897,0.180825,0.007770,0.579861,0.055012,0.875000,0.094551,0.347222,0.065125,0.059028,0.046125,0.339056,0.008203,0.139533,0.006582,0.140350,0.010348,1.000000,0.000000,0.402778,0.107797,0.440000
proposed_abstraction_failure_audit_v4,9,48,0.537479,0.006583,0.218264,0.005424,0.178361,0.006945,0.576389,0.042350,0.875000,0.094551,0.482639,0.066850,0.065972,0.053042,0.338616,0.007187,0.142083,0.004931,0.140247,0.009008,1.000000,0.000000,0.399306,0.103273,0.440000
risk_bounded_abstraction_failure_audit_v5,0,48,0.255429,0.024781,0.483638,0.020757,0.377087,0.018355,0.576389,0.057508,0.121528,0.046381,0.239583,0.067320,0.000000,0.000000,0.221371,0.011323,0.672166,0.041840,-0.389559,0.046101,0.121528,0.046381,0.069444,0.042210,0.440000
risk_bounded_abstraction_failure_audit_v5,1,48,0.264076,0.021477,0.473911,0.019005,0.372327,0.015893,0.621528,0.053926,0.138889,0.049912,0.291667,0.064883,0.000000,0.000000,0.227213,0.012076,0.657244,0.037103,-0.374297,0.040015,0.138889,0.049912,0.097222,0.042210,0.440000
risk_bounded_abstraction_failure_audit_v5,2,48,0.255701,0.017864,0.477051,0.015830,0.370907,0.015266,0.590278,0.054118,0.135417,0.034602,0.222222,0.050851,0.003472,0.006806,0.228424,0.008612,0.665236,0.030464,-0.383979,0.035171,0.142361,0.033678,0.111111,0.034158,0.440000
risk_bounded_abstraction_failure_audit_v5,3,48,0.254830,0.023384,0.483146,0.021910,0.373903,0.017909,0.600694,0.061314,0.125000,0.054589,0.309028,0.068077,0.000000,0.000000,0.223222,0.012786,0.670658,0.041942,-0.388358,0.044291,0.125000,0.054589,0.083333,0.043498,0.440000
risk_bounded_abstraction_failure_audit_v5,4,48,0.258750,0.020722,0.479757,0.018952,0.371876,0.015240,0.572917,0.048541,0.138889,0.046983,0.319444,0.051314,0.000000,0.000000,0.226799,0.012067,0.662883,0.036551,-0.382515,0.038428,0.138889,0.046983,0.093750,0.043396,0.440000
risk_bounded_abstraction_failure_audit_v5,5,48,0.255864,0.016357,0.478201,0.013917,0.371449,0.013946,0.677083,0.057875,0.128472,0.034028,0.225694,0.041823,0.003472,0.006806,0.226738,0.008620,0.667254,0.027630,-0.384165,0.032029,0.131944,0.033635,0.107639,0.031501,0.440000
risk_bounded_abstraction_failure_audit_v5,6,48,0.244189,0.019188,0.482339,0.018197,0.374707,0.015601,0.593750,0.054940,0.118056,0.040054,0.267361,0.053042,0.003472,0.006806,0.226233,0.010547,0.681270,0.034312,-0.401207,0.036352,0.125000,0.039509,0.107639,0.037024,0.440000
risk_bounded_abstraction_failure_audit_v5,7,48,0.266999,0.017533,0.473200,0.015657,0.365882,0.012979,0.631944,0.056679,0.156250,0.041729,0.253472,0.057533,0.000000,0.000000,0.230381,0.010159,0.648925,0.029450,-0.367652,0.032699,0.156250,0.041729,0.097222,0.037460,0.440000
risk_bounded_abstraction_failure_audit_v5,8,48,0.237851,0.020054,0.498247,0.016302,0.388239,0.015678,0.576389,0.058324,0.090278,0.033635,0.211806,0.051227,0.000000,0.000000,0.215069,0.007761,0.700876,0.034144,-0.420994,0.038239,0.090278,0.033635,0.055556,0.026339,0.440000
risk_bounded_abstraction_failure_audit_v5,9,48,0.261556,0.026031,0.474493,0.022966,0.367263,0.019217,0.621528,0.058955,0.149306,0.056076,0.225694,0.061890,0.000000,0.000000,0.229430,0.013115,0.656770,0.044335,-0.374440,0.048568,0.152778,0.056575,0.107639,0.047140,0.440000
oracle_mechanics_preserving_planner,0,48,0.508568,0.017115,0.216293,0.007700,0.177496,0.009423,1.000000,0.000000,0.875000,0.094551,0.000000,0.000000,0.000000,0.000000,0.255025,0.012607,0.134397,0.017376,0.148210,0.020568,1.000000,0.000000,0.434028,0.127834,0.440000
oracle_mechanics_preserving_planner,1,48,0.508859,0.017078,0.215691,0.007765,0.177847,0.009102,1.000000,0.000000,0.875000,0.094551,0.000000,0.000000,0.000000,0.000000,0.255025,0.012607,0.134350,0.017293,0.148597,0.020289,1.000000,0.000000,0.444444,0.126193,0.440000
oracle_mechanics_preserving_planner,2,48,0.507441,0.017437,0.217627,0.007569,0.177896,0.009137,1.000000,0.000000,0.875000,0.094551,0.000000,0.000000,0.000000,0.000000,0.255025,0.012607,0.135235,0.017482,0.146022,0.020501,1.000000,0.000000,0.458333,0.126255,0.440000
oracle_mechanics_preserving_planner,3,48,0.508209,0.017033,0.216853,0.007058,0.177301,0.009008,1.000000,0.000000,0.875000,0.094551,0.000000,0.000000,0.000000,0.000000,0.255025,0.012607,0.134633,0.017283,0.147667,0.019641,1.000000,0.000000,0.465278,0.123014,0.440000
oracle_mechanics_preserving_planner,4,48,0.506862,0.017516,0.218208,0.007884,0.178286,0.009163,1.000000,0.000000,0.875000,0.094551,0.000000,0.000000,0.000000,0.000000,0.255025,0.012607,0.135542,0.017549,0.144826,0.020828,1.000000,0.000000,0.447917,0.127988,0.440000
oracle_mechanics_preserving_planner,5,48,0.508607,0.017270,0.216449,0.007738,0.177023,0.009058,1.000000,0.000000,0.875000,0.094551,0.003472,0.006806,0.000000,0.000000,0.255025,0.012607,0.134589,0.017370,0.148499,0.020182,1.000000,0.000000,0.430556,0.122966,0.440000
oracle_mechanics_preserving_planner,6,48,0.506716,0.017525,0.218027,0.007789,0.178884,0.009285,1.000000,0.000000,0.875000,0.094551,0.000000,0.000000,0.000000,0.000000,0.255025,0.012607,0.135710,0.017531,0.144353,0.020521,1.000000,0.000000,0.420139,0.124554,0.440000
oracle_mechanics_preserving_planner,7,48,0.507399,0.017374,0.217986,0.007843,0.177516,0.009293,1.000000,0.000000,0.875000,0.094551,0.000000,0.000000,0.000000,0.000000,0.255025,0.012607,0.135228,0.017489,0.146045,0.020794,1.000000,0.000000,0.434028,0.127092,0.440000
oracle_mechanics_preserving_planner,8,48,0.506725,0.017519,0.217863,0.007630,0.179331,0.009241,1.000000,0.000000,0.875000,0.094551,0.000000,0.000000,0.000000,0.000000,0.255025,0.012607,0.135747,0.017531,0.144135,0.020777,1.000000,0.000000,0.434028,0.127092,0.440000
oracle_mechanics_preserving_planner,9,48,0.508021,0.017229,0.217467,0.007866,0.176751,0.008952,1.000000,0.000000,0.875000,0.094551,0.000000,0.000000,0.000000,0.000000,0.255025,0.012607,0.134811,0.017425,0.147519,0.020299,1.000000,0.000000,0.440972,0.127741,0.440000
active_relational_abstraction,0,48,0.498757,0.016847,0.245469,0.017311,0.197276,0.013532,0.364583,0.055582,0.770833,0.103678,0.336806,0.063400,0.121528,0.092139,0.300084,0.011157,0.189642,0.032999,0.088311,0.031398,0.892361,0.062650,0.420139,0.091753,0.560000
active_relational_abstraction,1,48,0.508375,0.014237,0.235347,0.014754,0.189328,0.011287,0.385417,0.045782,0.791667,0.100375,0.319444,0.055732,0.125000,0.094551,0.309565,0.010534,0.171077,0.028448,0.105541,0.025916,0.916667,0.053273,0.500000,0.080206,0.560000
active_relational_abstraction,2,48,0.516305,0.013914,0.232009,0.013889,0.189304,0.011215,0.375000,0.046136,0.798611,0.099170,0.461806,0.073587,0.125000,0.094551,0.311431,0.009709,0.161123,0.027173,0.114640,0.025478,0.923611,0.049555,0.482639,0.084926,0.560000
active_relational_abstraction,3,48,0.507816,0.014583,0.234409,0.014966,0.191962,0.011315,0.416667,0.068776,0.802083,0.101386,0.329861,0.050996,0.118056,0.089651,0.307210,0.010085,0.172556,0.028799,0.104618,0.026723,0.920139,0.053264,0.402778,0.080696,0.560000
active_relational_abstraction,4,48,0.504783,0.018086,0.237630,0.018230,0.193967,0.014712,0.392361,0.051915,0.788194,0.107316,0.260417,0.054940,0.125000,0.094551,0.304804,0.012215,0.177613,0.035378,0.099284,0.033662,0.913194,0.065960,0.395833,0.084583,0.560000
active_relational_abstraction,5,48,0.511956,0.015041,0.234651,0.015411,0.188657,0.011463,0.375000,0.064883,0.802083,0.101851,0.315972,0.042663,0.118056,0.089651,0.308808,0.010411,0.167695,0.029598,0.110326,0.027259,0.920139,0.054145,0.451389,0.082507,0.560000
active_relational_abstraction,6,48,0.511214,0.015205,0.233513,0.015854,0.189341,0.011682,0.385417,0.060863,0.798611,0.101060,0.326389,0.058324,0.125000,0.094551,0.308746,0.010346,0.168600,0.029205,0.109778,0.027803,0.923611,0.053236,0.482639,0.072941,0.560000
active_relational_abstraction,7,48,0.500036,0.017146,0.239494,0.017958,0.194858,0.013656,0.461806,0.061699,0.784722,0.106083,0.197917,0.045263,0.125000,0.094551,0.302314,0.011882,0.183780,0.033775,0.093860,0.031821,0.909722,0.064487,0.413194,0.089667,0.560000
active_relational_abstraction,8,48,0.513147,0.015216,0.234541,0.015646,0.190857,0.011947,0.440972,0.054580,0.798611,0.102454,0.406250,0.063710,0.121528,0.092139,0.310058,0.011024,0.165095,0.029903,0.109473,0.027641,0.920139,0.055865,0.434028,0.085757,0.560000
active_relational_abstraction,9,48,0.509016,0.014320,0.236247,0.014467,0.191352,0.011662,0.385417,0.061635,0.798611,0.100119,0.288194,0.055653,0.125000,0.094551,0.305626,0.009804,0.170695,0.028235,0.105856,0.026392,0.923611,0.051429,0.444444,0.086632,0.560000
llm_tamp_failure_reasoning,0,48,0.559716,0.021080,0.213792,0.018148,0.173772,0.013454,0.371528,0.056076,0.795139,0.098347,0.399306,0.053926,0.062500,0.054697,0.362922,0.017622,0.131891,0.033402,0.158174,0.032790,0.857639,0.067379,0.638889,0.088789,0.560000
llm_tamp_failure_reasoning,1,48,0.556710,0.022262,0.222303,0.017164,0.179263,0.012192,0.361111,0.047979,0.791667,0.095050,0.388889,0.048955,0.052083,0.045782,0.357025,0.016812,0.140295,0.033611,0.148754,0.033681,0.843750,0.066258,0.631944,0.082507,0.560000
llm_tamp_failure_reasoning,2,48,0.574535,0.020093,0.212582,0.014269,0.175148,0.011520,0.357639,0.057533,0.809028,0.097259,0.437500,0.070558,0.059028,0.046125,0.362373,0.015997,0.116960,0.030238,0.172934,0.029554,0.868056,0.061483,0.659722,0.080769,0.560000
llm_tamp_failure_reasoning,3,48,0.560884,0.027217,0.226805,0.020575,0.187360,0.015903,0.343750,0.057875,0.795139,0.099304,0.361111,0.056991,0.027778,0.026339,0.348701,0.021617,0.142047,0.041366,0.147983,0.041377,0.822917,0.083333,0.555556,0.106251,0.560000
llm_tamp_failure_reasoning,4,48,0.562957,0.024620,0.220682,0.018629,0.180259,0.013677,0.378472,0.054796,0.802083,0.099502,0.468750,0.071907,0.038194,0.031124,0.355560,0.019430,0.134019,0.038175,0.155840,0.036850,0.840278,0.076560,0.621528,0.090586,0.560000
llm_tamp_failure_reasoning,5,48,0.578228,0.016189,0.203461,0.011585,0.166133,0.009249,0.378472,0.062081,0.822917,0.094504,0.538194,0.051687,0.069444,0.053125,0.370718,0.013201,0.107036,0.023520,0.184903,0.023359,0.892361,0.049106,0.673611,0.077786,0.560000
llm_tamp_failure_reasoning,6,48,0.566320,0.026054,0.220606,0.020209,0.179917,0.014874,0.375000,0.053716,0.791667,0.103164,0.413194,0.055012,0.052083,0.042570,0.355542,0.019663,0.132265,0.040188,0.159501,0.040003,0.843750,0.075595,0.638889,0.088789,0.560000
llm_tamp_failure_reasoning,7,48,0.576880,0.019047,0.206787,0.012822,0.171530,0.010532,0.402778,0.056575,0.812500,0.094614,0.583333,0.068085,0.065972,0.051227,0.367031,0.014154,0.112482,0.026616,0.179289,0.027544,0.878472,0.053042,0.645833,0.077583,0.560000
llm_tamp_failure_reasoning,8,48,0.554079,0.025006,0.230885,0.019390,0.188763,0.014353,0.343750,0.059487,0.784722,0.099646,0.284722,0.051429,0.038194,0.034028,0.347487,0.019741,0.148262,0.039558,0.138312,0.038242,0.822917,0.078661,0.555556,0.099349,0.560000
llm_tamp_failure_reasoning,9,48,0.548575,0.024936,0.217865,0.020758,0.178771,0.015288,0.381944,0.055838,0.791667,0.100845,0.430556,0.047483,0.038194,0.029565,0.360105,0.020061,0.145772,0.039825,0.142254,0.039021,0.829861,0.078108,0.645833,0.087334,0.560000
runtime_monitor_replanner,0,48,0.353265,0.016545,0.313130,0.020946,0.238239,0.015535,0.190972,0.050530,0.204861,0.068251,0.347222,0.051314,0.006944,0.013611,0.238955,0.014449,0.378196,0.031770,-0.100244,0.034585,0.670139,0.053706,0.385417,0.082620,0.560000
runtime_monitor_replanner,1,48,0.379217,0.018347,0.277791,0.020547,0.213423,0.018033,0.222222,0.044924,0.274306,0.072453,0.510417,0.051839,0.010417,0.015088,0.262701,0.014692,0.322519,0.033548,-0.045901,0.037707,0.767361,0.052142,0.472222,0.084978,0.560000
runtime_monitor_replanner,2,48,0.357182,0.021467,0.304930,0.026634,0.235183,0.019901,0.180556,0.045448,0.201389,0.077786,0.350694,0.050763,0.013889,0.016372,0.242368,0.018024,0.366567,0.042081,-0.090804,0.044073,0.694444,0.066917,0.392361,0.089930,0.560000
runtime_monitor_replanner,3,48,0.360240,0.019452,0.299482,0.022859,0.234585,0.020043,0.253472,0.049585,0.222222,0.070362,0.413194,0.048622,0.006944,0.013611,0.245951,0.015389,0.362834,0.036780,-0.085661,0.041411,0.704861,0.056913,0.399306,0.089535,0.560000
runtime_monitor_replanner,4,48,0.368772,0.023850,0.291760,0.025984,0.228519,0.021631,0.263889,0.054008,0.260417,0.082477,0.427083,0.061443,0.010417,0.015088,0.254688,0.018249,0.348847,0.043197,-0.071951,0.047435,0.718750,0.059288,0.434028,0.093666,0.560000
runtime_monitor_replanner,5,48,0.375685,0.020128,0.276437,0.023861,0.210947,0.018678,0.190972,0.041254,0.218750,0.078511,0.482639,0.060927,0.017361,0.017506,0.256806,0.017025,0.322409,0.037944,-0.044389,0.040614,0.788194,0.056496,0.413194,0.098707,0.560000
runtime_monitor_replanner,6,48,0.370588,0.022194,0.287722,0.024445,0.223386,0.020888,0.225694,0.048133,0.243056,0.074683,0.416667,0.066681,0.006944,0.009522,0.253542,0.016472,0.341995,0.040146,-0.063616,0.045009,0.739583,0.061443,0.423611,0.092251,0.560000
runtime_monitor_replanner,7,48,0.372071,0.021059,0.280588,0.024263,0.215706,0.019529,0.222222,0.045965,0.218750,0.076063,0.458333,0.062658,0.010417,0.011534,0.254410,0.016291,0.330470,0.038274,-0.052831,0.042662,0.777778,0.060220,0.406250,0.096240,0.560000
runtime_monitor_replanner,8,48,0.388195,0.017988,0.265094,0.018793,0.206427,0.015750,0.218750,0.045782,0.295139,0.072290,0.562500,0.052939,0.013889,0.013170,0.270483,0.014242,0.302358,0.030666,-0.027790,0.034947,0.798611,0.042350,0.475694,0.081950,0.560000
runtime_monitor_replanner,9,48,0.378522,0.021367,0.270732,0.024048,0.208309,0.020546,0.263889,0.048469,0.232639,0.078259,0.461806,0.077347,0.006944,0.009522,0.259816,0.017358,0.314158,0.039685,-0.037607,0.043139,0.809028,0.059949,0.413194,0.100134,0.560000
grounded_geometric_tamp,0,48,0.589730,0.030174,0.226672,0.019025,0.183613,0.013981,0.336806,0.060342,0.777778,0.098871,0.312500,0.058863,0.041667,0.035737,0.358698,0.019347,0.144646,0.039434,0.175405,0.042403,0.819444,0.075861,0.642361,0.086990,0.560000
grounded_geometric_tamp,1,48,0.589599,0.032378,0.227792,0.021250,0.183654,0.015343,0.288194,0.053042,0.788194,0.100957,0.277778,0.044924,0.034722,0.032198,0.357199,0.020929,0.142262,0.042273,0.175225,0.046045,0.822917,0.082190,0.635417,0.091581,0.560000
grounded_geometric_tamp,2,48,0.585769,0.031000,0.225388,0.020377,0.185361,0.015815,0.309028,0.055865,0.784722,0.102454,0.291667,0.049116,0.041667,0.035737,0.357940,0.020559,0.144154,0.042042,0.171250,0.045010,0.826389,0.080181,0.625000,0.083386,0.560000
grounded_geometric_tamp,3,48,0.589758,0.030978,0.225920,0.020031,0.185893,0.014408,0.298611,0.050501,0.788194,0.099542,0.284722,0.041218,0.031250,0.025094,0.357249,0.020512,0.143207,0.040348,0.174837,0.043764,0.819444,0.080696,0.607639,0.095045,0.560000
grounded_geometric_tamp,4,48,0.587345,0.029897,0.227174,0.019769,0.186278,0.015134,0.218750,0.042570,0.781250,0.100684,0.291667,0.049116,0.041667,0.042950,0.356791,0.020075,0.145233,0.040100,0.171612,0.042815,0.822917,0.081612,0.607639,0.089403,0.560000
grounded_geometric_tamp,5,48,0.583430,0.030268,0.227348,0.021286,0.183485,0.014965,0.277778,0.043859,0.781250,0.104374,0.312500,0.052939,0.045139,0.036053,0.356072,0.019945,0.145908,0.041772,0.169909,0.044138,0.826389,0.080181,0.625000,0.086176,0.560000
grounded_geometric_tamp,6,48,0.592591,0.034481,0.228923,0.022317,0.186765,0.016492,0.326389,0.054118,0.784722,0.101992,0.326389,0.074047,0.027778,0.028078,0.354977,0.022612,0.143608,0.045065,0.176254,0.049213,0.812500,0.087334,0.621528,0.093160,0.560000
grounded_geometric_tamp,7,48,0.601424,0.028273,0.221918,0.016188,0.181302,0.012191,0.322917,0.054508,0.791667,0.095546,0.465278,0.055838,0.048611,0.038855,0.361685,0.016993,0.131009,0.033252,0.190267,0.038718,0.840278,0.065937,0.628472,0.092906,0.560000
grounded_geometric_tamp,8,48,0.588554,0.027955,0.223518,0.019024,0.184466,0.014371,0.309028,0.058350,0.784722,0.098211,0.329861,0.057121,0.041667,0.039509,0.361159,0.019527,0.142256,0.037992,0.174411,0.040399,0.826389,0.076560,0.625000,0.087807,0.560000
grounded_geometric_tamp,9,48,0.598084,0.027373,0.214866,0.017314,0.174878,0.011883,0.312500,0.060448,0.805556,0.094967,0.447917,0.063151,0.048611,0.043452,0.368972,0.017195,0.127298,0.033210,0.192581,0.037638,0.854167,0.067122,0.663194,0.082238,0.560000
physics_aware_tamp,0,48,0.654120,0.032070,0.185314,0.020126,0.150299,0.014448,0.361111,0.047979,0.857639,0.093792,0.270833,0.052939,0.031250,0.028616,0.406937,0.020896,0.084177,0.036858,0.267510,0.045007,0.888889,0.072351,0.812500,0.081158,0.560000
physics_aware_tamp,1,48,0.656026,0.028961,0.179987,0.018172,0.145174,0.012721,0.315972,0.055226,0.861111,0.093966,0.256944,0.046604,0.045139,0.036053,0.413863,0.018315,0.078489,0.032559,0.273286,0.040582,0.906250,0.061443,0.819444,0.075235,0.560000
physics_aware_tamp,2,48,0.664365,0.026547,0.177409,0.015930,0.146919,0.012242,0.347222,0.058223,0.864583,0.094128,0.322917,0.078057,0.041667,0.034388,0.413537,0.017818,0.071700,0.030459,0.282001,0.036721,0.906250,0.064449,0.819444,0.075235,0.560000
physics_aware_tamp,3,48,0.675175,0.027164,0.170294,0.016264,0.141364,0.011997,0.340278,0.057508,0.875000,0.094551,0.350694,0.054363,0.048611,0.043452,0.418249,0.018231,0.058397,0.029838,0.298958,0.037295,0.923611,0.062247,0.829861,0.076887,0.560000
physics_aware_tamp,4,48,0.651391,0.026456,0.173177,0.016069,0.142232,0.010750,0.364583,0.044205,0.868056,0.094280,0.444444,0.069005,0.045139,0.034716,0.417210,0.017561,0.076088,0.028716,0.273313,0.035139,0.913194,0.060733,0.812500,0.073190,0.560000
physics_aware_tamp,5,48,0.667029,0.027084,0.177516,0.016081,0.143842,0.011551,0.309028,0.054145,0.861111,0.093966,0.225694,0.042939,0.052083,0.041444,0.414258,0.017154,0.069337,0.029320,0.286515,0.037111,0.913194,0.056705,0.826389,0.070781,0.560000
physics_aware_tamp,6,48,0.665003,0.026925,0.173308,0.015215,0.143303,0.011857,0.378472,0.054796,0.868056,0.094280,0.347222,0.058223,0.052083,0.044737,0.415251,0.017413,0.066980,0.028508,0.286901,0.036518,0.920139,0.059155,0.833333,0.072133,0.560000
physics_aware_tamp,7,48,0.655629,0.030876,0.181640,0.019694,0.148364,0.013812,0.357639,0.053264,0.864583,0.094128,0.291667,0.062658,0.031250,0.028616,0.409443,0.020568,0.080230,0.035539,0.271490,0.043281,0.895833,0.072541,0.788194,0.086853,0.560000
physics_aware_tamp,8,48,0.662551,0.026948,0.177349,0.016975,0.145904,0.012064,0.357639,0.058350,0.868056,0.094280,0.225694,0.062650,0.038194,0.031124,0.413160,0.019014,0.070413,0.031401,0.281111,0.037146,0.906250,0.066614,0.815972,0.074227,0.560000
physics_aware_tamp,9,48,0.658161,0.029534,0.180103,0.018521,0.147009,0.013802,0.361111,0.056155,0.868056,0.094280,0.340278,0.056679,0.038194,0.034028,0.411442,0.019654,0.075943,0.033790,0.275049,0.041510,0.906250,0.068019,0.798611,0.079589,0.560000
semantic_model_predictive_planner,0,48,0.538771,0.027362,0.246031,0.023012,0.196392,0.015964,0.392361,0.057121,0.753472,0.104299,0.180556,0.062152,0.031250,0.028616,0.355533,0.021632,0.177223,0.046080,0.105347,0.043089,0.784722,0.088589,0.579861,0.095788,0.560000
semantic_model_predictive_planner,1,48,0.544168,0.024606,0.233562,0.020141,0.187723,0.014980,0.406250,0.063710,0.774306,0.099898,0.350694,0.063957,0.041667,0.037037,0.367367,0.019639,0.162242,0.041045,0.119247,0.038530,0.815972,0.077956,0.607639,0.084507,0.560000
semantic_model_predictive_planner,2,48,0.546401,0.026812,0.233004,0.021435,0.190235,0.015967,0.375000,0.054589,0.774306,0.104072,0.288194,0.060538,0.038194,0.029565,0.365784,0.020426,0.159974,0.044292,0.120661,0.041884,0.812500,0.082888,0.590278,0.089651,0.560000
semantic_model_predictive_planner,3,48,0.548275,0.026977,0.234539,0.022367,0.192234,0.016097,0.461806,0.054363,0.781250,0.103920,0.347222,0.077098,0.027778,0.024477,0.362097,0.021271,0.160123,0.045153,0.121753,0.042602,0.809028,0.088606,0.593750,0.098186,0.560000
semantic_model_predictive_planner,4,48,0.552451,0.026112,0.233810,0.020343,0.191105,0.015926,0.368056,0.050501,0.774306,0.103616,0.309028,0.043486,0.034722,0.029111,0.364820,0.020537,0.156128,0.043135,0.126021,0.040794,0.809028,0.084787,0.583333,0.092784,0.560000
semantic_model_predictive_planner,5,48,0.554894,0.025999,0.228721,0.020967,0.185180,0.015401,0.430556,0.056575,0.777778,0.103087,0.295139,0.046888,0.052083,0.044737,0.370204,0.019461,0.149811,0.042813,0.133420,0.040853,0.829861,0.077500,0.642361,0.091753,0.560000
semantic_model_predictive_planner,6,48,0.545786,0.028170,0.237524,0.023066,0.193192,0.017223,0.437500,0.061226,0.774306,0.105874,0.298611,0.068056,0.024306,0.023804,0.359461,0.022495,0.165087,0.047362,0.117951,0.044561,0.798611,0.093271,0.607639,0.095541,0.560000
semantic_model_predictive_planner,7,48,0.547116,0.025195,0.235408,0.020915,0.190552,0.014725,0.420139,0.065239,0.777778,0.101701,0.298611,0.045577,0.034722,0.030693,0.362588,0.019815,0.161204,0.041951,0.121096,0.039492,0.812500,0.082888,0.593750,0.086398,0.560000
semantic_model_predictive_planner,8,48,0.532278,0.030418,0.248085,0.025021,0.201199,0.018531,0.406250,0.045523,0.750000,0.107431,0.190972,0.063772,0.024306,0.025714,0.354206,0.023865,0.184257,0.051361,0.094759,0.048250,0.774306,0.096035,0.548611,0.096756,0.560000
semantic_model_predictive_planner,9,48,0.557770,0.025849,0.228470,0.020609,0.184932,0.014640,0.423611,0.058324,0.809028,0.099661,0.319444,0.063656,0.024306,0.021726,0.367335,0.020746,0.143639,0.041729,0.137826,0.039420,0.833333,0.084792,0.607639,0.096526,0.560000
proposed_abstraction_failure_audit_v4,0,48,0.533319,0.007348,0.220463,0.005930,0.179579,0.006923,0.527778,0.065488,0.868056,0.094280,0.489583,0.077449,0.059028,0.046125,0.336178,0.006735,0.142994,0.005720,0.134958,0.009181,1.000000,0.000000,0.395833,0.103221,0.560000
proposed_abstraction_failure_audit_v4,1,48,0.524162,0.008204,0.215857,0.005207,0.175228,0.006011,0.548611,0.055838,0.868056,0.094280,0.361111,0.045965,0.048611,0.041218,0.341781,0.007069,0.147365,0.006309,0.129253,0.009031,1.000000,0.000000,0.434028,0.092139,0.560000
proposed_abstraction_failure_audit_v4,2,48,0.529527,0.007493,0.212851,0.006251,0.176637,0.007259,0.548611,0.053236,0.875000,0.094551,0.451389,0.063003,0.065972,0.054796,0.345405,0.007887,0.141938,0.005749,0.133825,0.009474,1.000000,0.000000,0.402778,0.095216,0.560000
proposed_abstraction_failure_audit_v4,3,48,0.529199,0.008094,0.215792,0.005781,0.179455,0.007831,0.559028,0.052818,0.875000,0.094551,0.451389,0.063003,0.041667,0.034388,0.339213,0.007384,0.144811,0.006219,0.132363,0.009059,1.000000,0.000000,0.395833,0.106380,0.560000
proposed_abstraction_failure_audit_v4,4,48,0.532653,0.008563,0.221148,0.005568,0.181952,0.007466,0.548611,0.058324,0.864583,0.094128,0.312500,0.069884,0.045139,0.038588,0.334371,0.007287,0.143951,0.006435,0.132946,0.009229,1.000000,0.000000,0.354167,0.104587,0.560000
proposed_abstraction_failure_audit_v4,5,48,0.534527,0.008691,0.215688,0.006067,0.176709,0.007648,0.572917,0.063710,0.875000,0.094551,0.434028,0.070635,0.059028,0.046125,0.341376,0.008842,0.139202,0.007223,0.138819,0.010340,1.000000,0.000000,0.420139,0.104751,0.560000
proposed_abstraction_failure_audit_v4,6,48,0.536855,0.008060,0.218418,0.006357,0.179908,0.007466,0.569444,0.067969,0.875000,0.094551,0.434028,0.063587,0.059028,0.046125,0.337292,0.007909,0.139402,0.006907,0.138976,0.010518,1.000000,0.000000,0.385417,0.106172,0.560000
proposed_abstraction_failure_audit_v4,7,48,0.532766,0.008653,0.216350,0.005808,0.178079,0.007289,0.541667,0.053716,0.875000,0.094551,0.357639,0.069453,0.048611,0.038855,0.340003,0.008162,0.141375,0.006538,0.136265,0.009875,1.000000,0.000000,0.406250,0.104261,0.560000
proposed_abstraction_failure_audit_v4,8,48,0.532608,0.010540,0.216695,0.006222,0.179053,0.007842,0.520833,0.063501,0.868056,0.094280,0.347222,0.077709,0.038194,0.039196,0.341073,0.009490,0.139812,0.009624,0.134756,0.010840,1.000000,0.000000,0.423611,0.106528,0.560000
proposed_abstraction_failure_audit_v4,9,48,0.529070,0.009122,0.218888,0.005368,0.179321,0.006899,0.506944,0.055838,0.875000,0.094551,0.517361,0.063214,0.045139,0.040966,0.337753,0.007547,0.145403,0.007217,0.131148,0.008962,1.000000,0.000000,0.395833,0.100434,0.560000
risk_bounded_abstraction_failure_audit_v5,0,48,0.242067,0.016626,0.497757,0.014585,0.383973,0.012904,0.593750,0.059088,0.083333,0.032259,0.215278,0.049555,0.000000,0.000000,0.214978,0.007918,0.691336,0.029078,-0.413384,0.031943,0.083333,0.032259,0.059028,0.028340,0.560000
risk_bounded_abstraction_failure_audit_v5,1,48,0.262008,0.016830,0.472822,0.015589,0.365438,0.013550,0.541667,0.061129,0.163194,0.039496,0.281250,0.047804,0.003472,0.006806,0.230276,0.009088,0.648677,0.029576,-0.372060,0.032606,0.166667,0.038905,0.107639,0.035723,0.560000
risk_bounded_abstraction_failure_audit_v5,2,48,0.252754,0.017294,0.482055,0.013684,0.377803,0.013387,0.614583,0.059288,0.135417,0.030224,0.232639,0.037342,0.000000,0.000000,0.223302,0.006735,0.668406,0.028134,-0.392643,0.033013,0.135417,0.030224,0.083333,0.029179,0.560000
risk_bounded_abstraction_failure_audit_v5,3,48,0.261154,0.018786,0.473905,0.016031,0.372284,0.014717,0.614583,0.060080,0.145833,0.039658,0.256944,0.037618,0.000000,0.000000,0.227375,0.009833,0.654427,0.032196,-0.377253,0.035737,0.145833,0.039658,0.090278,0.037618,0.560000
risk_bounded_abstraction_failure_audit_v5,4,48,0.247181,0.016733,0.487546,0.013504,0.379969,0.012771,0.576389,0.056679,0.114583,0.027778,0.270833,0.050187,0.000000,0.000000,0.220480,0.006046,0.678672,0.027428,-0.401775,0.032210,0.114583,0.027778,0.072917,0.023638,0.560000
risk_bounded_abstraction_failure_audit_v5,5,48,0.252791,0.017420,0.487047,0.014666,0.376223,0.014361,0.545139,0.049346,0.118056,0.035013,0.295139,0.066139,0.000000,0.000000,0.220083,0.008032,0.671032,0.029744,-0.393011,0.033538,0.118056,0.035013,0.065972,0.030354,0.560000
risk_bounded_abstraction_failure_audit_v5,6,48,0.263845,0.017178,0.475823,0.015545,0.370221,0.013226,0.562500,0.056400,0.145833,0.043088,0.260417,0.054940,0.000000,0.000000,0.225672,0.009539,0.651852,0.029759,-0.373474,0.032793,0.145833,0.043088,0.079861,0.033678,0.560000
risk_bounded_abstraction_failure_audit_v5,7,48,0.244723,0.021806,0.491133,0.019134,0.382576,0.016631,0.572917,0.059883,0.100694,0.044295,0.215278,0.054985,0.000000,0.000000,0.217988,0.010478,0.684784,0.037545,-0.407144,0.041242,0.100694,0.044295,0.062500,0.037196,0.560000
risk_bounded_abstraction_failure_audit_v5,8,48,0.253303,0.018975,0.480175,0.016589,0.375314,0.014068,0.604167,0.056400,0.135417,0.038485,0.246528,0.049585,0.000000,0.000000,0.225803,0.009384,0.664829,0.031947,-0.390261,0.035795,0.135417,0.038485,0.090278,0.035013,0.560000
risk_bounded_abstraction_failure_audit_v5,9,48,0.229101,0.018693,0.506947,0.015523,0.393342,0.014763,0.513889,0.050383,0.062500,0.026858,0.135417,0.035943,0.000000,0.000000,0.209532,0.006405,0.712689,0.031754,-0.436138,0.036125,0.062500,0.026858,0.045139,0.023302,0.560000
oracle_mechanics_preserving_planner,0,48,0.502517,0.017347,0.217231,0.007809,0.176418,0.008669,1.000000,0.000000,0.875000,0.094551,0.003472,0.006806,0.000000,0.000000,0.255025,0.012607,0.135561,0.017475,0.142391,0.020251,1.000000,0.000000,0.458333,0.124368,0.560000
oracle_mechanics_preserving_planner,1,48,0.501519,0.017444,0.218478,0.007768,0.176734,0.008598,1.000000,0.000000,0.875000,0.094551,0.000000,0.000000,0.000000,0.000000,0.255025,0.012607,0.136176,0.017572,0.140442,0.020257,1.000000,0.000000,0.451389,0.125300,0.560000
oracle_mechanics_preserving_planner,2,48,0.501585,0.017132,0.217208,0.007666,0.178821,0.008770,1.000000,0.000000,0.875000,0.094551,0.000000,0.000000,0.000000,0.000000,0.255025,0.012607,0.136021,0.017495,0.139742,0.019995,1.000000,0.000000,0.423611,0.123398,0.560000
oracle_mechanics_preserving_planner,3,48,0.502669,0.017159,0.215779,0.007754,0.178882,0.009372,1.000000,0.000000,0.875000,0.094551,0.000000,0.000000,0.000000,0.000000,0.255025,0.012607,0.135563,0.017368,0.141611,0.020442,1.000000,0.000000,0.427083,0.125657,0.560000
oracle_mechanics_preserving_planner,4,48,0.502265,0.017154,0.216682,0.007677,0.178103,0.008864,1.000000,0.000000,0.875000,0.094551,0.000000,0.000000,0.000000,0.000000,0.255025,0.012607,0.135652,0.017443,0.141244,0.020114,1.000000,0.000000,0.409722,0.123014,0.560000
oracle_mechanics_preserving_planner,5,48,0.502545,0.017463,0.217169,0.007720,0.176668,0.009015,1.000000,0.000000,0.875000,0.094551,0.000000,0.000000,0.000000,0.000000,0.255025,0.012607,0.135745,0.017524,0.142275,0.020414,1.000000,0.000000,0.440972,0.126999,0.560000
oracle_mechanics_preserving_planner,6,48,0.503067,0.017458,0.216149,0.007878,0.177279,0.009057,1.000000,0.000000,0.875000,0.094551,0.000000,0.000000,0.000000,0.000000,0.255025,0.012607,0.135429,0.017489,0.142949,0.020847,1.000000,0.000000,0.434028,0.126345,0.560000
oracle_mechanics_preserving_planner,7,48,0.502467,0.017589,0.216775,0.008010,0.177744,0.009129,1.000000,0.000000,0.875000,0.094551,0.000000,0.000000,0.000000,0.000000,0.255025,0.012607,0.135988,0.017435,0.141652,0.020901,1.000000,0.000000,0.423611,0.123014,0.560000
oracle_mechanics_preserving_planner,8,48,0.501023,0.016789,0.217714,0.007720,0.179348,0.008955,1.000000,0.000000,0.875000,0.094551,0.000000,0.000000,0.000000,0.000000,0.255025,0.012607,0.136060,0.017444,0.138508,0.019695,1.000000,0.000000,0.423611,0.125677,0.560000
oracle_mechanics_preserving_planner,9,48,0.501789,0.017335,0.217583,0.007646,0.177766,0.008772,1.000000,0.000000,0.875000,0.094551,0.000000,0.000000,0.000000,0.000000,0.255025,0.012607,0.136063,0.017457,0.140488,0.020177,1.000000,0.000000,0.437500,0.127049,0.560000
active_relational_abstraction,0,48,0.501557,0.016418,0.238353,0.017299,0.192073,0.012995,0.437500,0.049236,0.784722,0.105188,0.291667,0.047150,0.118056,0.089651,0.304980,0.012203,0.177864,0.033153,0.096929,0.030189,0.902778,0.062909,0.458333,0.076894,0.670000
active_relational_abstraction,1,48,0.515059,0.010344,0.227690,0.011494,0.183936,0.008701,0.381944,0.045577,0.815972,0.096893,0.416667,0.061515,0.118056,0.089651,0.314856,0.008851,0.154070,0.021613,0.118325,0.019138,0.934028,0.040966,0.506944,0.072758,0.670000
active_relational_abstraction,2,48,0.526540,0.011963,0.217886,0.012110,0.178365,0.009623,0.423611,0.048591,0.822917,0.098427,0.493056,0.057508,0.125000,0.094551,0.326901,0.009239,0.136634,0.023356,0.134445,0.021673,0.947917,0.042570,0.541667,0.087267,0.670000
active_relational_abstraction,3,48,0.505609,0.013720,0.235164,0.013838,0.190390,0.011311,0.402778,0.048469,0.798611,0.097243,0.333333,0.081377,0.125000,0.094551,0.306781,0.009200,0.169450,0.026030,0.103285,0.025192,0.923611,0.045577,0.458333,0.083951,0.670000
active_relational_abstraction,4,48,0.505005,0.013057,0.237037,0.013499,0.193127,0.011358,0.350694,0.062461,0.791667,0.097990,0.395833,0.061226,0.121528,0.092139,0.307615,0.009268,0.171669,0.026220,0.099274,0.024642,0.913194,0.048622,0.454861,0.086307,0.670000
active_relational_abstraction,5,48,0.535225,0.007991,0.215561,0.008402,0.172744,0.007043,0.357639,0.057533,0.843750,0.094504,0.597222,0.045448,0.125000,0.094551,0.326723,0.006740,0.124006,0.015530,0.148600,0.014495,0.968750,0.025094,0.600694,0.083522,0.670000
active_relational_abstraction,6,48,0.506251,0.011889,0.236386,0.012942,0.191491,0.010792,0.378472,0.058147,0.795139,0.096893,0.434028,0.056496,0.125000,0.094551,0.308706,0.008792,0.168546,0.024053,0.101618,0.022667,0.920139,0.045610,0.461806,0.087667,0.670000
active_relational_abstraction,7,48,0.495447,0.017170,0.242907,0.017564,0.197506,0.013511,0.357639,0.055012,0.781250,0.105277,0.236111,0.053125,0.121528,0.092139,0.300457,0.011764,0.185367,0.033790,0.086164,0.031214,0.902778,0.063656,0.392361,0.093033,0.670000
active_relational_abstraction,8,48,0.496665,0.016684,0.245458,0.016993,0.196553,0.013431,0.388889,0.064027,0.781250,0.104827,0.288194,0.057327,0.114583,0.087622,0.301616,0.011902,0.184504,0.033407,0.086103,0.030857,0.895833,0.063501,0.402778,0.075235,0.670000
active_relational_abstraction,9,48,0.494001,0.017189,0.245069,0.017609,0.198284,0.013496,0.402778,0.059030,0.774306,0.104977,0.232639,0.056496,0.114583,0.087622,0.300017,0.012005,0.189662,0.033837,0.083089,0.031634,0.888889,0.064761,0.381944,0.078992,0.670000
llm_tamp_failure_reasoning,0,48,0.562754,0.018903,0.205694,0.015639,0.168624,0.012310,0.350694,0.051687,0.809028,0.096771,0.545139,0.053042,0.065972,0.053042,0.368075,0.015735,0.119879,0.029450,0.167451,0.029494,0.875000,0.058762,0.684028,0.078561,0.670000
llm_tamp_failure_reasoning,1,48,0.558337,0.025285,0.222090,0.019617,0.180815,0.015208,0.329861,0.055440,0.798611,0.102454,0.322917,0.069055,0.041667,0.034388,0.354328,0.020207,0.134519,0.040290,0.150521,0.038902,0.840278,0.078992,0.656250,0.091452,0.670000
llm_tamp_failure_reasoning,2,48,0.544019,0.025483,0.228091,0.020117,0.186456,0.015546,0.364583,0.062776,0.763889,0.101001,0.333333,0.054154,0.059028,0.049106,0.352770,0.018977,0.154089,0.040037,0.129315,0.039971,0.822917,0.072399,0.614583,0.088695,0.670000
llm_tamp_failure_reasoning,3,48,0.548936,0.025208,0.222323,0.019406,0.181098,0.014979,0.347222,0.060611,0.784722,0.100119,0.315972,0.041539,0.048611,0.041218,0.355218,0.019316,0.144016,0.038716,0.140406,0.038968,0.833333,0.074074,0.628472,0.090324,0.670000
llm_tamp_failure_reasoning,4,48,0.562305,0.024803,0.218979,0.019869,0.179130,0.014240,0.322917,0.062587,0.791667,0.102242,0.333333,0.059957,0.059028,0.048133,0.358273,0.019460,0.128482,0.038761,0.155849,0.038166,0.850694,0.071632,0.625000,0.090982,0.670000
llm_tamp_failure_reasoning,5,48,0.565961,0.018808,0.210440,0.015179,0.170004,0.011099,0.392361,0.056287,0.809028,0.097259,0.534722,0.070781,0.069444,0.054877,0.365247,0.014888,0.117469,0.028727,0.168099,0.028910,0.878472,0.057327,0.649306,0.080933,0.670000
llm_tamp_failure_reasoning,6,48,0.552852,0.024012,0.222498,0.018701,0.181855,0.014029,0.322917,0.057052,0.784722,0.099646,0.333333,0.047649,0.055556,0.044924,0.356220,0.017970,0.139340,0.037045,0.143255,0.036905,0.840278,0.069432,0.607639,0.087261,0.670000
llm_tamp_failure_reasoning,7,48,0.556423,0.024246,0.218537,0.019758,0.180440,0.014867,0.350694,0.058552,0.791667,0.102242,0.336806,0.059553,0.048611,0.040054,0.358940,0.019502,0.135706,0.039272,0.149000,0.037884,0.840278,0.075939,0.625000,0.078717,0.670000
llm_tamp_failure_reasoning,8,48,0.555206,0.022435,0.220971,0.017291,0.178007,0.013017,0.375000,0.053716,0.788194,0.099542,0.357639,0.058350,0.062500,0.049236,0.357522,0.017156,0.134213,0.034607,0.148719,0.034294,0.850694,0.065420,0.631944,0.082507,0.670000
llm_tamp_failure_reasoning,9,48,0.555648,0.022064,0.206240,0.018083,0.170270,0.013863,0.340278,0.063003,0.812500,0.100434,0.489583,0.096485,0.059028,0.047140,0.366807,0.017479,0.124958,0.034348,0.159375,0.034267,0.871528,0.066850,0.666667,0.081956,0.670000
runtime_monitor_replanner,0,48,0.359357,0.018749,0.288304,0.021315,0.220191,0.019090,0.187500,0.044172,0.173611,0.070110,0.489583,0.055369,0.000000,0.000000,0.244104,0.015222,0.343713,0.035114,-0.068920,0.038964,0.770833,0.055555,0.385417,0.092352,0.670000
runtime_monitor_replanner,1,48,0.381916,0.019256,0.269012,0.022164,0.207705,0.017706,0.215278,0.050501,0.281250,0.076063,0.517361,0.054363,0.013889,0.016372,0.266899,0.016126,0.308152,0.035473,-0.035756,0.038883,0.788194,0.053042,0.475694,0.083663,0.670000
runtime_monitor_replanner,2,48,0.350752,0.020959,0.305224,0.025039,0.233356,0.019456,0.225694,0.047140,0.187500,0.075731,0.375000,0.063408,0.003472,0.006806,0.239823,0.017532,0.366098,0.039535,-0.095019,0.042489,0.708333,0.060350,0.354167,0.096593,0.670000
runtime_monitor_replanner,3,48,0.350086,0.017778,0.310064,0.021586,0.238510,0.018444,0.229167,0.056400,0.201389,0.068747,0.385417,0.059288,0.006944,0.009522,0.239569,0.014949,0.374833,0.034331,-0.102098,0.037948,0.680556,0.054877,0.368056,0.085325,0.670000
runtime_monitor_replanner,4,48,0.367161,0.021240,0.278189,0.024256,0.214403,0.019707,0.250000,0.054154,0.211806,0.075176,0.527778,0.082722,0.003472,0.006806,0.254049,0.016535,0.326202,0.039431,-0.055259,0.043186,0.795139,0.058552,0.395833,0.089475,0.670000
runtime_monitor_replanner,5,48,0.384428,0.015070,0.274655,0.015723,0.210858,0.014505,0.222222,0.053569,0.322917,0.073049,0.517361,0.042663,0.017361,0.020027,0.270188,0.012877,0.312775,0.025331,-0.040168,0.029113,0.750000,0.044572,0.493056,0.072758,0.670000
runtime_monitor_replanner,6,48,0.375721,0.018258,0.273320,0.020208,0.211342,0.017557,0.246528,0.055012,0.260417,0.072724,0.493056,0.059924,0.010417,0.015088,0.262743,0.015003,0.315487,0.033007,-0.045323,0.036897,0.788194,0.048378,0.444444,0.085533,0.670000
runtime_monitor_replanner,7,48,0.390307,0.017136,0.261177,0.021281,0.203995,0.016423,0.239583,0.048541,0.319444,0.076482,0.527778,0.068316,0.010417,0.011534,0.273240,0.016469,0.294344,0.033764,-0.022813,0.034708,0.791667,0.055449,0.489583,0.075595,0.670000
runtime_monitor_replanner,8,48,0.359100,0.019267,0.300094,0.023740,0.229831,0.018968,0.190972,0.046635,0.236111,0.080107,0.395833,0.062752,0.006944,0.009522,0.248326,0.017210,0.355337,0.037197,-0.084730,0.039744,0.704861,0.063214,0.409722,0.091737,0.670000
runtime_monitor_replanner,9,48,0.359646,0.017623,0.283710,0.018928,0.217014,0.016497,0.218750,0.045782,0.159722,0.071446,0.496528,0.070467,0.000000,0.000000,0.244549,0.014742,0.336618,0.030450,-0.063866,0.034986,0.795139,0.043757,0.364583,0.098547,0.670000
grounded_geometric_tamp,0,48,0.582429,0.027329,0.220242,0.017653,0.180320,0.014176,0.295139,0.053486,0.777778,0.098871,0.333333,0.055874,0.055556,0.043859,0.363918,0.017633,0.143343,0.035272,0.172013,0.038829,0.833333,0.068085,0.670139,0.082238,0.670000
grounded_geometric_tamp,1,48,0.595424,0.026066,0.215235,0.016419,0.174594,0.011726,0.288194,0.054796,0.798611,0.099646,0.427083,0.064449,0.062500,0.049236,0.366577,0.016754,0.122963,0.033261,0.190917,0.035983,0.861111,0.064761,0.701389,0.074047,0.670000
grounded_geometric_tamp,2,48,0.596109,0.026831,0.209049,0.017325,0.171893,0.012321,0.305556,0.054444,0.815972,0.098347,0.434028,0.058147,0.048611,0.040054,0.372428,0.018135,0.119422,0.033663,0.194678,0.036843,0.864583,0.069226,0.687500,0.086244,0.670000
grounded_geometric_tamp,3,48,0.605580,0.028762,0.215537,0.017074,0.176467,0.013055,0.267361,0.053926,0.805556,0.097426,0.475694,0.066673,0.052083,0.043667,0.366951,0.017680,0.118821,0.034632,0.199393,0.039960,0.857639,0.067379,0.659722,0.088054,0.670000
grounded_geometric_tamp,4,48,0.583815,0.028710,0.222788,0.019319,0.181280,0.013370,0.260417,0.054940,0.788194,0.096158,0.295139,0.054363,0.038194,0.037970,0.362836,0.019857,0.141664,0.036385,0.171686,0.040085,0.826389,0.075939,0.663194,0.082238,0.670000
grounded_geometric_tamp,5,48,0.591147,0.028889,0.215745,0.020167,0.172618,0.013365,0.315972,0.055226,0.802083,0.099502,0.402778,0.075235,0.055556,0.047979,0.368582,0.018499,0.127780,0.037115,0.186926,0.041165,0.857639,0.070131,0.687500,0.087874,0.670000
grounded_geometric_tamp,6,48,0.567455,0.031955,0.228803,0.023609,0.185216,0.016700,0.298611,0.056679,0.774306,0.101774,0.295139,0.063957,0.031250,0.028616,0.358592,0.022514,0.157790,0.043270,0.150785,0.047070,0.805556,0.084978,0.649306,0.092395,0.670000
grounded_geometric_tamp,7,48,0.586360,0.030407,0.225502,0.020404,0.184822,0.014519,0.281250,0.060863,0.784722,0.096266,0.361111,0.076791,0.034722,0.035013,0.360417,0.020013,0.143738,0.039231,0.171122,0.043479,0.819444,0.077709,0.635417,0.091063,0.670000
grounded_geometric_tamp,8,48,0.582908,0.028060,0.227129,0.018069,0.184103,0.014032,0.260417,0.056636,0.781250,0.098307,0.281250,0.044737,0.041667,0.034388,0.359147,0.018870,0.144006,0.036297,0.167778,0.039920,0.822917,0.074333,0.614583,0.088695,0.670000
grounded_geometric_tamp,9,48,0.576718,0.029883,0.227911,0.020482,0.186530,0.015081,0.333333,0.061515,0.770833,0.101371,0.378472,0.060538,0.038194,0.034028,0.356574,0.020575,0.151925,0.040801,0.160467,0.043079,0.809028,0.081370,0.614583,0.085987,0.670000
physics_aware_tamp,0,48,0.651358,0.026432,0.174371,0.016215,0.142695,0.012037,0.333333,0.049595,0.861111,0.094468,0.298611,0.052340,0.052083,0.041444,0.416675,0.016950,0.076609,0.029826,0.272479,0.036817,0.913194,0.057533,0.833333,0.070809,0.670000
physics_aware_tamp,1,48,0.653738,0.030490,0.184743,0.019826,0.149737,0.014262,0.333333,0.049595,0.861111,0.093966,0.194444,0.056991,0.027778,0.026339,0.407576,0.020847,0.080500,0.036042,0.267595,0.043254,0.888889,0.074920,0.815972,0.088204,0.670000
physics_aware_tamp,2,48,0.659345,0.027316,0.175469,0.017005,0.143640,0.012050,0.326389,0.054118,0.864583,0.094128,0.312500,0.058863,0.045139,0.038588,0.416319,0.017973,0.070131,0.030775,0.279298,0.037895,0.909722,0.063003,0.833333,0.073432,0.670000
physics_aware_tamp,3,48,0.653106,0.028612,0.178147,0.018544,0.144876,0.012481,0.340278,0.045577,0.868056,0.094280,0.284722,0.054985,0.034722,0.029111,0.413435,0.019579,0.076176,0.032694,0.271827,0.039523,0.902778,0.069347,0.815972,0.080347,0.670000
physics_aware_tamp,4,48,0.658897,0.027069,0.176146,0.016743,0.144290,0.011368,0.350694,0.055226,0.875000,0.094551,0.361111,0.054444,0.041667,0.034388,0.413326,0.018730,0.066694,0.030091,0.279246,0.036805,0.916667,0.064517,0.822917,0.074333,0.670000
physics_aware_tamp,5,48,0.654848,0.026601,0.175186,0.016986,0.140562,0.011485,0.378472,0.053926,0.868056,0.094280,0.340278,0.055838,0.048611,0.042350,0.416824,0.017822,0.071174,0.030040,0.276969,0.036727,0.916667,0.061515,0.836806,0.071797,0.670000
physics_aware_tamp,6,48,0.654791,0.028939,0.180247,0.018273,0.146989,0.012409,0.375000,0.049116,0.861111,0.093966,0.388889,0.061771,0.041667,0.035737,0.412860,0.018714,0.075971,0.032923,0.271015,0.040294,0.902778,0.065125,0.819444,0.075235,0.670000
physics_aware_tamp,7,48,0.668319,0.027841,0.172156,0.017049,0.142045,0.012226,0.368056,0.057508,0.875000,0.094551,0.378472,0.049346,0.048611,0.043452,0.417520,0.017839,0.060486,0.030957,0.290838,0.038702,0.923611,0.062247,0.826389,0.076560,0.670000
physics_aware_tamp,8,48,0.648215,0.026935,0.180175,0.016833,0.145623,0.011857,0.364583,0.058888,0.861111,0.093966,0.288194,0.058955,0.041667,0.032984,0.412831,0.017974,0.079207,0.030067,0.265476,0.037119,0.902778,0.063656,0.809028,0.072779,0.670000
physics_aware_tamp,9,48,0.650939,0.027588,0.182069,0.017380,0.148254,0.012395,0.315972,0.061699,0.861111,0.093966,0.312500,0.058053,0.041667,0.037037,0.409159,0.018615,0.078950,0.031864,0.266750,0.038238,0.902778,0.065848,0.798611,0.075939,0.670000
semantic_model_predictive_planner,0,48,0.543520,0.025013,0.233770,0.020833,0.188077,0.014978,0.364583,0.049266,0.777778,0.100296,0.274306,0.050060,0.034722,0.032198,0.363906,0.020528,0.159817,0.041144,0.119678,0.039058,0.812500,0.081739,0.611111,0.088789,0.670000
semantic_model_predictive_planner,1,48,0.542058,0.027311,0.235148,0.021900,0.190499,0.016323,0.378472,0.055653,0.770833,0.102300,0.253472,0.044561,0.034722,0.029111,0.364526,0.021722,0.161983,0.044714,0.115411,0.042580,0.805556,0.083292,0.635417,0.097582,0.670000
semantic_model_predictive_planner,2,48,0.548133,0.023252,0.233044,0.018844,0.188783,0.013245,0.392361,0.057943,0.777778,0.099349,0.305556,0.049912,0.045139,0.037342,0.366674,0.018469,0.153163,0.038332,0.123041,0.035871,0.822917,0.074333,0.593750,0.082477,0.670000
semantic_model_predictive_planner,3,48,0.544139,0.022621,0.232868,0.018391,0.188385,0.013662,0.437500,0.055555,0.774306,0.097015,0.246528,0.053264,0.034722,0.027439,0.366824,0.018620,0.158488,0.037192,0.119373,0.034986,0.809028,0.075959,0.618056,0.082507,0.670000
semantic_model_predictive_planner,4,48,0.537263,0.024181,0.237112,0.021409,0.191414,0.014383,0.378472,0.063587,0.781250,0.102083,0.250000,0.055021,0.024306,0.019427,0.360718,0.021320,0.164846,0.041686,0.110418,0.037907,0.805556,0.087717,0.579861,0.086990,0.670000
semantic_model_predictive_planner,5,48,0.547232,0.021898,0.223436,0.018088,0.177743,0.012459,0.357639,0.054145,0.791667,0.099903,0.447917,0.074173,0.055556,0.043859,0.375470,0.016641,0.145511,0.035767,0.131967,0.034036,0.847222,0.068661,0.652778,0.079515,0.670000
semantic_model_predictive_planner,6,48,0.542818,0.022252,0.223472,0.019407,0.181209,0.013745,0.361111,0.056991,0.788194,0.100957,0.395833,0.059661,0.048611,0.038855,0.375759,0.018443,0.150162,0.037795,0.124915,0.035029,0.836806,0.073747,0.628472,0.085481,0.670000
semantic_model_predictive_planner,7,48,0.536094,0.023914,0.233883,0.019372,0.190150,0.013575,0.385417,0.061635,0.770833,0.098532,0.298611,0.038855,0.038194,0.032608,0.365400,0.018892,0.166168,0.039210,0.110066,0.036947,0.809028,0.077194,0.614583,0.080885,0.670000
semantic_model_predictive_planner,8,48,0.539390,0.022204,0.234227,0.017959,0.188027,0.013414,0.385417,0.064632,0.763889,0.101468,0.243056,0.053236,0.059028,0.046125,0.366972,0.016766,0.161320,0.037305,0.114031,0.035068,0.822917,0.071080,0.611111,0.074920,0.670000
semantic_model_predictive_planner,9,48,0.537281,0.025172,0.237393,0.021828,0.192787,0.015727,0.395833,0.052939,0.767361,0.102814,0.256944,0.047608,0.031250,0.028616,0.361338,0.021491,0.168345,0.043710,0.109024,0.039937,0.798611,0.086427,0.579861,0.081950,0.670000
proposed_abstraction_failure_audit_v4,0,48,0.522925,0.008268,0.212062,0.005789,0.173872,0.007233,0.559028,0.048133,0.871528,0.094421,0.368056,0.074683,0.048611,0.043452,0.344257,0.008402,0.144639,0.006465,0.130154,0.009317,1.000000,0.000000,0.444444,0.095958,0.670000
proposed_abstraction_failure_audit_v4,1,48,0.523176,0.007335,0.215777,0.006270,0.176490,0.006947,0.475694,0.056705,0.868056,0.094280,0.427083,0.053190,0.062500,0.050187,0.341792,0.007331,0.144996,0.006227,0.127400,0.010220,1.000000,0.000000,0.427083,0.095252,0.670000
proposed_abstraction_failure_audit_v4,2,48,0.523460,0.009233,0.212548,0.006555,0.174649,0.006623,0.517361,0.061699,0.868056,0.094280,0.392361,0.079310,0.055556,0.043859,0.347052,0.008512,0.142405,0.006994,0.128674,0.010832,1.000000,0.000000,0.465278,0.099170,0.670000
proposed_abstraction_failure_audit_v4,3,48,0.522973,0.007354,0.215774,0.005541,0.177197,0.007260,0.545139,0.067203,0.864583,0.094128,0.381944,0.058324,0.059028,0.052818,0.341053,0.007317,0.145735,0.005770,0.127000,0.008877,1.000000,0.000000,0.413194,0.092778,0.670000
proposed_abstraction_failure_audit_v4,4,48,0.520280,0.008122,0.212351,0.005603,0.174715,0.007036,0.506944,0.056679,0.871528,0.094421,0.475694,0.065960,0.045139,0.037342,0.346108,0.007670,0.144987,0.006000,0.125956,0.009099,1.000000,0.000000,0.437500,0.091047,0.670000
proposed_abstraction_failure_audit_v4,5,48,0.528974,0.007857,0.216010,0.005887,0.175380,0.007722,0.517361,0.050763,0.868056,0.094280,0.423611,0.063003,0.059028,0.045088,0.343231,0.008185,0.139349,0.007093,0.133257,0.009554,1.000000,0.000000,0.423611,0.107852,0.670000
proposed_abstraction_failure_audit_v4,6,48,0.525739,0.008181,0.218306,0.005855,0.179514,0.007731,0.510417,0.062587,0.875000,0.094551,0.447917,0.070243,0.055556,0.045965,0.340283,0.007213,0.143211,0.006653,0.126953,0.009411,1.000000,0.000000,0.406250,0.101967,0.670000
proposed_abstraction_failure_audit_v4,7,48,0.527951,0.007874,0.219777,0.005708,0.181671,0.007086,0.517361,0.057739,0.871528,0.094421,0.413194,0.054145,0.059028,0.049106,0.336572,0.007169,0.143214,0.006150,0.128317,0.009436,1.000000,0.000000,0.378472,0.104185,0.670000
proposed_abstraction_failure_audit_v4,8,48,0.525680,0.008437,0.217257,0.006616,0.176904,0.007678,0.510417,0.053633,0.868056,0.094280,0.357639,0.069453,0.062500,0.051121,0.342417,0.008803,0.142122,0.007262,0.128485,0.011257,1.000000,0.000000,0.406250,0.100095,0.670000
proposed_abstraction_failure_audit_v4,9,48,0.531440,0.009517,0.219102,0.006644,0.180486,0.008167,0.531250,0.058079,0.861111,0.093966,0.246528,0.044561,0.059028,0.050060,0.337674,0.008461,0.140163,0.008501,0.132588,0.012084,1.000000,0.000000,0.381944,0.107852,0.670000
risk_bounded_abstraction_failure_audit_v5,0,48,0.253346,0.021634,0.485826,0.020600,0.376915,0.016645,0.600694,0.053042,0.111111,0.051772,0.260417,0.061443,0.000000,0.000000,0.219624,0.011628,0.666847,0.038047,-0.392054,0.041229,0.111111,0.051772,0.069444,0.038702,0.670000
risk_bounded_abstraction_failure_audit_v5,1,48,0.281986,0.023805,0.459022,0.023394,0.355401,0.016529,0.565972,0.068596,0.194444,0.066206,0.406250,0.072724,0.000000,0.000000,0.237608,0.015716,0.612327,0.042485,-0.339931,0.043912,0.194444,0.066206,0.118056,0.057508,0.670000
risk_bounded_abstraction_failure_audit_v5,2,48,0.258074,0.020733,0.473897,0.019037,0.369515,0.016608,0.583333,0.056714,0.145833,0.049236,0.333333,0.054154,0.003472,0.006806,0.231273,0.011873,0.651050,0.037015,-0.379972,0.039705,0.149306,0.048864,0.107639,0.039496,0.670000
risk_bounded_abstraction_failure_audit_v5,3,48,0.266550,0.016625,0.471064,0.014321,0.365931,0.013165,0.590278,0.052340,0.156250,0.036917,0.395833,0.047276,0.000000,0.000000,0.231794,0.009458,0.640226,0.028266,-0.367491,0.031652,0.156250,0.036917,0.118056,0.036339,0.670000
risk_bounded_abstraction_failure_audit_v5,4,48,0.264338,0.021497,0.466652,0.018578,0.364424,0.015664,0.583333,0.056714,0.166667,0.044572,0.288194,0.044295,0.000000,0.000000,0.234572,0.011319,0.638169,0.036365,-0.367226,0.040150,0.170139,0.045088,0.131944,0.041218,0.670000
risk_bounded_abstraction_failure_audit_v5,5,48,0.241892,0.019013,0.492299,0.016603,0.377803,0.015323,0.548611,0.050501,0.107639,0.032969,0.211806,0.044295,0.000000,0.000000,0.220196,0.008113,0.680749,0.031577,-0.408142,0.036641,0.107639,0.032969,0.079861,0.029162,0.670000
risk_bounded_abstraction_failure_audit_v5,6,48,0.264037,0.020268,0.465335,0.016869,0.362122,0.016577,0.576389,0.059924,0.177083,0.045001,0.336806,0.057121,0.000000,0.000000,0.237560,0.011599,0.636524,0.035016,-0.366360,0.038298,0.177083,0.045001,0.131944,0.042350,0.670000
risk_bounded_abstraction_failure_audit_v5,7,48,0.236594,0.016173,0.495332,0.013926,0.386787,0.012687,0.545139,0.071962,0.090278,0.025657,0.229167,0.049236,0.000000,0.000000,0.216260,0.006183,0.691546,0.027491,-0.420014,0.031235,0.093750,0.025561,0.059028,0.022789,0.670000
risk_bounded_abstraction_failure_audit_v5,8,48,0.253619,0.017259,0.481100,0.015372,0.370372,0.012331,0.569444,0.061387,0.135417,0.034602,0.239583,0.052293,0.003472,0.006806,0.228156,0.008857,0.658519,0.028905,-0.387912,0.032493,0.138889,0.034158,0.107639,0.032969,0.670000
risk_bounded_abstraction_failure_audit_v5,9,48,0.245494,0.019441,0.491541,0.015935,0.383473,0.015911,0.541667,0.060350,0.100694,0.036053,0.253472,0.052369,0.000000,0.000000,0.217863,0.008647,0.679954,0.032949,-0.407203,0.037306,0.100694,0.036053,0.059028,0.031501,0.670000
oracle_mechanics_preserving_planner,0,48,0.498160,0.017382,0.216176,0.007553,0.176137,0.008662,1.000000,0.000000,0.875000,0.094551,0.000000,0.000000,0.000000,0.000000,0.255025,0.012607,0.135944,0.017493,0.138848,0.020196,1.000000,0.000000,0.461806,0.123505,0.670000
oracle_mechanics_preserving_planner,1,48,0.496862,0.016901,0.217461,0.007766,0.177119,0.008848,1.000000,0.000000,0.875000,0.094551,0.003472,0.006806,0.000000,0.000000,0.255025,0.012607,0.136298,0.017477,0.136098,0.019943,1.000000,0.000000,0.444444,0.125063,0.670000
oracle_mechanics_preserving_planner,2,48,0.495798,0.017804,0.218188,0.008321,0.178583,0.008937,1.000000,0.000000,0.875000,0.094551,0.000000,0.000000,0.000000,0.000000,0.255025,0.012607,0.137520,0.017696,0.133558,0.021265,1.000000,0.000000,0.447917,0.125751,0.670000
oracle_mechanics_preserving_planner,3,48,0.497089,0.017012,0.217021,0.007596,0.177537,0.009215,1.000000,0.000000,0.875000,0.094551,0.000000,0.000000,0.000000,0.000000,0.255025,0.012607,0.136455,0.017401,0.136280,0.019978,1.000000,0.000000,0.440972,0.120893,0.670000
oracle_mechanics_preserving_planner,4,48,0.496101,0.017082,0.217689,0.008021,0.178900,0.009316,1.000000,0.000000,0.875000,0.094551,0.000000,0.000000,0.000000,0.000000,0.255025,0.012607,0.137020,0.017492,0.133923,0.020492,1.000000,0.000000,0.430556,0.126380,0.670000
oracle_mechanics_preserving_planner,5,48,0.496474,0.017270,0.218634,0.007540,0.176143,0.008937,1.000000,0.000000,0.875000,0.094551,0.000000,0.000000,0.000000,0.000000,0.255025,0.012607,0.136873,0.017503,0.135734,0.019907,1.000000,0.000000,0.430556,0.127869,0.670000
oracle_mechanics_preserving_planner,6,48,0.495375,0.017398,0.218669,0.007666,0.178868,0.009428,1.000000,0.000000,0.875000,0.094551,0.010417,0.011534,0.000000,0.000000,0.255025,0.012607,0.137512,0.017614,0.132651,0.020669,1.000000,0.000000,0.444444,0.127684,0.670000
oracle_mechanics_preserving_planner,7,48,0.496340,0.017551,0.217301,0.007847,0.178897,0.009061,1.000000,0.000000,0.875000,0.094551,0.000000,0.000000,0.000000,0.000000,0.255025,0.012607,0.137143,0.017623,0.134389,0.020782,1.000000,0.000000,0.427083,0.129367,0.670000
oracle_mechanics_preserving_planner,8,48,0.495409,0.017368,0.219354,0.007926,0.177592,0.009099,1.000000,0.000000,0.875000,0.094551,0.000000,0.000000,0.000000,0.000000,0.255025,0.012607,0.137400,0.017634,0.133207,0.020765,1.000000,0.000000,0.423611,0.124542,0.670000
oracle_mechanics_preserving_planner,9,48,0.497169,0.017233,0.216641,0.007628,0.177919,0.009053,1.000000,0.000000,0.875000,0.094551,0.000000,0.000000,0.000000,0.000000,0.255025,0.012607,0.136447,0.017547,0.136305,0.020242,1.000000,0.000000,0.434028,0.124079,0.670000
active_relational_abstraction,0,48,0.499885,0.014642,0.236304,0.015010,0.193126,0.012774,0.371528,0.059354,0.791667,0.102704,0.295139,0.055226,0.121528,0.092139,0.307674,0.010960,0.171715,0.029794,0.094555,0.027629,0.913194,0.057533,0.440972,0.078108,0.780000
active_relational_abstraction,1,48,0.499151,0.015651,0.237627,0.016434,0.191055,0.011955,0.375000,0.060350,0.795139,0.103958,0.309028,0.059949,0.121528,0.092139,0.306544,0.011576,0.172171,0.031114,0.095018,0.028296,0.916667,0.059163,0.437500,0.088944,0.780000
active_relational_abstraction,2,48,0.509781,0.014334,0.227409,0.014441,0.184687,0.011333,0.395833,0.060448,0.809028,0.098707,0.357639,0.070802,0.125000,0.094551,0.315160,0.010355,0.155960,0.027496,0.112542,0.026023,0.934028,0.046381,0.520833,0.086791,0.780000
active_relational_abstraction,3,48,0.503887,0.014642,0.232805,0.015730,0.190901,0.011821,0.434028,0.058147,0.791667,0.100375,0.413194,0.047639,0.118056,0.089651,0.313672,0.010799,0.166332,0.029314,0.099669,0.027407,0.909722,0.053236,0.482639,0.070299,0.780000
active_relational_abstraction,4,48,0.502115,0.014957,0.235692,0.016542,0.192465,0.011522,0.364583,0.051150,0.795139,0.103958,0.371528,0.070299,0.118056,0.089651,0.307024,0.011415,0.169538,0.030608,0.097889,0.027588,0.913194,0.059155,0.468750,0.086261,0.780000
active_relational_abstraction,5,48,0.504652,0.011218,0.229584,0.011830,0.187180,0.009333,0.434028,0.048378,0.809028,0.094796,0.305556,0.073647,0.125000,0.094551,0.315708,0.008192,0.161129,0.021549,0.104126,0.020300,0.934028,0.037342,0.458333,0.091500,0.780000
active_relational_abstraction,6,48,0.497793,0.015449,0.235982,0.015621,0.191069,0.012114,0.378472,0.060538,0.788194,0.099066,0.291667,0.049116,0.125000,0.094551,0.308881,0.010439,0.176152,0.030227,0.093624,0.028342,0.913194,0.051457,0.475694,0.084227,0.780000
active_relational_abstraction,7,48,0.507498,0.011439,0.229138,0.010895,0.186452,0.010135,0.423611,0.049555,0.819444,0.096204,0.340278,0.059924,0.121528,0.092139,0.312885,0.007687,0.157359,0.021536,0.108941,0.020920,0.940972,0.038280,0.468750,0.079409,0.780000
active_relational_abstraction,8,48,0.506206,0.012406,0.229325,0.013030,0.186821,0.010422,0.322917,0.055369,0.805556,0.097426,0.340278,0.069432,0.125000,0.094551,0.314330,0.010740,0.160214,0.025115,0.106668,0.022432,0.930556,0.044395,0.482639,0.079756,0.780000
active_relational_abstraction,9,48,0.509752,0.012930,0.227220,0.013384,0.182758,0.010610,0.402778,0.062152,0.805556,0.098392,0.375000,0.051005,0.125000,0.094551,0.320249,0.009688,0.155678,0.025902,0.111874,0.023648,0.930556,0.046477,0.493056,0.074047,0.780000
llm_tamp_failure_reasoning,0,48,0.551253,0.021377,0.205644,0.017058,0.171180,0.014047,0.312500,0.050187,0.802083,0.099976,0.479167,0.074472,0.059028,0.048133,0.369497,0.017929,0.124947,0.033872,0.153541,0.032883,0.861111,0.067620,0.652778,0.082435,0.780000
llm_tamp_failure_reasoning,1,48,0.554993,0.022107,0.213862,0.017996,0.174725,0.013528,0.375000,0.061129,0.795139,0.102122,0.392361,0.076887,0.065972,0.052142,0.362520,0.017378,0.126940,0.035511,0.152892,0.034523,0.861111,0.067620,0.638889,0.088255,0.780000
llm_tamp_failure_reasoning,2,48,0.556869,0.022662,0.207782,0.018087,0.170225,0.013222,0.354167,0.052939,0.809028,0.096771,0.458333,0.069800,0.052083,0.045782,0.367692,0.018399,0.122421,0.034288,0.159363,0.034769,0.861111,0.067620,0.694444,0.080988,0.780000
llm_tamp_failure_reasoning,3,48,0.564070,0.023251,0.207561,0.017421,0.173081,0.013678,0.343750,0.046040,0.815972,0.099779,0.388889,0.059429,0.062500,0.050187,0.366914,0.017159,0.114745,0.034765,0.164962,0.035597,0.878472,0.064326,0.666667,0.085348,0.780000
llm_tamp_failure_reasoning,4,48,0.558443,0.020380,0.209240,0.015097,0.173946,0.011399,0.343750,0.054508,0.805556,0.095464,0.406250,0.050452,0.059028,0.048133,0.365394,0.015983,0.122437,0.029644,0.158377,0.030167,0.864583,0.060473,0.659722,0.080181,0.780000
llm_tamp_failure_reasoning,5,48,0.531527,0.024975,0.222798,0.021651,0.183014,0.015882,0.375000,0.064883,0.777778,0.100296,0.406250,0.050452,0.045139,0.042105,0.355856,0.020083,0.154593,0.040553,0.121074,0.040083,0.822917,0.078057,0.638889,0.087717,0.780000
llm_tamp_failure_reasoning,6,48,0.562312,0.021784,0.199222,0.017209,0.166146,0.013858,0.319444,0.049436,0.815972,0.097380,0.500000,0.073432,0.069444,0.061387,0.373157,0.016808,0.112645,0.033003,0.170412,0.034046,0.885417,0.063151,0.704861,0.083238,0.780000
llm_tamp_failure_reasoning,7,48,0.556890,0.020185,0.206673,0.016413,0.169421,0.012119,0.305556,0.063284,0.836806,0.094044,0.461806,0.065420,0.045139,0.038588,0.366855,0.017115,0.117136,0.030162,0.160958,0.030575,0.881944,0.064487,0.673611,0.083646,0.780000
llm_tamp_failure_reasoning,8,48,0.540470,0.021616,0.216636,0.017979,0.178416,0.014525,0.343750,0.058687,0.788194,0.099066,0.381944,0.063003,0.059028,0.048133,0.359517,0.017860,0.142142,0.034984,0.135365,0.034329,0.847222,0.067269,0.652778,0.084139,0.780000
llm_tamp_failure_reasoning,9,48,0.561420,0.021766,0.211555,0.015481,0.172789,0.012500,0.354167,0.046264,0.805556,0.096450,0.468750,0.054724,0.062500,0.048266,0.365286,0.016355,0.120262,0.031713,0.160890,0.032432,0.868056,0.058324,0.673611,0.080769,0.780000
runtime_monitor_replanner,0,48,0.359951,0.022272,0.290092,0.024182,0.225239,0.019079,0.187500,0.051121,0.218750,0.084320,0.472222,0.060220,0.010417,0.015088,0.249979,0.017561,0.341736,0.039875,-0.075466,0.042935,0.739583,0.057465,0.392361,0.094546,0.780000
runtime_monitor_replanner,1,48,0.390441,0.013398,0.249732,0.015846,0.191429,0.015006,0.163194,0.040676,0.284722,0.066651,0.569444,0.080107,0.010417,0.011534,0.274149,0.012780,0.274564,0.025152,-0.007375,0.028294,0.850694,0.051687,0.465278,0.070781,0.780000
runtime_monitor_replanner,2,48,0.356696,0.018282,0.289097,0.021636,0.220862,0.018125,0.260417,0.054072,0.187500,0.067823,0.472222,0.049912,0.000000,0.000000,0.245674,0.015012,0.341686,0.034888,-0.073184,0.038186,0.763889,0.054008,0.375000,0.095050,0.780000
runtime_monitor_replanner,3,48,0.372411,0.016728,0.275475,0.019614,0.216760,0.016196,0.197917,0.047307,0.274306,0.075019,0.493056,0.055838,0.003472,0.006806,0.261111,0.015431,0.319099,0.031132,-0.053098,0.033558,0.763889,0.052227,0.434028,0.076424,0.780000
runtime_monitor_replanner,4,48,0.365986,0.019070,0.288513,0.022747,0.225951,0.018660,0.225694,0.050996,0.263889,0.081860,0.430556,0.049436,0.013889,0.016372,0.255875,0.017349,0.338931,0.036549,-0.071504,0.039282,0.718750,0.054290,0.423611,0.089121,0.780000
runtime_monitor_replanner,5,48,0.350272,0.022448,0.303015,0.027600,0.238259,0.025307,0.229167,0.050187,0.225694,0.072453,0.388889,0.076173,0.006944,0.009522,0.245740,0.017637,0.365489,0.045030,-0.100234,0.049696,0.697917,0.073854,0.402778,0.093207,0.780000
runtime_monitor_replanner,6,48,0.377306,0.016532,0.266119,0.020407,0.204527,0.016126,0.232639,0.047390,0.246528,0.072779,0.538194,0.068251,0.013889,0.016372,0.262976,0.015580,0.304528,0.032203,-0.034753,0.034006,0.805556,0.049912,0.416667,0.089673,0.780000
runtime_monitor_replanner,7,48,0.347738,0.019999,0.309056,0.022999,0.238675,0.020203,0.187500,0.047276,0.229167,0.071886,0.312500,0.051121,0.006944,0.009522,0.244722,0.015459,0.372444,0.036793,-0.106144,0.041939,0.684028,0.056076,0.399306,0.090062,0.780000
runtime_monitor_replanner,8,48,0.371287,0.021150,0.284152,0.026938,0.218517,0.020143,0.184028,0.044825,0.291667,0.081085,0.447917,0.080885,0.006944,0.009522,0.261049,0.018586,0.327376,0.041705,-0.060494,0.044038,0.732639,0.069283,0.475694,0.083663,0.780000
runtime_monitor_replanner,9,48,0.367480,0.019195,0.286577,0.022027,0.218822,0.018341,0.156250,0.039396,0.267361,0.079459,0.479167,0.064974,0.020833,0.020917,0.259670,0.016683,0.332900,0.036306,-0.065348,0.038630,0.736111,0.051314,0.427083,0.086398,0.780000
grounded_geometric_tamp,0,48,0.577659,0.027444,0.225664,0.018214,0.184904,0.014262,0.315972,0.050763,0.760417,0.101967,0.361111,0.052678,0.055556,0.042766,0.361356,0.018430,0.147417,0.038039,0.161873,0.039545,0.815972,0.072941,0.656250,0.083899,0.780000
grounded_geometric_tamp,1,48,0.581292,0.029146,0.229892,0.020294,0.185714,0.014707,0.256944,0.056679,0.777778,0.100767,0.298611,0.040054,0.045139,0.043213,0.356970,0.019087,0.144668,0.040442,0.164313,0.042616,0.822917,0.079260,0.625000,0.087267,0.780000
grounded_geometric_tamp,2,48,0.583077,0.026187,0.214217,0.017919,0.175312,0.013287,0.291667,0.055449,0.795139,0.101191,0.329861,0.047140,0.055556,0.043859,0.367208,0.018343,0.130379,0.035022,0.178378,0.037261,0.850694,0.070299,0.690972,0.079607,0.780000
grounded_geometric_tamp,3,48,0.587479,0.025082,0.221458,0.016742,0.182930,0.012585,0.284722,0.049555,0.788194,0.096649,0.333333,0.052378,0.045139,0.038588,0.363008,0.017335,0.135083,0.033176,0.174861,0.035388,0.833333,0.070809,0.656250,0.080445,0.780000
grounded_geometric_tamp,4,48,0.599720,0.028414,0.211845,0.016611,0.174868,0.011797,0.246528,0.053264,0.802083,0.097582,0.368056,0.042350,0.052083,0.040287,0.370463,0.017737,0.118477,0.032785,0.195351,0.038221,0.854167,0.065698,0.684028,0.079756,0.780000
grounded_geometric_tamp,5,48,0.575403,0.031723,0.228820,0.021254,0.186662,0.015025,0.298611,0.044528,0.781250,0.101152,0.315972,0.059354,0.038194,0.031124,0.357555,0.020108,0.147393,0.041198,0.158118,0.045592,0.819444,0.079515,0.628472,0.094920,0.780000
grounded_geometric_tamp,6,48,0.582088,0.027479,0.219495,0.018726,0.180087,0.014171,0.253472,0.043486,0.798611,0.098692,0.281250,0.054290,0.038194,0.034028,0.361755,0.018874,0.136542,0.036644,0.173181,0.039678,0.836806,0.076887,0.663194,0.086717,0.780000
grounded_geometric_tamp,7,48,0.575586,0.024834,0.220720,0.015917,0.180061,0.012180,0.260417,0.045523,0.784722,0.095773,0.236111,0.043316,0.052083,0.042570,0.365418,0.016478,0.142721,0.033049,0.164449,0.034285,0.836806,0.065600,0.649306,0.070299,0.780000
grounded_geometric_tamp,8,48,0.589782,0.026352,0.216748,0.017621,0.176605,0.012707,0.322917,0.050918,0.802083,0.099026,0.357639,0.062271,0.052083,0.042570,0.365908,0.017600,0.125750,0.034220,0.183232,0.037223,0.854167,0.069204,0.666667,0.080206,0.780000
grounded_geometric_tamp,9,48,0.590275,0.028728,0.228842,0.018433,0.183850,0.013542,0.246528,0.045610,0.784722,0.095278,0.284722,0.063749,0.034722,0.029111,0.360360,0.019124,0.139822,0.036651,0.173824,0.040397,0.819444,0.073967,0.656250,0.083333,0.780000
physics_aware_tamp,0,48,0.662507,0.024312,0.172985,0.015186,0.142960,0.010752,0.343750,0.057052,0.864583,0.094128,0.465278,0.094280,0.052083,0.042570,0.418030,0.016184,0.063992,0.027716,0.283672,0.033797,0.916667,0.057542,0.843750,0.064815,0.780000
physics_aware_tamp,1,48,0.638303,0.027228,0.178340,0.017428,0.145172,0.012267,0.413194,0.061507,0.868056,0.094280,0.211806,0.044295,0.045139,0.039794,0.412561,0.018478,0.079241,0.030118,0.257067,0.037749,0.913194,0.063772,0.809028,0.076579,0.780000
physics_aware_tamp,2,48,0.653765,0.026311,0.173612,0.017084,0.141942,0.011795,0.319444,0.052227,0.871528,0.094421,0.298611,0.074683,0.048611,0.043452,0.416665,0.017761,0.068247,0.030396,0.275873,0.036627,0.920139,0.062271,0.861111,0.066917,0.780000
physics_aware_tamp,3,48,0.659545,0.027399,0.175222,0.016913,0.145224,0.012101,0.361111,0.052678,0.868056,0.094280,0.243056,0.046604,0.045139,0.038588,0.415024,0.018521,0.065815,0.031016,0.279044,0.037775,0.913194,0.063026,0.847222,0.072677,0.780000
physics_aware_tamp,4,48,0.658077,0.026293,0.177093,0.016218,0.145910,0.011451,0.291667,0.063408,0.861111,0.093966,0.270833,0.056400,0.048611,0.040054,0.414086,0.017489,0.069758,0.029356,0.276391,0.036297,0.909722,0.059924,0.826389,0.073406,0.780000
physics_aware_tamp,5,48,0.649198,0.027046,0.175026,0.016687,0.144137,0.012303,0.312500,0.056400,0.871528,0.094421,0.430556,0.064395,0.048611,0.041218,0.416042,0.017702,0.070584,0.029634,0.269166,0.037612,0.920139,0.060733,0.836806,0.073103,0.780000
physics_aware_tamp,6,48,0.650278,0.023067,0.167118,0.013219,0.138360,0.009974,0.315972,0.057739,0.864583,0.094128,0.364583,0.055582,0.065972,0.052142,0.422390,0.014969,0.068202,0.024097,0.276327,0.030891,0.930556,0.047483,0.868056,0.054118,0.780000
physics_aware_tamp,7,48,0.644649,0.025873,0.177030,0.017326,0.144446,0.012207,0.350694,0.055226,0.861111,0.093966,0.347222,0.054877,0.048611,0.044528,0.415381,0.018237,0.077247,0.029753,0.263511,0.036370,0.909722,0.063003,0.829861,0.071135,0.780000
physics_aware_tamp,8,48,0.642309,0.025561,0.176767,0.016810,0.144410,0.011676,0.309028,0.055865,0.864583,0.094128,0.246528,0.061507,0.048611,0.042350,0.415812,0.017606,0.078568,0.029087,0.261168,0.035898,0.913194,0.061507,0.833333,0.065967,0.780000
physics_aware_tamp,9,48,0.652134,0.024719,0.169961,0.014985,0.138080,0.010744,0.336806,0.049106,0.868056,0.094280,0.399306,0.059752,0.065972,0.056496,0.421034,0.015684,0.065728,0.026038,0.277304,0.033994,0.934028,0.052142,0.857639,0.068077,0.780000
semantic_model_predictive_planner,0,48,0.537857,0.022446,0.224685,0.019087,0.184703,0.014738,0.350694,0.054363,0.788194,0.100957,0.378472,0.058147,0.045139,0.038588,0.372271,0.018941,0.152814,0.038350,0.118200,0.035933,0.833333,0.076585,0.628472,0.086581,0.780000
semantic_model_predictive_planner,1,48,0.546073,0.026527,0.227511,0.022312,0.183503,0.016002,0.454861,0.058147,0.791667,0.103621,0.322917,0.068366,0.038194,0.036703,0.370858,0.021209,0.146080,0.043554,0.126234,0.041664,0.829861,0.084507,0.625000,0.097020,0.780000
semantic_model_predictive_planner,2,48,0.536117,0.026306,0.231490,0.022414,0.187418,0.017286,0.361111,0.067620,0.774306,0.104977,0.312500,0.061226,0.052083,0.048784,0.367046,0.020122,0.160240,0.044469,0.112752,0.043067,0.826389,0.082507,0.649306,0.090324,0.780000
semantic_model_predictive_planner,3,48,0.537328,0.027329,0.235067,0.021978,0.193897,0.016496,0.413194,0.059155,0.770833,0.102762,0.229167,0.054697,0.041667,0.035737,0.363307,0.021143,0.161950,0.044553,0.108795,0.042994,0.812500,0.081158,0.625000,0.090460,0.780000
semantic_model_predictive_planner,4,48,0.533523,0.024274,0.233620,0.021923,0.189804,0.014416,0.371528,0.055226,0.770833,0.103221,0.229167,0.064974,0.034722,0.027439,0.364781,0.021156,0.163972,0.041461,0.108157,0.038173,0.805556,0.083858,0.611111,0.082148,0.780000
semantic_model_predictive_planner,5,48,0.542214,0.025289,0.230884,0.021382,0.188338,0.014496,0.451389,0.055838,0.795139,0.100723,0.267361,0.065057,0.031250,0.031751,0.366239,0.020543,0.151122,0.041414,0.118878,0.039368,0.826389,0.084209,0.611111,0.090895,0.780000
semantic_model_predictive_planner,6,48,0.529265,0.022734,0.223465,0.019650,0.181826,0.014283,0.364583,0.059685,0.781250,0.100213,0.246528,0.045610,0.048611,0.038855,0.373153,0.018863,0.162038,0.038428,0.112017,0.036067,0.829861,0.073103,0.666667,0.076585,0.780000
semantic_model_predictive_planner,7,48,0.532922,0.027805,0.239891,0.023361,0.193795,0.017969,0.381944,0.049555,0.767361,0.107756,0.263889,0.052227,0.031250,0.025094,0.361315,0.021862,0.168502,0.047123,0.102501,0.044754,0.798611,0.091220,0.583333,0.088611,0.780000
semantic_model_predictive_planner,8,48,0.544411,0.022688,0.230714,0.018792,0.186677,0.014033,0.409722,0.065216,0.788194,0.100016,0.256944,0.077175,0.045139,0.039794,0.367570,0.018637,0.149859,0.038389,0.121810,0.035597,0.833333,0.075965,0.614583,0.078511,0.780000
semantic_model_predictive_planner,9,48,0.526569,0.030941,0.248446,0.026395,0.198150,0.019223,0.347222,0.056575,0.746528,0.111319,0.194444,0.058628,0.034722,0.032198,0.355009,0.023320,0.181344,0.052570,0.090698,0.050220,0.781250,0.095871,0.576389,0.101527,0.780000
proposed_abstraction_failure_audit_v4,0,48,0.518537,0.008458,0.216808,0.006371,0.179463,0.007192,0.545139,0.063587,0.857639,0.093792,0.420139,0.059949,0.062500,0.052038,0.340035,0.007932,0.145509,0.007165,0.120761,0.011187,1.000000,0.000000,0.409722,0.105637,0.780000
proposed_abstraction_failure_audit_v4,1,48,0.520847,0.007146,0.216514,0.005966,0.177229,0.007496,0.520833,0.059661,0.868056,0.094280,0.340278,0.052340,0.065972,0.051227,0.341926,0.007787,0.143133,0.006143,0.124056,0.009584,1.000000,0.000000,0.416667,0.100139,0.780000
proposed_abstraction_failure_audit_v4,2,48,0.513538,0.010056,0.210938,0.005839,0.172965,0.007263,0.496528,0.060342,0.857639,0.093792,0.510417,0.067671,0.048611,0.048591,0.345833,0.009635,0.147092,0.008438,0.121410,0.010633,1.000000,0.000000,0.465278,0.099646,0.780000
proposed_abstraction_failure_audit_v4,3,48,0.522657,0.006726,0.215754,0.005785,0.179955,0.007623,0.472222,0.063284,0.871528,0.094421,0.409722,0.063749,0.069444,0.056575,0.342499,0.007226,0.141898,0.006020,0.124103,0.009354,1.000000,0.000000,0.385417,0.100684,0.780000
proposed_abstraction_failure_audit_v4,4,48,0.513670,0.007502,0.211532,0.005764,0.176189,0.007903,0.451389,0.056679,0.868056,0.094280,0.350694,0.067554,0.052083,0.042570,0.345363,0.007502,0.148354,0.005684,0.119073,0.010003,1.000000,0.000000,0.461806,0.095912,0.780000
proposed_abstraction_failure_audit_v4,5,48,0.523333,0.008639,0.221634,0.006104,0.183260,0.008393,0.493056,0.056679,0.868056,0.094280,0.381944,0.048591,0.055556,0.048955,0.336478,0.008059,0.143737,0.007451,0.121518,0.010906,1.000000,0.000000,0.375000,0.108526,0.780000
proposed_abstraction_failure_audit_v4,6,48,0.516420,0.008627,0.207971,0.005672,0.171826,0.006408,0.468750,0.058888,0.871528,0.094421,0.486111,0.073967,0.052083,0.042570,0.348515,0.009324,0.144070,0.006630,0.125706,0.009628,1.000000,0.000000,0.496528,0.094044,0.780000
proposed_abstraction_failure_audit_v4,7,48,0.518433,0.008835,0.213233,0.005789,0.175350,0.007340,0.500000,0.065246,0.875000,0.094551,0.371528,0.066850,0.059028,0.050060,0.346250,0.007969,0.143219,0.007194,0.123081,0.010284,1.000000,0.000000,0.434028,0.097623,0.780000
proposed_abstraction_failure_audit_v4,8,48,0.524118,0.007662,0.220662,0.006244,0.181343,0.007361,0.559028,0.063400,0.875000,0.094551,0.361111,0.056155,0.069444,0.055732,0.337172,0.006548,0.142927,0.007037,0.123955,0.011039,1.000000,0.000000,0.378472,0.099066,0.780000
proposed_abstraction_failure_audit_v4,9,48,0.522103,0.007322,0.217415,0.006205,0.176232,0.007374,0.520833,0.050187,0.871528,0.094421,0.402778,0.059826,0.062500,0.050187,0.342305,0.007486,0.142205,0.006169,0.125347,0.009169,1.000000,0.000000,0.423611,0.105188,0.780000
risk_bounded_abstraction_failure_audit_v5,0,48,0.274020,0.016115,0.453206,0.016419,0.354817,0.012071,0.559028,0.058754,0.197917,0.049266,0.378472,0.067203,0.003472,0.006806,0.243485,0.011600,0.612841,0.029529,-0.346571,0.030914,0.204861,0.047886,0.142361,0.038893,0.780000
risk_bounded_abstraction_failure_audit_v5,1,48,0.247722,0.016811,0.490001,0.014634,0.379574,0.013627,0.545139,0.060538,0.114583,0.037866,0.295139,0.060146,0.000000,0.000000,0.219299,0.007566,0.669066,0.029428,-0.401878,0.032578,0.114583,0.037866,0.055556,0.024477,0.780000
risk_bounded_abstraction_failure_audit_v5,2,48,0.242229,0.019271,0.489119,0.017151,0.378885,0.015069,0.590278,0.046604,0.104167,0.033162,0.215278,0.036339,0.000000,0.000000,0.220231,0.008543,0.675256,0.032529,-0.406754,0.037121,0.107639,0.032969,0.083333,0.032259,0.780000
risk_bounded_abstraction_failure_audit_v5,3,48,0.264267,0.022011,0.458123,0.022221,0.360197,0.018220,0.607639,0.053706,0.180556,0.056575,0.381944,0.074047,0.000000,0.000000,0.239261,0.013309,0.628110,0.039874,-0.362109,0.042622,0.187500,0.055555,0.138889,0.044924,0.780000
risk_bounded_abstraction_failure_audit_v5,4,48,0.227590,0.018123,0.507286,0.014978,0.397776,0.014724,0.607639,0.057121,0.055556,0.026339,0.263889,0.059826,0.000000,0.000000,0.207795,0.006584,0.707736,0.030519,-0.440309,0.035589,0.055556,0.026339,0.038194,0.024296,0.780000
risk_bounded_abstraction_failure_audit_v5,5,48,0.275674,0.015149,0.456989,0.014072,0.359277,0.012848,0.576389,0.053236,0.197917,0.045263,0.329861,0.048133,0.000000,0.000000,0.239044,0.010925,0.613713,0.026836,-0.348458,0.029015,0.197917,0.045263,0.114583,0.040287,0.780000
risk_bounded_abstraction_failure_audit_v5,6,48,0.259651,0.020002,0.470568,0.017699,0.367254,0.016088,0.510417,0.052744,0.149306,0.046888,0.229167,0.046264,0.000000,0.000000,0.229962,0.011066,0.644061,0.034044,-0.374285,0.038447,0.149306,0.046888,0.114583,0.041444,0.780000
risk_bounded_abstraction_failure_audit_v5,7,48,0.246864,0.017743,0.472191,0.019986,0.366451,0.015468,0.513889,0.044395,0.142361,0.045610,0.288194,0.061314,0.003472,0.006806,0.232602,0.012009,0.656511,0.032546,-0.390211,0.034884,0.149306,0.044825,0.121528,0.040966,0.780000
risk_bounded_abstraction_failure_audit_v5,8,48,0.260048,0.016531,0.476109,0.014443,0.369938,0.012297,0.520833,0.052939,0.145833,0.038447,0.336806,0.050060,0.000000,0.000000,0.229135,0.010204,0.645569,0.028050,-0.378687,0.030883,0.145833,0.038447,0.100694,0.039794,0.780000
risk_bounded_abstraction_failure_audit_v5,9,48,0.246554,0.014948,0.490314,0.012900,0.376444,0.012612,0.583333,0.053273,0.118056,0.027439,0.232639,0.031875,0.000000,0.000000,0.220877,0.006081,0.669189,0.025086,-0.401636,0.029016,0.118056,0.027439,0.083333,0.023825,0.780000
oracle_mechanics_preserving_planner,0,48,0.490704,0.017394,0.217514,0.007739,0.179243,0.008895,1.000000,0.000000,0.875000,0.094551,0.006944,0.009522,0.000000,0.000000,0.255025,0.012607,0.137889,0.017759,0.128380,0.020651,1.000000,0.000000,0.430556,0.125630,0.780000
oracle_mechanics_preserving_planner,1,48,0.490920,0.017432,0.218227,0.007524,0.177625,0.008988,1.000000,0.000000,0.875000,0.094551,0.000000,0.000000,0.000000,0.000000,0.255025,0.012607,0.137840,0.017709,0.129349,0.020402,1.000000,0.000000,0.434028,0.123314,0.780000
oracle_mechanics_preserving_planner,2,48,0.491896,0.017298,0.216991,0.007494,0.177288,0.009033,1.000000,0.000000,0.875000,0.094551,0.000000,0.000000,0.000000,0.000000,0.255025,0.012607,0.137218,0.017589,0.131284,0.020310,1.000000,0.000000,0.440972,0.125123,0.780000
oracle_mechanics_preserving_planner,3,48,0.490754,0.017200,0.217049,0.007440,0.180246,0.009248,1.000000,0.000000,0.875000,0.094551,0.000000,0.000000,0.000000,0.000000,0.255025,0.012607,0.138023,0.017554,0.127978,0.020150,1.000000,0.000000,0.392361,0.124364,0.780000
oracle_mechanics_preserving_planner,4,48,0.491548,0.017601,0.216434,0.007670,0.179453,0.009713,1.000000,0.000000,0.875000,0.094551,0.003472,0.006806,0.000000,0.000000,0.255025,0.012607,0.137727,0.017624,0.129700,0.021383,1.000000,0.000000,0.458333,0.121287,0.780000
oracle_mechanics_preserving_planner,5,48,0.490119,0.017520,0.218111,0.007697,0.180054,0.009819,1.000000,0.000000,0.875000,0.094551,0.000000,0.000000,0.000000,0.000000,0.255025,0.012607,0.138390,0.017685,0.126865,0.021231,1.000000,0.000000,0.430556,0.127127,0.780000
oracle_mechanics_preserving_planner,6,48,0.492758,0.017284,0.215966,0.007706,0.177037,0.008732,1.000000,0.000000,0.875000,0.094551,0.000000,0.000000,0.000000,0.000000,0.255025,0.012607,0.136855,0.017527,0.132921,0.020312,1.000000,0.000000,0.458333,0.122837,0.780000
oracle_mechanics_preserving_planner,7,48,0.490398,0.017510,0.218523,0.007884,0.178533,0.009288,1.000000,0.000000,0.875000,0.094551,0.003472,0.006806,0.000000,0.000000,0.255025,0.012607,0.138299,0.017701,0.128001,0.020780,1.000000,0.000000,0.416667,0.124558,0.780000
oracle_mechanics_preserving_planner,8,48,0.490818,0.017454,0.217956,0.008024,0.178264,0.008893,1.000000,0.000000,0.875000,0.094551,0.003472,0.006806,0.000000,0.000000,0.255025,0.012607,0.137939,0.017659,0.128943,0.020616,1.000000,0.000000,0.444444,0.122773,0.780000
oracle_mechanics_preserving_planner,9,48,0.490807,0.017576,0.218918,0.007913,0.176696,0.008916,1.000000,0.000000,0.875000,0.094551,0.000000,0.000000,0.000000,0.000000,0.255025,0.012607,0.138050,0.017706,0.129502,0.020434,1.000000,0.000000,0.427083,0.126408,0.780000
active_relational_abstraction,0,48,0.497238,0.011684,0.232143,0.013200,0.189339,0.010159,0.326389,0.059130,0.805556,0.097426,0.350694,0.059354,0.121528,0.092139,0.310134,0.009049,0.166877,0.023639,0.096015,0.022355,0.927083,0.044472,0.468750,0.075751,0.890000
active_relational_abstraction,1,48,0.496685,0.013173,0.235055,0.015123,0.190511,0.011675,0.368056,0.060709,0.791667,0.100845,0.350694,0.045868,0.121528,0.092139,0.309906,0.010377,0.170367,0.027519,0.093025,0.025614,0.913194,0.054145,0.486111,0.079515,0.890000
active_relational_abstraction,2,48,0.491884,0.013795,0.236980,0.015287,0.191860,0.012149,0.333333,0.051467,0.795139,0.100723,0.312500,0.058053,0.125000,0.094551,0.304579,0.009829,0.176491,0.027605,0.088373,0.026719,0.920139,0.053264,0.468750,0.082334,0.890000
active_relational_abstraction,3,48,0.504552,0.011356,0.227098,0.012094,0.183758,0.009554,0.329861,0.051915,0.812500,0.097567,0.340278,0.058324,0.125000,0.094551,0.316065,0.009652,0.155440,0.023238,0.107782,0.020500,0.937500,0.043088,0.513889,0.083007,0.890000
active_relational_abstraction,4,48,0.496018,0.014084,0.235594,0.014818,0.191805,0.011823,0.343750,0.055369,0.795139,0.101658,0.305556,0.048955,0.118056,0.089651,0.307944,0.010255,0.171919,0.028372,0.091938,0.026320,0.913194,0.055012,0.454861,0.084086,0.890000
active_relational_abstraction,5,48,0.506431,0.014482,0.229810,0.014706,0.185417,0.011507,0.361111,0.052678,0.802083,0.099976,0.447917,0.081467,0.121528,0.092139,0.313647,0.010487,0.157662,0.027312,0.107909,0.026339,0.923611,0.050501,0.510417,0.083899,0.890000
active_relational_abstraction,6,48,0.511415,0.011588,0.224370,0.012693,0.182575,0.008678,0.361111,0.064761,0.809028,0.097259,0.440972,0.076270,0.118056,0.090177,0.319494,0.010058,0.148615,0.023130,0.115639,0.020365,0.927083,0.044472,0.559028,0.066317,0.890000
active_relational_abstraction,7,48,0.508650,0.010087,0.225383,0.010692,0.180820,0.009353,0.423611,0.058324,0.812500,0.094614,0.381944,0.056679,0.121528,0.092139,0.320944,0.008218,0.150655,0.020201,0.112940,0.019191,0.934028,0.036053,0.579861,0.067379,0.890000
active_relational_abstraction,8,48,0.503394,0.012317,0.229904,0.012906,0.186525,0.009953,0.378472,0.056496,0.809028,0.097259,0.395833,0.044172,0.114583,0.087622,0.315640,0.009965,0.158900,0.024141,0.103183,0.022253,0.923611,0.044528,0.503472,0.080494,0.890000
active_relational_abstraction,9,48,0.502043,0.011982,0.232523,0.013092,0.187357,0.010633,0.361111,0.051772,0.795139,0.097380,0.385417,0.056006,0.118056,0.089651,0.315540,0.009817,0.162445,0.024153,0.099755,0.022753,0.913194,0.046635,0.479167,0.076353,0.890000
llm_tamp_failure_reasoning,0,48,0.547665,0.023502,0.222410,0.018372,0.183014,0.014362,0.277778,0.058628,0.795139,0.096893,0.357639,0.055865,0.041667,0.034388,0.354066,0.018880,0.137453,0.035707,0.138189,0.036413,0.836806,0.071797,0.628472,0.085481,0.890000
llm_tamp_failure_reasoning,1,48,0.550646,0.020267,0.206424,0.016660,0.169627,0.011382,0.305556,0.051772,0.805556,0.096450,0.413194,0.051457,0.055556,0.045965,0.369212,0.017018,0.122528,0.031039,0.153720,0.030232,0.861111,0.064027,0.680556,0.074604,0.890000
llm_tamp_failure_reasoning,2,48,0.539804,0.018442,0.215512,0.016230,0.175163,0.011275,0.375000,0.054589,0.805556,0.095958,0.392361,0.042939,0.045139,0.036053,0.358258,0.016534,0.137055,0.030029,0.138221,0.028435,0.850694,0.067554,0.631944,0.075314,0.890000
llm_tamp_failure_reasoning,3,48,0.542355,0.023008,0.222530,0.020114,0.180301,0.013641,0.340278,0.056679,0.781250,0.102083,0.402778,0.053125,0.052083,0.044737,0.354672,0.019250,0.140719,0.037480,0.134509,0.035925,0.833333,0.075965,0.597222,0.089585,0.890000
llm_tamp_failure_reasoning,4,48,0.546843,0.018594,0.204038,0.015387,0.169649,0.013022,0.343750,0.049981,0.805556,0.098392,0.427083,0.061443,0.069444,0.054008,0.368435,0.015815,0.123721,0.030303,0.151611,0.029923,0.875000,0.058762,0.690972,0.078410,0.890000
llm_tamp_failure_reasoning,5,48,0.545722,0.023083,0.218644,0.019561,0.178179,0.014782,0.340278,0.057508,0.777778,0.102165,0.375000,0.073110,0.059028,0.048133,0.358784,0.019124,0.138179,0.036074,0.139930,0.035840,0.836806,0.072453,0.645833,0.084583,0.890000
llm_tamp_failure_reasoning,6,48,0.553354,0.019667,0.204408,0.013292,0.169520,0.010612,0.368056,0.058324,0.812500,0.095112,0.447917,0.066079,0.072917,0.056636,0.367819,0.014065,0.118107,0.026597,0.158259,0.028512,0.885417,0.050686,0.687500,0.078793,0.890000
llm_tamp_failure_reasoning,7,48,0.546270,0.021300,0.212274,0.017280,0.171520,0.012843,0.340278,0.050501,0.812500,0.095608,0.399306,0.082954,0.048611,0.041218,0.362810,0.017686,0.127900,0.032393,0.147276,0.032483,0.861111,0.066206,0.673611,0.077786,0.890000
llm_tamp_failure_reasoning,8,48,0.531991,0.021059,0.225242,0.017401,0.183201,0.012744,0.270833,0.041976,0.767361,0.095665,0.437500,0.048266,0.059028,0.046125,0.356054,0.016340,0.153867,0.033099,0.119903,0.033097,0.826389,0.062247,0.649306,0.074861,0.890000
llm_tamp_failure_reasoning,9,48,0.539622,0.019560,0.221756,0.016946,0.180130,0.012952,0.312500,0.048266,0.791667,0.095546,0.354167,0.069884,0.052083,0.046804,0.355124,0.017510,0.141093,0.031862,0.132158,0.030725,0.843750,0.067671,0.611111,0.083292,0.890000
runtime_monitor_replanner,0,48,0.360346,0.019350,0.287305,0.021622,0.225070,0.020466,0.145833,0.041976,0.267361,0.066496,0.506944,0.053236,0.006944,0.009522,0.257295,0.013966,0.339298,0.035688,-0.076406,0.041532,0.736111,0.055732,0.440972,0.082238,0.890000
runtime_monitor_replanner,1,48,0.359807,0.018984,0.292895,0.023842,0.226650,0.020923,0.236111,0.051314,0.274306,0.074386,0.378472,0.054796,0.013889,0.016372,0.256851,0.015513,0.344528,0.037724,-0.081137,0.042018,0.711806,0.065780,0.451389,0.083078,0.890000
runtime_monitor_replanner,2,48,0.372246,0.019422,0.274526,0.020784,0.211497,0.017508,0.190972,0.049585,0.274306,0.078108,0.489583,0.055369,0.017361,0.020027,0.263889,0.016084,0.314955,0.033905,-0.050090,0.037849,0.767361,0.046381,0.444444,0.082722,0.890000
runtime_monitor_replanner,3,48,0.349984,0.016618,0.302210,0.019639,0.233520,0.017105,0.184028,0.054363,0.218750,0.063896,0.402778,0.055732,0.010417,0.011534,0.245146,0.013962,0.359615,0.031043,-0.096393,0.035023,0.697917,0.046296,0.381944,0.075939,0.890000
runtime_monitor_replanner,4,48,0.364665,0.020090,0.281552,0.023294,0.217872,0.019391,0.201389,0.043452,0.253472,0.073426,0.500000,0.072785,0.010417,0.011534,0.257931,0.016009,0.327691,0.037093,-0.063834,0.041079,0.756944,0.058324,0.434028,0.091624,0.890000
runtime_monitor_replanner,5,48,0.379929,0.014077,0.263806,0.017755,0.203586,0.015283,0.190972,0.045610,0.305556,0.071694,0.482639,0.047886,0.006944,0.009522,0.270271,0.014229,0.298746,0.027470,-0.033174,0.030143,0.791667,0.049116,0.500000,0.071474,0.890000
runtime_monitor_replanner,6,48,0.368279,0.015637,0.273058,0.018539,0.210374,0.014693,0.135417,0.035943,0.232639,0.077041,0.513889,0.051314,0.017361,0.017506,0.259181,0.015060,0.314673,0.028588,-0.050419,0.030902,0.788194,0.043213,0.423611,0.091737,0.890000
runtime_monitor_replanner,7,48,0.361820,0.018642,0.285639,0.024106,0.216865,0.019030,0.184028,0.040384,0.250000,0.074074,0.475694,0.076579,0.010417,0.011534,0.256531,0.016753,0.331331,0.037797,-0.067736,0.039768,0.750000,0.061515,0.413194,0.083096,0.890000
runtime_monitor_replanner,8,48,0.348012,0.019517,0.304668,0.024370,0.236016,0.020481,0.222222,0.048955,0.225694,0.075647,0.385417,0.042570,0.006944,0.009522,0.244934,0.016531,0.363583,0.038650,-0.101500,0.042024,0.690972,0.062271,0.392361,0.093540,0.890000
runtime_monitor_replanner,9,48,0.362997,0.016786,0.285415,0.021342,0.219423,0.017390,0.177083,0.048051,0.260417,0.062208,0.513889,0.073967,0.020833,0.020917,0.259288,0.013060,0.331630,0.033818,-0.069430,0.036888,0.743056,0.057508,0.430556,0.073325,0.890000
grounded_geometric_tamp,0,48,0.597829,0.027656,0.213082,0.018876,0.175574,0.013774,0.243056,0.054118,0.812500,0.098051,0.329861,0.054580,0.041667,0.039509,0.369558,0.019331,0.117294,0.036781,0.192614,0.039779,0.854167,0.075104,0.684028,0.076733,0.890000
grounded_geometric_tamp,1,48,0.595910,0.027756,0.213335,0.018023,0.173978,0.012728,0.250000,0.051467,0.812500,0.100434,0.375000,0.067034,0.055556,0.044924,0.368623,0.017447,0.115245,0.035667,0.192089,0.039126,0.868056,0.068747,0.680556,0.076482,0.890000
grounded_geometric_tamp,2,48,0.582910,0.024142,0.207524,0.016333,0.170223,0.012422,0.211806,0.044295,0.805556,0.096939,0.336806,0.067027,0.062500,0.052038,0.373027,0.016512,0.123035,0.031091,0.183314,0.034690,0.868056,0.062247,0.711806,0.069283,0.890000
grounded_geometric_tamp,3,48,0.574815,0.028719,0.225170,0.019102,0.183344,0.014509,0.284722,0.053236,0.774306,0.100840,0.315972,0.072941,0.059028,0.048133,0.359898,0.018612,0.142426,0.037215,0.161051,0.041186,0.833333,0.070809,0.621528,0.087936,0.890000
grounded_geometric_tamp,4,48,0.594920,0.024045,0.209558,0.014609,0.173804,0.012051,0.239583,0.047556,0.802083,0.095128,0.409722,0.065937,0.065972,0.053042,0.372114,0.015183,0.117387,0.028611,0.191949,0.033580,0.868056,0.056679,0.694444,0.086632,0.890000
grounded_geometric_tamp,5,48,0.587172,0.021699,0.212215,0.014435,0.173500,0.010410,0.229167,0.051121,0.798611,0.094780,0.388889,0.047979,0.052083,0.041444,0.369869,0.016010,0.125692,0.028051,0.183822,0.029250,0.850694,0.062461,0.687500,0.067122,0.890000
grounded_geometric_tamp,6,48,0.579490,0.024919,0.213691,0.016440,0.175328,0.011437,0.236111,0.047483,0.802083,0.095128,0.402778,0.056575,0.055556,0.043859,0.369121,0.015759,0.131456,0.029618,0.174282,0.034773,0.857639,0.060733,0.677083,0.076836,0.890000
grounded_geometric_tamp,7,48,0.590916,0.020817,0.206676,0.012379,0.166195,0.008957,0.319444,0.047483,0.809028,0.095293,0.493056,0.068747,0.079861,0.060733,0.376303,0.012602,0.113280,0.023990,0.193336,0.027217,0.888889,0.046983,0.722222,0.064027,0.890000
grounded_geometric_tamp,8,48,0.585230,0.027698,0.203480,0.017253,0.166841,0.012037,0.315972,0.055226,0.819444,0.099110,0.479167,0.069204,0.059028,0.048133,0.377983,0.017216,0.116156,0.033206,0.188333,0.037454,0.878472,0.065057,0.722222,0.080988,0.890000
grounded_geometric_tamp,9,48,0.583654,0.024132,0.209024,0.013146,0.171447,0.010555,0.302083,0.052067,0.802083,0.094629,0.347222,0.051314,0.072917,0.059088,0.372658,0.014497,0.120916,0.026698,0.182462,0.032204,0.875000,0.053716,0.690972,0.070131,0.890000
physics_aware_tamp,0,48,0.649969,0.025366,0.169325,0.015052,0.140075,0.010962,0.288194,0.049346,0.868056,0.094780,0.510417,0.071742,0.059028,0.048133,0.419964,0.016416,0.065099,0.027090,0.274521,0.034656,0.927083,0.054072,0.843750,0.066258,0.890000
physics_aware_tamp,1,48,0.642786,0.028965,0.176067,0.018203,0.144030,0.012627,0.402778,0.047483,0.868056,0.094280,0.319444,0.073967,0.048611,0.046604,0.414242,0.018681,0.073263,0.031334,0.262984,0.040236,0.916667,0.064517,0.798611,0.083646,0.890000
physics_aware_tamp,2,48,0.656349,0.025031,0.171437,0.014848,0.140932,0.011022,0.302083,0.061250,0.864583,0.094128,0.204861,0.039196,0.059028,0.048133,0.418318,0.016237,0.063675,0.026730,0.279751,0.034517,0.923611,0.053236,0.840278,0.067357,0.890000
physics_aware_tamp,3,48,0.639961,0.028531,0.177317,0.019315,0.144128,0.012978,0.333333,0.054154,0.871528,0.094421,0.274306,0.051915,0.034722,0.030693,0.414296,0.019665,0.077548,0.032822,0.259341,0.040321,0.906250,0.070075,0.815972,0.078561,0.890000
physics_aware_tamp,4,48,0.641700,0.025735,0.179468,0.016787,0.147494,0.012282,0.343750,0.052744,0.864583,0.094128,0.246528,0.058350,0.045139,0.038588,0.411367,0.017769,0.077746,0.029881,0.258639,0.036337,0.909722,0.063003,0.802083,0.081176,0.890000
physics_aware_tamp,5,48,0.653652,0.023860,0.171550,0.014656,0.140057,0.010188,0.322917,0.060277,0.871528,0.094421,0.347222,0.050383,0.052083,0.040287,0.417326,0.016247,0.064200,0.025851,0.278035,0.032444,0.923611,0.055838,0.843750,0.064815,0.890000
physics_aware_tamp,6,48,0.647292,0.024430,0.168221,0.014921,0.139262,0.010885,0.350694,0.050763,0.871528,0.094421,0.378472,0.078259,0.055556,0.046983,0.421591,0.015870,0.067339,0.027076,0.272387,0.033662,0.927083,0.056636,0.840278,0.066651,0.890000
physics_aware_tamp,7,48,0.646691,0.029593,0.181485,0.019839,0.145041,0.013274,0.347222,0.054008,0.868056,0.094280,0.260417,0.063710,0.034722,0.033635,0.410877,0.020325,0.074432,0.034558,0.264432,0.041752,0.902778,0.071363,0.822917,0.077449,0.890000
physics_aware_tamp,8,48,0.645979,0.024015,0.172235,0.014362,0.141670,0.010304,0.309028,0.055012,0.871528,0.094421,0.406250,0.052293,0.055556,0.043859,0.417687,0.015670,0.067899,0.025449,0.268652,0.032843,0.927083,0.054072,0.836806,0.068424,0.890000
physics_aware_tamp,9,48,0.654848,0.022877,0.171288,0.013750,0.138358,0.008328,0.270833,0.047276,0.871528,0.094421,0.451389,0.059924,0.059028,0.046125,0.420242,0.014550,0.061038,0.024106,0.279382,0.030280,0.930556,0.051314,0.843750,0.061826,0.890000
semantic_model_predictive_planner,0,48,0.529119,0.021705,0.222641,0.018839,0.181704,0.014052,0.430556,0.058223,0.788194,0.100957,0.333333,0.056714,0.048611,0.040054,0.373256,0.018621,0.154905,0.036736,0.112393,0.034523,0.836806,0.074386,0.628472,0.077956,0.890000
semantic_model_predictive_planner,1,48,0.535212,0.024050,0.230457,0.020631,0.186142,0.014504,0.357639,0.062271,0.777778,0.101235,0.329861,0.050060,0.045139,0.042105,0.367449,0.019688,0.154940,0.039751,0.113195,0.037711,0.822917,0.079260,0.614583,0.087080,0.890000
semantic_model_predictive_planner,2,48,0.536509,0.021804,0.219567,0.016296,0.178747,0.012122,0.340278,0.059924,0.802083,0.095128,0.329861,0.062650,0.048611,0.041218,0.374810,0.017851,0.146312,0.032855,0.123042,0.031963,0.850694,0.066139,0.663194,0.084507,0.890000
semantic_model_predictive_planner,3,48,0.543261,0.024460,0.225654,0.020448,0.182428,0.014573,0.385417,0.064632,0.795139,0.103044,0.253472,0.042385,0.045139,0.034716,0.370867,0.020234,0.142866,0.040403,0.125269,0.038042,0.840278,0.077175,0.611111,0.092953,0.890000
semantic_model_predictive_planner,4,48,0.523031,0.025470,0.238135,0.021989,0.193654,0.015978,0.402778,0.053125,0.756944,0.101992,0.277778,0.053569,0.038194,0.031124,0.362423,0.020524,0.175168,0.042598,0.093264,0.040778,0.795139,0.081516,0.604167,0.094614,0.890000
semantic_model_predictive_planner,5,48,0.543249,0.024620,0.230222,0.020573,0.185944,0.014482,0.413194,0.059155,0.774306,0.103159,0.295139,0.060927,0.048611,0.041218,0.367994,0.019975,0.149456,0.040837,0.121283,0.038256,0.822917,0.078661,0.631944,0.086427,0.890000
semantic_model_predictive_planner,6,48,0.537765,0.021849,0.228466,0.018182,0.186249,0.013273,0.413194,0.055012,0.777778,0.097910,0.343750,0.068366,0.059028,0.048133,0.369287,0.017634,0.152987,0.035917,0.116055,0.034466,0.836806,0.066317,0.645833,0.080573,0.890000
semantic_model_predictive_planner,7,48,0.537843,0.019528,0.218520,0.015733,0.175053,0.011248,0.333333,0.059957,0.795139,0.097380,0.375000,0.054589,0.055556,0.044924,0.379779,0.015580,0.143080,0.032233,0.125557,0.029880,0.850694,0.065420,0.708333,0.062658,0.890000
semantic_model_predictive_planner,8,48,0.532533,0.026402,0.239992,0.022354,0.194024,0.015850,0.354167,0.051121,0.770833,0.103221,0.159722,0.043452,0.031250,0.028616,0.359947,0.021485,0.164365,0.044267,0.102462,0.041671,0.802083,0.086808,0.579861,0.085895,0.890000
semantic_model_predictive_planner,9,48,0.532243,0.023911,0.227717,0.018961,0.183193,0.013445,0.392361,0.059553,0.777778,0.101235,0.368056,0.060709,0.052083,0.044737,0.372187,0.018719,0.155038,0.038473,0.111949,0.036319,0.829861,0.075019,0.628472,0.081516,0.890000
proposed_abstraction_failure_audit_v4,0,48,0.514549,0.006140,0.218736,0.005571,0.180528,0.007335,0.496528,0.059553,0.868056,0.094280,0.385417,0.061635,0.062500,0.049236,0.337968,0.006115,0.147137,0.004122,0.115755,0.008621,1.000000,0.000000,0.388889,0.097910,0.890000
proposed_abstraction_failure_audit_v4,1,48,0.514112,0.008322,0.215262,0.005997,0.177222,0.007674,0.437500,0.051121,0.861111,0.093966,0.458333,0.056295,0.055556,0.043859,0.341672,0.007987,0.145233,0.006132,0.118158,0.009886,1.000000,0.000000,0.440972,0.104977,0.890000
proposed_abstraction_failure_audit_v4,2,48,0.506363,0.008318,0.212084,0.005890,0.173810,0.007028,0.545139,0.051227,0.868056,0.094280,0.506944,0.050501,0.048611,0.038855,0.344103,0.007394,0.151177,0.005613,0.113687,0.009362,1.000000,0.000000,0.454861,0.096649,0.890000
proposed_abstraction_failure_audit_v4,3,48,0.506079,0.007624,0.210607,0.005689,0.172728,0.006681,0.548611,0.059924,0.868056,0.094280,0.534722,0.059924,0.055556,0.043859,0.347227,0.007716,0.149494,0.005016,0.113728,0.009524,1.000000,0.000000,0.472222,0.091930,0.890000
proposed_abstraction_failure_audit_v4,4,48,0.514628,0.009012,0.211839,0.006279,0.174944,0.007252,0.472222,0.068316,0.871528,0.094421,0.416667,0.052378,0.055556,0.045965,0.346160,0.008194,0.143442,0.007886,0.120415,0.011156,1.000000,0.000000,0.434028,0.096158,0.890000
proposed_abstraction_failure_audit_v4,5,48,0.516510,0.007131,0.215222,0.005770,0.176509,0.007355,0.454861,0.050295,0.871528,0.094421,0.378472,0.043213,0.065972,0.055653,0.341456,0.006763,0.144388,0.005601,0.121184,0.009740,1.000000,0.000000,0.427083,0.097218,0.890000
proposed_abstraction_failure_audit_v4,6,48,0.511423,0.009045,0.212050,0.005062,0.175180,0.006546,0.510417,0.050918,0.864583,0.094629,0.381944,0.054985,0.059028,0.050060,0.344490,0.007940,0.146636,0.007549,0.117618,0.010524,1.000000,0.000000,0.465278,0.086427,0.890000
proposed_abstraction_failure_audit_v4,7,48,0.511811,0.008762,0.215130,0.005816,0.174054,0.006964,0.493056,0.056679,0.868056,0.094280,0.291667,0.064883,0.059028,0.052818,0.343616,0.008273,0.146197,0.007252,0.117398,0.010568,1.000000,0.000000,0.437500,0.098532,0.890000
proposed_abstraction_failure_audit_v4,8,48,0.514608,0.008341,0.214238,0.005563,0.176408,0.006633,0.461806,0.060146,0.871528,0.094421,0.375000,0.051005,0.069444,0.054877,0.345233,0.008023,0.143744,0.007027,0.118339,0.010160,1.000000,0.000000,0.440972,0.091495,0.890000
proposed_abstraction_failure_audit_v4,9,48,0.514309,0.008398,0.214056,0.006397,0.174790,0.007859,0.506944,0.062247,0.868056,0.094280,0.343750,0.049981,0.062500,0.051121,0.346005,0.007940,0.143215,0.006802,0.118986,0.010818,1.000000,0.000000,0.440972,0.099423,0.890000
risk_bounded_abstraction_failure_audit_v5,0,48,0.257701,0.021051,0.471678,0.019722,0.368505,0.017552,0.496528,0.057121,0.152778,0.045448,0.246528,0.046635,0.000000,0.000000,0.231061,0.011629,0.641134,0.036888,-0.378242,0.041071,0.156250,0.047056,0.118056,0.043452,0.890000
risk_bounded_abstraction_failure_audit_v5,1,48,0.261520,0.021391,0.465702,0.021218,0.362473,0.017883,0.506944,0.063749,0.166667,0.051467,0.406250,0.063710,0.003472,0.006806,0.236281,0.012603,0.632197,0.038607,-0.368805,0.041837,0.173611,0.050501,0.131944,0.044528,0.890000
risk_bounded_abstraction_failure_audit_v5,2,48,0.245755,0.018634,0.489933,0.015817,0.379193,0.014456,0.479167,0.059661,0.104167,0.034559,0.218750,0.047804,0.000000,0.000000,0.219272,0.008822,0.668383,0.031465,-0.403519,0.035538,0.104167,0.034559,0.072917,0.032121,0.890000
risk_bounded_abstraction_failure_audit_v5,3,48,0.231588,0.021341,0.498332,0.018805,0.386466,0.018180,0.538194,0.060146,0.079861,0.036379,0.184028,0.059354,0.003472,0.006806,0.215655,0.009650,0.689497,0.037127,-0.426275,0.041717,0.083333,0.036393,0.069444,0.034843,0.890000
risk_bounded_abstraction_failure_audit_v5,4,48,0.248409,0.022984,0.482766,0.021914,0.375962,0.017940,0.510417,0.061057,0.118056,0.050501,0.315972,0.065420,0.003472,0.006806,0.223699,0.011984,0.660099,0.040102,-0.396241,0.044181,0.121528,0.050295,0.090278,0.042350,0.890000
risk_bounded_abstraction_failure_audit_v5,5,48,0.254043,0.016821,0.483191,0.015777,0.374691,0.014305,0.510417,0.056217,0.121528,0.040966,0.260417,0.042291,0.000000,0.000000,0.220504,0.009698,0.654169,0.030117,-0.388598,0.032815,0.121528,0.040966,0.052083,0.033912,0.890000
risk_bounded_abstraction_failure_audit_v5,6,48,0.237710,0.019986,0.482409,0.018716,0.377989,0.017413,0.562500,0.060448,0.104167,0.038447,0.208333,0.057129,0.000000,0.000000,0.221617,0.009159,0.674073,0.034790,-0.409819,0.038951,0.114583,0.037866,0.086806,0.029162,0.890000
risk_bounded_abstraction_failure_audit_v5,7,48,0.269631,0.018248,0.462228,0.017294,0.354997,0.014819,0.538194,0.058552,0.187500,0.045230,0.444444,0.061000,0.000000,0.000000,0.237465,0.011589,0.617390,0.032775,-0.353794,0.035296,0.190972,0.046635,0.107639,0.040676,0.890000
risk_bounded_abstraction_failure_audit_v5,8,48,0.233461,0.018336,0.500373,0.015339,0.389570,0.014759,0.513889,0.055732,0.083333,0.027510,0.239583,0.042291,0.000000,0.000000,0.213547,0.006800,0.689019,0.031148,-0.426936,0.035179,0.083333,0.027510,0.052083,0.026019,0.890000
risk_bounded_abstraction_failure_audit_v5,9,48,0.234187,0.018043,0.500772,0.015026,0.385929,0.014837,0.517361,0.052594,0.086806,0.030741,0.277778,0.056155,0.000000,0.000000,0.214298,0.007161,0.686335,0.030649,-0.424135,0.035357,0.086806,0.030741,0.048611,0.023742,0.890000
oracle_mechanics_preserving_planner,0,48,0.486138,0.017264,0.217159,0.007623,0.178734,0.009374,1.000000,0.000000,0.875000,0.094551,0.000000,0.000000,0.000000,0.000000,0.255025,0.012607,0.138506,0.017606,0.124387,0.020678,1.000000,0.000000,0.430556,0.127869,0.890000
oracle_mechanics_preserving_planner,1,48,0.486238,0.017453,0.217227,0.007571,0.178045,0.009197,1.000000,0.000000,0.875000,0.094551,0.006944,0.009522,0.000000,0.000000,0.255025,0.012607,0.138448,0.017663,0.124943,0.020542,1.000000,0.000000,0.447917,0.126127,0.890000
oracle_mechanics_preserving_planner,2,48,0.487143,0.017291,0.216652,0.007785,0.176996,0.009118,1.000000,0.000000,0.875000,0.094551,0.003472,0.006806,0.000000,0.000000,0.255025,0.012607,0.137927,0.017571,0.126937,0.020586,1.000000,0.000000,0.465278,0.124542,0.890000
oracle_mechanics_preserving_planner,3,48,0.485965,0.017944,0.217792,0.007607,0.177945,0.009657,1.000000,0.000000,0.875000,0.094551,0.010417,0.011534,0.000000,0.000000,0.255025,0.012607,0.138807,0.017894,0.124414,0.021730,1.000000,0.000000,0.440972,0.122061,0.890000
oracle_mechanics_preserving_planner,4,48,0.486558,0.017488,0.216843,0.008026,0.177987,0.008901,1.000000,0.000000,0.875000,0.094551,0.003472,0.006806,0.000000,0.000000,0.255025,0.012607,0.138329,0.017668,0.125528,0.020765,1.000000,0.000000,0.430556,0.122966,0.890000
oracle_mechanics_preserving_planner,5,48,0.487446,0.017576,0.216475,0.007959,0.176515,0.009213,1.000000,0.000000,0.875000,0.094551,0.000000,0.000000,0.000000,0.000000,0.255025,0.012607,0.137883,0.017703,0.127689,0.020985,1.000000,0.000000,0.440972,0.123983,0.890000
oracle_mechanics_preserving_planner,6,48,0.486923,0.017488,0.216259,0.007456,0.178038,0.009133,1.000000,0.000000,0.875000,0.094551,0.006944,0.009522,0.000000,0.000000,0.255025,0.012607,0.138059,0.017618,0.126195,0.020663,1.000000,0.000000,0.454861,0.123314,0.890000
oracle_mechanics_preserving_planner,7,48,0.485906,0.017263,0.218866,0.007764,0.176018,0.008793,1.000000,0.000000,0.875000,0.094551,0.000000,0.000000,0.000000,0.000000,0.255025,0.012607,0.138476,0.017636,0.125120,0.020246,1.000000,0.000000,0.447917,0.123474,0.890000
oracle_mechanics_preserving_planner,8,48,0.485424,0.017429,0.217975,0.007545,0.178760,0.009231,1.000000,0.000000,0.875000,0.094551,0.000000,0.000000,0.000000,0.000000,0.255025,0.012607,0.138903,0.017685,0.123180,0.020505,1.000000,0.000000,0.451389,0.123398,0.890000
oracle_mechanics_preserving_planner,9,48,0.485274,0.017549,0.218815,0.008023,0.177862,0.009395,1.000000,0.000000,0.875000,0.094551,0.006944,0.009522,0.000000,0.000000,0.255025,0.012607,0.139010,0.017791,0.123191,0.021153,1.000000,0.000000,0.420139,0.126064,0.890000
active_relational_abstraction,0,48,0.493580,0.012669,0.235209,0.013529,0.190830,0.011198,0.333333,0.061515,0.791667,0.097020,0.440972,0.051915,0.125000,0.094551,0.310422,0.009284,0.168792,0.025093,0.089384,0.024287,0.916667,0.046646,0.513889,0.083007,1.000000
active_relational_abstraction,1,48,0.489675,0.012091,0.237121,0.013659,0.191703,0.010762,0.364583,0.049266,0.788194,0.098106,0.378472,0.049346,0.121528,0.092139,0.309382,0.009577,0.173105,0.025416,0.084178,0.023079,0.909722,0.049555,0.461806,0.080347,1.000000
active_relational_abstraction,2,48,0.504478,0.013255,0.222551,0.013479,0.181980,0.010583,0.277778,0.052678,0.809028,0.096771,0.361111,0.079217,0.125000,0.094551,0.321740,0.010264,0.151215,0.024756,0.109242,0.023648,0.934028,0.042105,0.534722,0.086973,1.000000
active_relational_abstraction,3,48,0.494973,0.011686,0.234525,0.012442,0.191222,0.010088,0.364583,0.054724,0.798611,0.096266,0.378472,0.058147,0.118056,0.089651,0.310212,0.008911,0.166476,0.023775,0.090980,0.021886,0.916667,0.043498,0.465278,0.083646,1.000000
active_relational_abstraction,4,48,0.502289,0.008959,0.227804,0.010159,0.185793,0.009634,0.336806,0.048133,0.815972,0.096893,0.437500,0.056400,0.125000,0.094551,0.312391,0.007944,0.153602,0.019846,0.105188,0.017665,0.940972,0.040676,0.479167,0.076970,1.000000
active_relational_abstraction,5,48,0.504303,0.011409,0.225602,0.012875,0.180580,0.009881,0.322917,0.054508,0.826389,0.100119,0.427083,0.059088,0.121528,0.092139,0.318763,0.009515,0.147129,0.023822,0.109556,0.021499,0.947917,0.045782,0.479167,0.085694,1.000000
active_relational_abstraction,6,48,0.493847,0.012882,0.229190,0.014015,0.186317,0.010928,0.291667,0.061129,0.805556,0.099349,0.309028,0.047639,0.125000,0.094551,0.315151,0.009311,0.163992,0.025926,0.094406,0.024555,0.930556,0.048469,0.475694,0.081950,1.000000
active_relational_abstraction,7,48,0.499970,0.012531,0.226356,0.013560,0.186725,0.011481,0.326389,0.048591,0.795139,0.099779,0.361111,0.040494,0.121528,0.092139,0.319726,0.010178,0.158782,0.026059,0.099957,0.024215,0.916667,0.051467,0.517361,0.072290,1.000000
active_relational_abstraction,8,48,0.497944,0.013550,0.228314,0.013699,0.189011,0.011731,0.347222,0.048469,0.798611,0.098211,0.364583,0.071907,0.121528,0.092139,0.318774,0.011062,0.159609,0.026794,0.095549,0.024922,0.920139,0.047639,0.496528,0.085619,1.000000
active_relational_abstraction,9,48,0.502094,0.010001,0.228903,0.010971,0.186923,0.009515,0.336806,0.052818,0.812500,0.095112,0.489583,0.066258,0.121528,0.092139,0.313352,0.007484,0.156120,0.020748,0.103137,0.019279,0.934028,0.037342,0.503472,0.079904,1.000000
llm_tamp_failure_reasoning,0,48,0.539833,0.021746,0.220664,0.016580,0.180521,0.012888,0.302083,0.053853,0.795139,0.099779,0.340278,0.043452,0.052083,0.040287,0.355203,0.016470,0.137175,0.033748,0.132688,0.033354,0.847222,0.069347,0.625000,0.081667,1.000000
llm_tamp_failure_reasoning,1,48,0.544633,0.017551,0.212567,0.014289,0.173944,0.010900,0.312500,0.055555,0.809028,0.095293,0.375000,0.054589,0.055556,0.044924,0.363384,0.015146,0.125912,0.027214,0.143483,0.026408,0.864583,0.061250,0.659722,0.078992,1.000000
llm_tamp_failure_reasoning,2,48,0.535603,0.018301,0.212998,0.016414,0.175183,0.012814,0.288194,0.049346,0.784722,0.100119,0.343750,0.057052,0.072917,0.055794,0.361869,0.015400,0.137347,0.031108,0.133947,0.029825,0.857639,0.061507,0.663194,0.076270,1.000000
llm_tamp_failure_reasoning,3,48,0.534677,0.021045,0.217551,0.018468,0.178598,0.013722,0.263889,0.053125,0.781250,0.098787,0.350694,0.066139,0.062500,0.053826,0.359772,0.017847,0.140341,0.034157,0.128803,0.033604,0.843750,0.068366,0.652778,0.077709,1.000000
llm_tamp_failure_reasoning,4,48,0.537070,0.019595,0.211543,0.016377,0.174832,0.013060,0.354167,0.045230,0.798611,0.096266,0.354167,0.075104,0.059028,0.047140,0.365011,0.016729,0.135180,0.031113,0.135192,0.030975,0.857639,0.061507,0.656250,0.076218,1.000000
llm_tamp_failure_reasoning,5,48,0.542784,0.019974,0.210093,0.016889,0.169135,0.011994,0.319444,0.052227,0.819444,0.096695,0.340278,0.064487,0.055556,0.046983,0.366463,0.017589,0.123240,0.031092,0.145238,0.030274,0.875000,0.064150,0.663194,0.082811,1.000000
llm_tamp_failure_reasoning,6,48,0.547086,0.020882,0.196125,0.016247,0.162495,0.012468,0.333333,0.055021,0.822917,0.096485,0.503472,0.074386,0.076389,0.063003,0.376660,0.015919,0.111946,0.030303,0.158139,0.032159,0.899306,0.054796,0.743056,0.073406,1.000000
llm_tamp_failure_reasoning,7,48,0.521625,0.022377,0.236099,0.019684,0.192597,0.014516,0.315972,0.060146,0.763889,0.095216,0.326389,0.075314,0.034722,0.032198,0.345042,0.019275,0.168582,0.036590,0.101101,0.035810,0.798611,0.075939,0.579861,0.081370,1.000000
llm_tamp_failure_reasoning,8,48,0.523233,0.019441,0.216228,0.016966,0.179691,0.013204,0.347222,0.050383,0.781250,0.094879,0.416667,0.067386,0.059028,0.051915,0.362060,0.017000,0.148874,0.031065,0.116378,0.030891,0.840278,0.064487,0.642361,0.080787,1.000000
llm_tamp_failure_reasoning,9,48,0.541196,0.020282,0.214246,0.016129,0.177933,0.013824,0.319444,0.058223,0.795139,0.096404,0.444444,0.056991,0.059028,0.046125,0.361174,0.016866,0.134241,0.031529,0.137129,0.031525,0.854167,0.061226,0.631944,0.083646,1.000000
runtime_monitor_replanner,0,48,0.367201,0.017536,0.275688,0.020276,0.213692,0.017086,0.173611,0.042350,0.295139,0.070969,0.395833,0.058053,0.010417,0.011534,0.265861,0.014296,0.316394,0.032155,-0.058218,0.036052,0.763889,0.049436,0.461806,0.085481,1.000000
runtime_monitor_replanner,1,48,0.370158,0.019748,0.268520,0.020417,0.206354,0.015831,0.173611,0.047608,0.270833,0.083457,0.447917,0.067496,0.013889,0.016372,0.265924,0.017178,0.303130,0.032822,-0.045847,0.036156,0.795139,0.037970,0.427083,0.089094,1.000000
runtime_monitor_replanner,2,48,0.354323,0.017247,0.292510,0.019023,0.227443,0.017663,0.194444,0.044924,0.239583,0.063710,0.454861,0.049346,0.013889,0.016372,0.251719,0.013245,0.345271,0.030958,-0.084814,0.036119,0.718750,0.044737,0.413194,0.074067,1.000000
runtime_monitor_replanner,3,48,0.369543,0.020698,0.274560,0.022954,0.215237,0.018746,0.204861,0.043757,0.302083,0.082906,0.500000,0.045621,0.020833,0.025035,0.268024,0.017225,0.314698,0.037007,-0.057243,0.040602,0.756944,0.052340,0.454861,0.088472,1.000000
runtime_monitor_replanner,4,48,0.353845,0.017533,0.284635,0.019643,0.218497,0.016297,0.194444,0.045965,0.197917,0.061250,0.434028,0.055653,0.013889,0.016372,0.250635,0.013457,0.332618,0.030511,-0.073827,0.035379,0.770833,0.044172,0.361111,0.080402,1.000000
runtime_monitor_replanner,5,48,0.366665,0.021712,0.285222,0.024683,0.218580,0.020967,0.190972,0.038893,0.333333,0.081956,0.454861,0.079459,0.006944,0.009522,0.266965,0.018369,0.324951,0.040267,-0.068267,0.044222,0.722222,0.056991,0.468750,0.080003,1.000000
runtime_monitor_replanner,6,48,0.356513,0.015884,0.287225,0.019250,0.221338,0.016669,0.218750,0.049744,0.236111,0.071363,0.402778,0.057405,0.010417,0.011534,0.253351,0.014769,0.334245,0.030056,-0.075848,0.033854,0.743056,0.049555,0.399306,0.081225,1.000000
runtime_monitor_replanner,7,48,0.373623,0.020205,0.265020,0.024445,0.208230,0.021411,0.197917,0.043122,0.298611,0.077175,0.506944,0.074683,0.010417,0.011534,0.269274,0.017383,0.301847,0.039758,-0.043109,0.043243,0.788194,0.061314,0.451389,0.083646,1.000000
runtime_monitor_replanner,8,48,0.348598,0.018297,0.287153,0.019977,0.223446,0.017456,0.215278,0.043452,0.187500,0.067122,0.427083,0.063710,0.000000,0.000000,0.246479,0.014850,0.337511,0.033601,-0.082353,0.036911,0.770833,0.050187,0.347222,0.082435,1.000000
runtime_monitor_replanner,9,48,0.358041,0.020354,0.290672,0.024231,0.228644,0.020852,0.260417,0.050452,0.270833,0.078190,0.357639,0.065960,0.020833,0.018518,0.257042,0.017560,0.342386,0.038293,-0.083129,0.042293,0.708333,0.057951,0.423611,0.083078,1.000000
grounded_geometric_tamp,0,48,0.565885,0.027279,0.229450,0.017843,0.186724,0.014109,0.260417,0.053190,0.760417,0.097703,0.371528,0.070299,0.059028,0.047140,0.358028,0.017458,0.151055,0.034551,0.147991,0.039442,0.819444,0.066562,0.625000,0.086723,1.000000
grounded_geometric_tamp,1,48,0.587376,0.023085,0.205187,0.014191,0.170130,0.012097,0.225694,0.053706,0.802083,0.097096,0.392361,0.057943,0.076389,0.059924,0.377718,0.015206,0.115223,0.028828,0.187232,0.032497,0.878472,0.054796,0.736111,0.068661,1.000000
grounded_geometric_tamp,2,48,0.572581,0.025359,0.218276,0.018255,0.179427,0.013587,0.263889,0.050383,0.774306,0.098946,0.375000,0.076276,0.062500,0.051121,0.365028,0.018315,0.138460,0.034220,0.163481,0.037341,0.836806,0.067027,0.687500,0.075731,1.000000
grounded_geometric_tamp,3,48,0.578099,0.026548,0.218633,0.018123,0.181592,0.014145,0.291667,0.053716,0.784722,0.098692,0.378472,0.057327,0.045139,0.039794,0.365310,0.018726,0.134897,0.035448,0.167116,0.038266,0.829861,0.074386,0.670139,0.081079,1.000000
grounded_geometric_tamp,4,48,0.553389,0.025683,0.230776,0.017955,0.188915,0.013814,0.256944,0.054118,0.756944,0.095773,0.329861,0.050996,0.041667,0.032984,0.357333,0.018200,0.164683,0.035340,0.133440,0.037354,0.798611,0.071446,0.652778,0.073967,1.000000
grounded_geometric_tamp,5,48,0.600669,0.025408,0.209062,0.016286,0.168918,0.011580,0.239583,0.051381,0.812500,0.100434,0.423611,0.073406,0.065972,0.051227,0.375074,0.016503,0.104668,0.032013,0.200261,0.035369,0.878472,0.062838,0.694444,0.075549,1.000000
grounded_geometric_tamp,6,48,0.588335,0.022904,0.208896,0.012616,0.172010,0.010154,0.298611,0.057508,0.802083,0.092608,0.385417,0.058485,0.072917,0.059088,0.373771,0.013972,0.116917,0.024862,0.186345,0.030903,0.875000,0.050069,0.722222,0.077405,1.000000
grounded_geometric_tamp,7,48,0.583407,0.029478,0.220782,0.018615,0.181785,0.013873,0.250000,0.052378,0.795139,0.097380,0.333333,0.069460,0.041667,0.038293,0.361520,0.019980,0.129130,0.036054,0.172630,0.041166,0.836806,0.074386,0.628472,0.091882,1.000000
grounded_geometric_tamp,8,48,0.576856,0.025582,0.213438,0.015842,0.178289,0.012701,0.284722,0.047608,0.795139,0.098347,0.385417,0.053412,0.065972,0.052142,0.369221,0.016207,0.127328,0.031512,0.169622,0.035743,0.861111,0.061771,0.656250,0.079855,1.000000
grounded_geometric_tamp,9,48,0.592236,0.023765,0.200090,0.013743,0.167140,0.010805,0.302083,0.049266,0.826389,0.095773,0.416667,0.059957,0.062500,0.050187,0.377774,0.016240,0.105715,0.026041,0.197178,0.031182,0.888889,0.056991,0.718750,0.076682,1.000000
physics_aware_tamp,0,48,0.641088,0.024721,0.170239,0.015074,0.140194,0.010792,0.364583,0.045263,0.868056,0.094280,0.343750,0.067671,0.055556,0.046983,0.420765,0.016461,0.068633,0.026341,0.264689,0.033437,0.923611,0.056679,0.843750,0.066258,1.000000
physics_aware_tamp,1,48,0.648702,0.023895,0.177200,0.015119,0.144506,0.010479,0.274306,0.051915,0.861111,0.093966,0.277778,0.051772,0.052083,0.040287,0.415704,0.015815,0.069068,0.026831,0.267286,0.033137,0.913194,0.055865,0.822917,0.066258,1.000000
physics_aware_tamp,2,48,0.633950,0.028414,0.177726,0.018231,0.146595,0.013559,0.347222,0.048469,0.868056,0.094280,0.274306,0.052818,0.038194,0.031124,0.411592,0.019411,0.078972,0.032122,0.252451,0.040237,0.906250,0.066614,0.815972,0.074227,1.000000
physics_aware_tamp,3,48,0.648184,0.025545,0.174236,0.015769,0.144104,0.011746,0.270833,0.055555,0.868056,0.094280,0.253472,0.055012,0.052083,0.043667,0.416294,0.017162,0.066106,0.028140,0.268529,0.035667,0.920139,0.058350,0.819444,0.072677,1.000000
physics_aware_tamp,4,48,0.645685,0.025476,0.174636,0.016245,0.143890,0.012116,0.319444,0.050383,0.864583,0.094128,0.256944,0.046604,0.048611,0.038855,0.416927,0.017299,0.070921,0.029095,0.265685,0.036029,0.913194,0.059155,0.819444,0.067269,1.000000
physics_aware_tamp,5,48,0.641486,0.025409,0.175526,0.015064,0.142142,0.011365,0.319444,0.049436,0.864583,0.094128,0.413194,0.065960,0.055556,0.044924,0.417424,0.016457,0.069936,0.026792,0.262021,0.034670,0.920139,0.055012,0.822917,0.076836,1.000000
physics_aware_tamp,6,48,0.638862,0.026043,0.174082,0.016740,0.142175,0.011625,0.326389,0.048591,0.864583,0.094128,0.347222,0.057405,0.048611,0.041218,0.417139,0.017753,0.073327,0.029239,0.260330,0.036249,0.913194,0.060733,0.864583,0.065720,1.000000
physics_aware_tamp,7,48,0.640973,0.027137,0.176961,0.017284,0.145421,0.011887,0.378472,0.058147,0.864583,0.094629,0.298611,0.049555,0.052083,0.044737,0.413582,0.017833,0.072906,0.030315,0.259927,0.037889,0.916667,0.059957,0.812500,0.076970,1.000000
physics_aware_tamp,8,48,0.643881,0.022391,0.165563,0.012210,0.138649,0.008419,0.298611,0.059924,0.868056,0.094280,0.347222,0.078917,0.069444,0.054877,0.425115,0.013576,0.063211,0.021765,0.269478,0.028752,0.937500,0.045230,0.857639,0.051457,1.000000
physics_aware_tamp,9,48,0.630945,0.026866,0.177858,0.017031,0.145824,0.011674,0.368056,0.050501,0.864583,0.094128,0.291667,0.057129,0.041667,0.032984,0.413200,0.017958,0.081426,0.029951,0.249250,0.036817,0.906250,0.063710,0.836806,0.068424,1.000000
semantic_model_predictive_planner,0,48,0.534715,0.021762,0.219713,0.018049,0.178967,0.012589,0.312500,0.056400,0.791667,0.099903,0.375000,0.078114,0.059028,0.046125,0.377511,0.017933,0.143177,0.035089,0.119871,0.032879,0.850694,0.066850,0.652778,0.081280,1.000000
semantic_model_predictive_planner,1,48,0.537349,0.017008,0.214737,0.014670,0.175757,0.011492,0.343750,0.061826,0.798611,0.097729,0.447917,0.056844,0.062500,0.048266,0.381149,0.015125,0.136235,0.028743,0.126174,0.026549,0.861111,0.061000,0.687500,0.070558,1.000000
semantic_model_predictive_planner,2,48,0.529787,0.025550,0.235590,0.021143,0.192149,0.016448,0.364583,0.061250,0.767361,0.100957,0.246528,0.043486,0.034722,0.033635,0.363379,0.021143,0.163234,0.042253,0.102179,0.040683,0.802083,0.083475,0.618056,0.095278,1.000000
semantic_model_predictive_planner,3,48,0.532081,0.022263,0.227157,0.019018,0.185670,0.013498,0.302083,0.053853,0.791667,0.097506,0.315972,0.060146,0.038194,0.034028,0.370372,0.019523,0.151235,0.036887,0.111092,0.034292,0.829861,0.075647,0.614583,0.082620,1.000000
semantic_model_predictive_planner,4,48,0.530972,0.022750,0.232810,0.019323,0.189037,0.014449,0.312500,0.056400,0.774306,0.100840,0.270833,0.061994,0.038194,0.031124,0.365530,0.020233,0.157264,0.038772,0.106313,0.035482,0.812500,0.079391,0.614583,0.077906,1.000000
semantic_model_predictive_planner,5,48,0.537653,0.022843,0.234767,0.019248,0.187068,0.013205,0.329861,0.049106,0.784722,0.095278,0.260417,0.047556,0.031250,0.030224,0.368404,0.019790,0.150165,0.037126,0.112069,0.035211,0.815972,0.077347,0.618056,0.086427,1.000000
semantic_model_predictive_planner,6,48,0.515710,0.025169,0.243173,0.021867,0.197793,0.016792,0.361111,0.053569,0.750000,0.098712,0.281250,0.037866,0.034722,0.032198,0.359548,0.020450,0.181766,0.041408,0.081249,0.041206,0.784722,0.080769,0.618056,0.089121,1.000000
semantic_model_predictive_planner,7,48,0.537851,0.018676,0.212026,0.014834,0.175872,0.012012,0.378472,0.053042,0.795139,0.096893,0.416667,0.046646,0.069444,0.054877,0.383654,0.014714,0.136751,0.029619,0.127113,0.028796,0.864583,0.058079,0.670139,0.075647,1.000000
semantic_model_predictive_planner,8,48,0.528724,0.020864,0.220260,0.017704,0.182746,0.013503,0.381944,0.054118,0.802083,0.099976,0.357639,0.071467,0.045139,0.037342,0.374645,0.018013,0.147646,0.035529,0.112045,0.032943,0.847222,0.073967,0.590278,0.072758,1.000000
semantic_model_predictive_planner,9,48,0.537125,0.022144,0.225295,0.017865,0.184447,0.013637,0.361111,0.062532,0.791667,0.095546,0.315972,0.062461,0.041667,0.034388,0.372097,0.018419,0.147054,0.035146,0.117372,0.034250,0.833333,0.070138,0.611111,0.083292,1.000000
proposed_abstraction_failure_audit_v4,0,48,0.506640,0.008987,0.215312,0.006075,0.176818,0.007606,0.465278,0.063749,0.861111,0.093966,0.392361,0.049106,0.062500,0.050187,0.342567,0.008176,0.147604,0.007151,0.110572,0.011220,1.000000,0.000000,0.434028,0.094671,1.000000
proposed_abstraction_failure_audit_v4,1,48,0.506605,0.009229,0.215635,0.005732,0.177054,0.007154,0.454861,0.043213,0.868056,0.094280,0.319444,0.043316,0.048611,0.041218,0.343417,0.008192,0.147461,0.007554,0.109822,0.010938,1.000000,0.000000,0.420139,0.090193,1.000000
proposed_abstraction_failure_audit_v4,2,48,0.510367,0.009170,0.213967,0.006062,0.176227,0.007849,0.482639,0.056076,0.861111,0.093966,0.385417,0.064632,0.048611,0.038855,0.342433,0.008860,0.144896,0.007611,0.115561,0.010921,1.000000,0.000000,0.451389,0.095278,1.000000
proposed_abstraction_failure_audit_v4,3,48,0.506887,0.009213,0.221352,0.005652,0.181969,0.007383,0.496528,0.042939,0.864583,0.094128,0.326389,0.045577,0.034722,0.030693,0.335242,0.007040,0.150772,0.007170,0.106683,0.009596,1.000000,0.000000,0.357639,0.098707,1.000000
proposed_abstraction_failure_audit_v4,4,48,0.509262,0.008610,0.217080,0.006010,0.178890,0.007123,0.517361,0.047886,0.864583,0.094128,0.371528,0.068251,0.062500,0.053826,0.339892,0.006813,0.146991,0.007021,0.111799,0.011202,1.000000,0.000000,0.385417,0.094879,1.000000
proposed_abstraction_failure_audit_v4,5,48,0.502671,0.008288,0.213162,0.006409,0.172416,0.007154,0.486111,0.056575,0.868056,0.094280,0.472222,0.074286,0.048611,0.042350,0.348075,0.008219,0.147978,0.006215,0.108706,0.009236,1.000000,0.000000,0.444444,0.096939,1.000000
proposed_abstraction_failure_audit_v4,6,48,0.508985,0.006939,0.214789,0.006455,0.176989,0.007876,0.472222,0.061771,0.850694,0.093413,0.451389,0.052340,0.086806,0.068077,0.343650,0.007793,0.145755,0.006745,0.112643,0.011413,1.000000,0.000000,0.427083,0.104714,1.000000
proposed_abstraction_failure_audit_v4,7,48,0.505320,0.007085,0.212566,0.005813,0.175770,0.006349,0.430556,0.065125,0.868056,0.094280,0.371528,0.063214,0.055556,0.044924,0.344849,0.007303,0.148098,0.005662,0.110641,0.009044,1.000000,0.000000,0.444444,0.089320,1.000000
proposed_abstraction_failure_audit_v4,8,48,0.507015,0.007462,0.216284,0.005966,0.180452,0.007344,0.479167,0.057233,0.864583,0.094128,0.340278,0.068056,0.062500,0.052939,0.342160,0.007903,0.147221,0.005806,0.107937,0.010043,1.000000,0.000000,0.420139,0.098707,1.000000
proposed_abstraction_failure_audit_v4,9,48,0.509776,0.008636,0.214237,0.006269,0.177052,0.007646,0.482639,0.063957,0.864583,0.094128,0.444444,0.066917,0.048611,0.040054,0.342933,0.008512,0.145248,0.007293,0.114010,0.009659,1.000000,0.000000,0.430556,0.100060,1.000000
risk_bounded_abstraction_failure_audit_v5,0,48,0.241074,0.019900,0.482483,0.020339,0.374456,0.016698,0.475694,0.055012,0.118056,0.041218,0.243056,0.048591,0.006944,0.013611,0.226081,0.011031,0.662338,0.035319,-0.404162,0.039135,0.125000,0.041835,0.104167,0.039658,1.000000
risk_bounded_abstraction_failure_audit_v5,1,48,0.247058,0.019751,0.489030,0.019777,0.377236,0.014576,0.517361,0.060927,0.118056,0.050501,0.420139,0.074067,0.000000,0.000000,0.221348,0.011697,0.658439,0.036545,-0.401156,0.037224,0.118056,0.050501,0.065972,0.038588,1.000000
risk_bounded_abstraction_failure_audit_v5,2,48,0.246203,0.019095,0.484915,0.018610,0.377315,0.016726,0.562500,0.056400,0.107639,0.045088,0.302083,0.071246,0.003472,0.006806,0.222017,0.011382,0.660418,0.035056,-0.399961,0.037629,0.111111,0.044924,0.076389,0.037618,1.000000
risk_bounded_abstraction_failure_audit_v5,3,48,0.248765,0.021676,0.483348,0.020993,0.378093,0.017068,0.489583,0.056217,0.128472,0.053486,0.340278,0.073406,0.000000,0.000000,0.223053,0.012442,0.654942,0.039021,-0.397486,0.041710,0.128472,0.053486,0.076389,0.041218,1.000000
risk_bounded_abstraction_failure_audit_v5,4,48,0.256868,0.016546,0.473949,0.015632,0.370022,0.013564,0.465278,0.051429,0.145833,0.041976,0.340278,0.059924,0.000000,0.000000,0.228278,0.010209,0.639105,0.029140,-0.380315,0.031936,0.145833,0.041976,0.090278,0.036339,1.000000
risk_bounded_abstraction_failure_audit_v5,5,48,0.246523,0.019513,0.478102,0.019629,0.364635,0.015267,0.493056,0.052340,0.142361,0.043486,0.312500,0.054697,0.000000,0.000000,0.232778,0.011525,0.647765,0.033928,-0.391080,0.038047,0.149306,0.042663,0.131944,0.041218,1.000000
risk_bounded_abstraction_failure_audit_v5,6,48,0.235838,0.019178,0.495044,0.015000,0.383942,0.014739,0.531250,0.064265,0.093750,0.030613,0.232639,0.057327,0.000000,0.000000,0.217251,0.007454,0.677368,0.030564,-0.418971,0.036334,0.093750,0.030613,0.072917,0.027349,1.000000
risk_bounded_abstraction_failure_audit_v5,7,48,0.213776,0.020763,0.519296,0.016508,0.405509,0.016421,0.513889,0.062909,0.027778,0.017758,0.156250,0.054508,0.000000,0.000000,0.201118,0.004067,0.722589,0.034041,-0.463851,0.039994,0.027778,0.017758,0.020833,0.015759,1.000000
risk_bounded_abstraction_failure_audit_v5,8,48,0.234308,0.019774,0.480324,0.018395,0.378956,0.015471,0.454861,0.060538,0.121528,0.034716,0.239583,0.051381,0.000000,0.000000,0.226815,0.008774,0.669216,0.032445,-0.414058,0.038363,0.128472,0.034028,0.114583,0.030997,1.000000
risk_bounded_abstraction_failure_audit_v5,9,48,0.258810,0.015676,0.466950,0.015915,0.365555,0.013401,0.447917,0.057670,0.149306,0.039196,0.309028,0.044561,0.003472,0.006806,0.233381,0.009854,0.632497,0.029025,-0.373240,0.030854,0.159722,0.038855,0.118056,0.033635,1.000000
oracle_mechanics_preserving_planner,0,48,0.480364,0.017911,0.218009,0.007780,0.178358,0.009440,1.000000,0.000000,0.875000,0.094551,0.000000,0.000000,0.000000,0.000000,0.255025,0.012607,0.139786,0.017886,0.118390,0.021676,1.000000,0.000000,0.437500,0.123653,1.000000
oracle_mechanics_preserving_planner,1,48,0.479686,0.017906,0.218752,0.008218,0.178599,0.009058,1.000000,0.000000,0.875000,0.094551,0.000000,0.000000,0.000000,0.000000,0.255025,0.012607,0.140176,0.017922,0.117108,0.021395,1.000000,0.000000,0.437500,0.122500,1.000000
oracle_mechanics_preserving_planner,2,48,0.481988,0.017605,0.216167,0.007658,0.177666,0.009376,1.000000,0.000000,0.875000,0.094551,0.017361,0.017506,0.000000,0.000000,0.255025,0.012607,0.138876,0.017684,0.121581,0.021092,1.000000,0.000000,0.451389,0.118310,1.000000
oracle_mechanics_preserving_planner,3,48,0.480253,0.017324,0.217677,0.007815,0.179244,0.009168,1.000000,0.000000,0.875000,0.094551,0.000000,0.000000,0.000000,0.000000,0.255025,0.012607,0.139622,0.017718,0.117834,0.020640,1.000000,0.000000,0.427083,0.121835,1.000000
oracle_mechanics_preserving_planner,4,48,0.480819,0.017816,0.217403,0.008346,0.178306,0.009054,1.000000,0.000000,0.875000,0.094551,0.000000,0.000000,0.000000,0.000000,0.255025,0.012607,0.139556,0.017869,0.119234,0.021450,1.000000,0.000000,0.416667,0.125692,1.000000
oracle_mechanics_preserving_planner,5,48,0.479162,0.017460,0.220316,0.007764,0.177346,0.009111,1.000000,0.000000,0.875000,0.094551,0.006944,0.009522,0.000000,0.000000,0.255025,0.012607,0.140105,0.017855,0.116580,0.020911,1.000000,0.000000,0.427083,0.126781,1.000000
oracle_mechanics_preserving_planner,6,48,0.480654,0.017443,0.217748,0.007646,0.178032,0.009284,1.000000,0.000000,0.875000,0.094551,0.006944,0.009522,0.000000,0.000000,0.255025,0.012607,0.139331,0.017687,0.119067,0.020909,1.000000,0.000000,0.451389,0.127545,1.000000
oracle_mechanics_preserving_planner,7,48,0.481144,0.017272,0.216605,0.007610,0.178832,0.009182,1.000000,0.000000,0.875000,0.094551,0.003472,0.006806,0.000000,0.000000,0.255025,0.012607,0.139095,0.017663,0.119644,0.020470,1.000000,0.000000,0.437500,0.119371,1.000000
oracle_mechanics_preserving_planner,8,48,0.479018,0.017697,0.218212,0.007943,0.181458,0.009444,1.000000,0.000000,0.875000,0.094551,0.010417,0.011534,0.000000,0.000000,0.255025,0.012607,0.140464,0.017931,0.114694,0.021592,1.000000,0.000000,0.440972,0.127371,1.000000
oracle_mechanics_preserving_planner,9,48,0.481251,0.017572,0.216707,0.008085,0.178459,0.009297,1.000000,0.000000,0.875000,0.094551,0.003472,0.006806,0.000000,0.000000,0.255025,0.012607,0.139297,0.017717,0.119961,0.020867,1.000000,0.000000,0.430556,0.123733,1.000000
